-- phpMyAdmin SQL Dump
-- version 5.2.0
-- https://www.phpmyadmin.net/
--
-- Host: db
-- Generation Time: Feb 24, 2023 at 06:59 AM
-- Server version: 8.0.31
-- PHP Version: 8.0.26

SET SQL_MODE = "NO_AUTO_VALUE_ON_ZERO";
START TRANSACTION;
SET time_zone = "+00:00";


/*!40101 SET @OLD_CHARACTER_SET_CLIENT=@@CHARACTER_SET_CLIENT */;
/*!40101 SET @OLD_CHARACTER_SET_RESULTS=@@CHARACTER_SET_RESULTS */;
/*!40101 SET @OLD_COLLATION_CONNECTION=@@COLLATION_CONNECTION */;
/*!40101 SET NAMES utf8mb4 */;

--
-- Database: `crs`
--

-- --------------------------------------------------------

--
-- Table structure for table `chat`
--

CREATE TABLE `chat` (
  `id` int NOT NULL,
  `user_a_id` int DEFAULT NULL,
  `user_b_id` int DEFAULT NULL
) ENGINE=InnoDB DEFAULT CHARSET=utf8mb4 COLLATE=utf8mb4_0900_ai_ci;

--
-- Dumping data for table `chat`
--

INSERT INTO `chat` (`id`, `user_a_id`, `user_b_id`) VALUES
(1, 1, 2),
(2, 1, 3),
(3, 1, 4),
(4, 1, 5),
(5, 1, 6),
(6, 1, 10),
(7, 12, 13),
(8, 1, 14),
(9, 1, 15),
(10, 1, 16),
(11, 1, 17),
(12, 1, 18),
(13, 1, 19),
(14, 1, 20),
(15, 1, 21),
(16, 1, 22),
(17, 1, 23),
(18, 1, 24),
(19, 1, 25),
(20, 1, 26),
(21, 1, 27),
(22, 1, 28),
(23, 1, 29),
(24, 1, 30),
(25, 1, 31),
(26, 1, 32),
(27, 1, 33),
(28, 1, 34),
(29, 1, 35),
(30, 1, 36),
(31, 1, 37),
(32, 1, 38),
(33, 1, 39),
(34, 1, 40),
(35, 1, 41),
(36, 1, 42),
(37, 1, 43),
(38, 1, 44),
(39, 1, 45),
(40, 1, 46),
(41, 1, 47),
(42, 1, 48),
(43, 1, 49);

-- --------------------------------------------------------

--
-- Table structure for table `extractEntity`
--

CREATE TABLE `extractEntity` (
  `id` int NOT NULL,
  `token` varchar(255) DEFAULT NULL,
  `word` text
) ENGINE=InnoDB DEFAULT CHARSET=utf8mb4 COLLATE=utf8mb4_0900_ai_ci;

--
-- Dumping data for table `extractEntity`
--

INSERT INTO `extractEntity` (`id`, `token`, `word`) VALUES
(37, 'I', ''),
(38, 'am', ''),
(39, 'looking', ''),
(40, 'for', ''),
(41, 'love', '<http://www.loverslabel.com/>'),
(42, 'movieI', ''),
(43, 'movie', '<http://dbpedia.org/resource/Date_Movie>'),
(44, 'funny', '<http://dbpedia.org/resource/Funny_Face>'),
(45, 'like', ''),
(46, 'it', ''),
(47, 'Do', ''),
(48, 'you', ''),
(49, 'have', ''),
(50, 'any', ''),
(51, 'action', '<http://dbpedia.org/resource/The_Attractions>'),
(52, 'recommend', '<http://dbpedia.org/resource/Recommended_Records>'),
(53, 'as', ''),
(54, 'well', ''),
(55, '?', ''),
(56, '.', ''),
(57, 'panda', '<http://dbpedia.org/resource/Pandacan>'),
(58, 'romance', '<http://dbpedia.org/resource/Romance_(1986_film)>'),
(59, 'hero', ''),
(60, 'seen', ''),
(61, 'these', ''),
(62, ',', ''),
(63, 'they', ''),
(64, 'are', ''),
(65, 'very', ''),
(66, 'good', ''),
(67, 'give', ''),
(68, 'another', '<http://dbpedia.org/resource/Not_Another_Happy_Ending>'),
(69, 'recommendation', ''),
(70, 'Great', '<http://dbpedia.org/resource/Great_Bowden>'),
(71, '!', ''),
(72, 'We', ''),
(73, 'share', ''),
(74, 'the', ''),
(75, 'same', ''),
(76, 'taste', '<http://dbpedia.org/resource/Bad_Taste>'),
(77, 'Train', '<http://dbpedia.org/resource/The_Strain>'),
(78, ':', ''),
(79, '1.', '168560'),
(80, '21.', '163215'),
(81, 'at', ''),
(82, '41.', '181414'),
(83, 'there', '<http://dbpedia.org/resource/Theresa_Park>'),
(84, '61.', '161609'),
(85, 'some', ''),
(86, '81.', '181414'),
(87, 'my', ''),
(88, '2.', '205906'),
(89, 'of', ''),
(90, '22.', '206022'),
(91, 'be', ''),
(92, '42.', '142684'),
(93, 'use', ''),
(94, '62.', '75962'),
(95, 'her', ''),
(96, '82.', '168256'),
(97, 'than', ''),
(98, '3.', '154483'),
(99, 'and', ''),
(100, '23.', '116723'),
(101, 'this', ''),
(102, '43.', '204334'),
(103, 'an', ''),
(104, '63.', '126347'),
(105, 'would', ''),
(106, '83.', '154483'),
(107, 'first', '<http://dbpedia.org/resource/First_Knight>'),
(108, '4.', '154483'),
(109, 'a', ''),
(110, '24.', '172492'),
(111, '44.', '154483'),
(112, 'each', ''),
(113, '64.', '176494'),
(114, 'make', ''),
(115, '84.', '142684'),
(116, 'water', '<http://dbpedia.org/resource/Roger_Waters>'),
(117, '5.', '168560'),
(118, 'to', ''),
(119, '25.', '168256'),
(120, 'from', ''),
(121, '45.', '204536'),
(122, 'which', ''),
(123, '65.', '87655'),
(124, '85.', '168560'),
(125, 'been', ''),
(126, '6.', '168560'),
(127, 'in', ''),
(128, '26.', '142684'),
(129, 'or', ''),
(130, '46.', '204466'),
(131, 'she', ''),
(132, '66.', '204466'),
(133, 'him', ''),
(134, '86.', '98687'),
(135, 'call', ''),
(136, '7.', '187075'),
(137, 'is', ''),
(138, '27.', '127123'),
(139, 'one', ''),
(140, '47.', '126347'),
(141, '67.', '167536'),
(142, 'into', ''),
(143, '87.', '187075'),
(144, 'who', ''),
(145, '8.', '168560'),
(146, '28.', '177283'),
(147, 'had', ''),
(148, '48.', '154483'),
(149, 'how', ''),
(150, '68.', '168560'),
(151, 'time', ''),
(152, '88.', '88002'),
(153, 'oil', ''),
(154, '9.', '205906'),
(155, 'that', ''),
(156, '29.', '158329'),
(157, 'by', ''),
(158, '49.', '188949'),
(159, 'their', ''),
(160, '69.', '205695'),
(161, 'has', ''),
(162, '89.', '188949'),
(163, 'its', ''),
(164, '10.', '104784'),
(165, '30.', '130376'),
(166, 'word', ''),
(167, '50.', '85750'),
(168, 'if', ''),
(169, '70.', '187075'),
(170, 'look', ''),
(171, '90.', '205906'),
(172, 'now', ''),
(173, '11.', '111717'),
(174, 'he', ''),
(175, '31.', '162317'),
(176, 'but', ''),
(177, '51.', '205124'),
(178, 'will', ''),
(179, '71.', '111717'),
(180, 'two', ''),
(181, '91.', '191480'),
(182, 'find', ''),
(183, '12.', '194412'),
(184, 'was', ''),
(185, '32.', '158329'),
(186, 'not', ''),
(187, '52.', '165240'),
(188, 'up', ''),
(189, '72.', '116723'),
(190, 'more', ''),
(191, '92.', '111292'),
(192, 'long', ''),
(193, '13.', '139903'),
(194, '33.', '129833'),
(195, 'what', ''),
(196, '53.', '167536'),
(197, 'other', '<http://dbpedia.org/resource/Rotherhithe>'),
(198, '73.', '77384'),
(199, 'write', '<http://dbpedia.org/resource/Screenwriter>'),
(200, '93.', '193762'),
(201, 'down', ''),
(202, '14.', '181414'),
(203, 'on', ''),
(204, '34.', '126347'),
(205, 'all', ''),
(206, '54.', '154483'),
(207, 'about', ''),
(208, '74.', '91074'),
(209, 'go', ''),
(210, '94.', '188949'),
(211, 'day', ''),
(212, '15.', '154483'),
(213, '35.', '205353'),
(214, 'were', ''),
(215, '55.', '87655'),
(216, 'out', ''),
(217, '75.', '187075'),
(218, 'see', ''),
(219, '95.', '205695'),
(220, 'did', ''),
(221, '16.', '168560'),
(222, '36.', '167536'),
(223, '56.', '168560'),
(224, 'many', ''),
(225, '76.', '87655'),
(226, 'number', '<http://dbpedia.org/resource/Lucky_Number_Slevin>'),
(227, '96.', '75962'),
(228, 'get', ''),
(229, '17.', '111717'),
(230, 'with', ''),
(231, '37.', '130376'),
(232, 'when', ''),
(233, '57.', '199257'),
(234, 'then', ''),
(235, '77.', '77384'),
(236, 'no', ''),
(237, '97.', '97228'),
(238, 'come', ''),
(239, '18.', '187075'),
(240, 'his', ''),
(241, '38.', '77384'),
(242, 'your', ''),
(243, '58.', '158329'),
(244, 'them', '<http://dbpedia.org/resource/Them!>'),
(245, '78.', '104784'),
(246, 'way', ''),
(247, '98.', '205981'),
(248, 'made', ''),
(249, '19.', '190402'),
(250, '39.', '139903'),
(251, 'can', ''),
(252, '59.', '205906'),
(253, '79.', '204579'),
(254, 'could', ''),
(255, '99.', '199257'),
(256, 'may', ''),
(257, '20', '205906'),
(258, '40.', '190402'),
(259, 'said', ''),
(260, '60.', '168560'),
(261, 'so', ''),
(262, '80.', '88002'),
(263, 'people', '<http://dbpedia.org/resource/Mende_people>'),
(264, '100.', '100683'),
(265, 'part', ''),
(266, 'Hi', ''),
(267, 'disney', '<http://dbpedia.org/resource/Roy_E._Disney>'),
(268, 'cute', ''),
(269, 'animal', '<http://dbpedia.org/resource/Animal_Planet>'),
(270, 'film', '<http://dbpedia.org/resource/Film>'),
(271, 'Cool', ''),
(272, 'Thank', ''),
(273, 'mystery', '<http://dbpedia.org/resource/Mystery,_Alaska>'),
(274, 'science', '<http://dbpedia.org/resource/Natural_Science>'),
(275, 'fiction', '<http://dbpedia.org/resource/Soft_science_fiction>'),
(276, 'Primary', '<http://dbpedia.org/resource/Birkenhead_Primary>'),
(277, 'genres', '<http://dbpedia.org/resource/Comedic_genres>'),
(278, 'include', '<http://dbpedia.org/resource/Batteries_Not_Included>'),
(279, 'adventure', '<http://dbpedia.org/resource/Adventure_novel>'),
(280, 'comedy', '<http://dbpedia.org/resource/Sketch_comedy>'),
(281, 'drama', '<http://dbpedia.org/resource/Period_drama>'),
(282, 'fantasy', '<http://dbpedia.org/resource/World_Fantasy_Award>'),
(283, 'horror', '<http://dbpedia.org/resource/Horror_and_terror>'),
(284, 'musicals', '<http://dbpedia.org/resource/Broadway_musicals>'),
(285, 'sports', '<http://dbpedia.org/resource/Sports_writer>'),
(286, 'thriller', '<http://dbpedia.org/resource/Techno-thriller>'),
(287, 'Western', '<http://dbpedia.org/resource/Sukiyaki_Western_Django>'),
(288, 'n\'t', ''),
(289, 'football', '<http://dbpedia.org/resource/Harry_McShane_(footballer)>'),
(290, 'sport', '<http://dbpedia.org/resource/ComedySportz>'),
(291, 'Please', '<http://dbpedia.org/resource/Donald_Pleasence__1>'),
(292, 'me', ''),
(293, 'something', '<http://dbpedia.org/resource/Something_Wicked_This_Way_Comes_(novel)>'),
(294, 'Exercise', ''),
(295, 'musical', '<http://dbpedia.org/resource/High_School_Musical>'),
(296, 'watch', '<http://dbpedia.org/resource/Watchmen>'),
(297, 'also', ''),
(298, '有', '有缘人（有缘人）'),
(299, '没有', '没有问题的我们'),
(300, '推荐', ''),
(301, '的', '愉快的假期'),
(302, '爱情', '爱情'),
(303, '电影', '天翻地覆（1952年香港电影）'),
(304, '呢', '你还有我呢'),
(305, '我', '我'),
(306, '喜欢', '我喜欢（同名歌曲）'),
(307, '看', '看书吧'),
(308, '呀', '爱啊哎呀，我愿意'),
(309, '恐怖', '恐怖'),
(310, '啊', '有啊'),
(311, '不', '不是所有'),
(312, '但', '但丁01'),
(313, '是', '不是所有'),
(314, '演', '张国荣热·情演唱会'),
(315, '员', '国家公务员考试'),
(316, '话', '大话神探'),
(317, '可', '朱可欣'),
(318, '以', '傻的可以'),
(319, '给', '我的双脚献给爸爸'),
(320, '你', '你好，忧愁'),
(321, '推', '极限推理'),
(322, '荐', ''),
(323, '。', '');

-- --------------------------------------------------------

--
-- Table structure for table `extractWord`
--

CREATE TABLE `extractWord` (
  `id` int NOT NULL,
  `token` varchar(255) DEFAULT NULL,
  `word` varchar(255) DEFAULT NULL
) ENGINE=InnoDB DEFAULT CHARSET=utf8mb4 COLLATE=utf8mb4_0900_ai_ci;

--
-- Dumping data for table `extractWord`
--

INSERT INTO `extractWord` (`id`, `token`, `word`) VALUES
(40, 'I', 'tainted'),
(41, 'am', 'rambo'),
(42, 'looking', 'looking_glass'),
(43, 'for', 'fortuneteller'),
(44, 'funny', 'funny'),
(45, 'movie', 'movie'),
(46, 'like', 'silklike'),
(47, 'it', 'limiting'),
(48, '.', ''),
(49, 'Do', 'doctors'),
(50, 'you', 'young_animal'),
(51, 'have', 'ha'),
(52, 'any', 'west_germany'),
(53, 'action', 'action'),
(54, 'recommend', 'recommend'),
(55, 'as', 'overcast'),
(56, 'well', 'well_mannered'),
(57, '?', ''),
(58, 'panda', 'panda'),
(59, 'romance', 'romance'),
(60, 'hero', 'hero'),
(61, 'seen', 'en'),
(62, 'these', 'theses'),
(63, ',', ''),
(64, 'they', ''),
(65, 'are', 'farecard'),
(66, 'very', 'livery'),
(67, 'good', 'goodness'),
(68, 'give', 'give_voice'),
(69, 'another', 'anther'),
(70, 'recommendation', 'recommendation'),
(71, 'Great', 'greats'),
(72, '!', ''),
(73, 'We', 'sweden'),
(74, 'share', 'share'),
(75, 'the', 'theses'),
(76, 'same', 'sameness'),
(77, 'taste', 'taste'),
(78, 'Train', 'train'),
(79, ':', ''),
(80, '1.', '1'),
(81, '21.', '21'),
(82, 'at', 'locations'),
(83, '41.', '1'),
(84, 'there', 'feathered'),
(85, '61.', '1'),
(86, 'some', 'handsome'),
(87, '81.', '8'),
(88, 'my', 'gloomy'),
(89, '2.', '2'),
(90, 'of', 'softer'),
(91, '22.', '22'),
(92, 'be', 'rubik\'s_cube'),
(93, '42.', '4'),
(94, 'use', 'mouse'),
(95, '62.', '2'),
(96, 'her', 'coming_together'),
(97, '82.', '8'),
(98, 'than', 'ha'),
(99, '3.', '3'),
(100, 'and', 'pins_and_needles'),
(101, '23.', '23'),
(102, 'this', ''),
(103, '43.', '4'),
(104, 'an', 'banquet'),
(105, '63.', '6'),
(106, 'would', 'ou'),
(107, '83.', '8'),
(108, 'first', 'fir'),
(109, '4.', '4'),
(110, 'a', 'montreal'),
(111, '24.', '24'),
(112, '44.', '4'),
(113, 'each', 'preacher'),
(114, '64.', '4'),
(115, 'make', 'holidaymaker'),
(116, '84.', '8'),
(117, 'water', 'water'),
(118, '5.', '5'),
(119, 'to', 'stop_car'),
(120, '25.', '25'),
(121, 'from', 'get_money_from'),
(122, '45.', '45'),
(123, 'which', 'ic'),
(124, '65.', '5'),
(125, '85.', '8'),
(126, 'been', 'en'),
(127, '6.', '6'),
(128, 'in', 'tainted'),
(129, '26.', '26th'),
(130, 'or', 'doctors'),
(131, '46.', '4'),
(132, 'she', 'distinguished'),
(133, '66.', '6'),
(134, 'him', 'chimerical'),
(135, '86.', '8'),
(136, 'call', 'call_for'),
(137, '7.', '7'),
(138, 'is', 'christians'),
(139, '27.', '27'),
(140, 'one', 'pocket_money'),
(141, '47.', '7'),
(142, '67.', '7'),
(143, 'into', 'mackintosh'),
(144, '87.', '8'),
(145, 'who', 'whoremaster'),
(146, '8.', '8'),
(147, '28.', '28'),
(148, 'had', 'ha'),
(149, '48.', '48'),
(150, 'how', 'game_show'),
(151, '68.', '8'),
(152, 'time', 'time'),
(153, '88.', '88'),
(154, 'oil', 'oil'),
(155, '9.', '9'),
(156, 'that', 'ha'),
(157, '29.', '9'),
(158, 'by', 'babysit'),
(159, '49.', '9'),
(160, 'their', ''),
(161, '69.', '9'),
(162, 'has', 'ha'),
(163, '89.', '89'),
(164, 'its', 'suits'),
(165, '10.', '0'),
(166, '30.', '30'),
(167, 'word', 'word'),
(168, '50.', '50'),
(169, 'if', 'cliff'),
(170, '70.', '70'),
(171, 'look', 'overlooked'),
(172, '90.', '90'),
(173, 'now', 'unbeknownst'),
(174, '11.', '11'),
(175, 'he', 'theses'),
(176, '31.', '31'),
(177, 'but', 'butcher'),
(178, '51.', '1'),
(179, 'will', 'williams'),
(180, '71.', '71'),
(181, 'two', 'hitwoman'),
(182, '91.', '91'),
(183, 'find', 'find_lost_item'),
(184, '12.', '12'),
(185, 'was', 'wa'),
(186, '32.', '2'),
(187, 'not', 'annotation'),
(188, '52.', '5'),
(189, 'up', 'come_up'),
(190, '72.', '72'),
(191, 'more', 'sycamore'),
(192, '92.', '92'),
(193, 'long', 'oblong'),
(194, '13.', '13'),
(195, '33.', '33'),
(196, 'what', 'ha'),
(197, '53.', '5'),
(198, 'other', 'bother'),
(199, '73.', '7'),
(200, 'write', 'write'),
(201, '93.', '9'),
(202, 'down', 'down_in_mouth'),
(203, '14.', '14'),
(204, 'on', 'montreal'),
(205, '34.', '4'),
(206, 'all', 'crystallography'),
(207, '54.', '5'),
(208, 'about', 'ut'),
(209, '74.', '7'),
(210, 'go', 'governmental'),
(211, '94.', '94'),
(212, 'day', 'day'),
(213, '15.', '15'),
(214, '35.', '5'),
(215, 'were', 'answered'),
(216, '55.', '5'),
(217, 'out', 'south_park'),
(218, '75.', '75'),
(219, 'see', 'seedling'),
(220, '95.', '9'),
(221, 'did', 'didactic'),
(222, '16.', '16'),
(223, '36.', '6'),
(224, '56.', '5'),
(225, 'many', 'west_germany'),
(226, '76.', '7'),
(227, 'number', 'ordinal_number'),
(228, '96.', '9'),
(229, 'get', 'forgetfulness'),
(230, '17.', '17'),
(231, 'with', 'with_child'),
(232, '37.', '7'),
(233, 'when', 'en'),
(234, '57.', '5'),
(235, 'then', 'en'),
(236, '77.', '77'),
(237, 'no', 'volcanology'),
(238, '97.', '97'),
(239, 'come', 'come_up'),
(240, '18.', '18'),
(241, 'his', 'unsophisticated'),
(242, '38.', '38'),
(243, 'your', 'ou'),
(244, '58.', '8'),
(245, 'them', 'thematic'),
(246, '78.', '8'),
(247, 'way', 'wa'),
(248, '98.', '98'),
(249, 'made', 'man_made'),
(250, '19.', '19'),
(251, '39.', '9'),
(252, 'can', 'volcanology'),
(253, '59.', '9'),
(254, '79.', '9'),
(255, 'could', 'ou'),
(256, '99.', '99'),
(257, 'may', 'ay'),
(258, '20', '20'),
(259, '40.', '40'),
(260, 'said', ''),
(261, '60.', '60'),
(262, 'so', 'south_park'),
(263, '80.', '80'),
(264, 'people', 'people'),
(265, '100.', '100'),
(266, 'part', 'participates'),
(267, 'Hi', 'high_sounding'),
(268, 'disney', 'disney'),
(269, 'cute', 'cute'),
(270, 'animal', 'animal'),
(271, 'film', 'film'),
(272, 'Cool', 'cool'),
(273, 'Thank', 'ha'),
(274, 'mystery', 'mystery'),
(275, 'science', 'science'),
(276, 'fiction', 'fiction'),
(277, 'Primary', 'primary'),
(278, 'genres', 'genres'),
(279, 'include', 'include'),
(280, 'adventure', 'adventure'),
(281, 'comedy', 'comedy'),
(282, 'drama', 'drama'),
(283, 'fantasy', 'fantasy'),
(284, 'horror', 'horror'),
(285, 'musicals', 'musicals'),
(286, 'sports', 'sports'),
(287, 'thriller', 'thriller'),
(288, 'Western', 'western'),
(289, 'n\'t', 'n\'t'),
(290, 'football', 'football'),
(291, 'sport', 'sport'),
(292, 'Please', 'pleased'),
(293, 'me', 'governmental'),
(294, 'something', 'somthing'),
(295, 'Exercise', 'exercise'),
(296, 'musical', 'musical'),
(297, 'watch', 'watch'),
(298, 'also', ''),
(299, 'love', 'love'),
(320, '。', ''),
(331, '有', '有'),
(332, '没有', '没有'),
(333, '推荐', '推荐'),
(334, '的', '好样儿的'),
(335, '恐怖', '恐怖'),
(336, '电影', '电影'),
(337, '呢', '花呢'),
(338, '爱情', '爱情'),
(339, '啊', '啊'),
(340, '我', '我'),
(341, '喜欢', '喜欢'),
(342, '看', '看'),
(343, '不', '不'),
(344, '但', '不但'),
(345, '是', '是'),
(346, '演', '演'),
(347, '员', '员'),
(348, '话', '话'),
(349, '可', '可'),
(350, '以', '以'),
(351, '给', '给'),
(352, '你', '你的最爱'),
(353, '推', '推'),
(354, '荐', '荐');

-- --------------------------------------------------------

--
-- Table structure for table `input_queue`
--

CREATE TABLE `input_queue` (
  `id` int NOT NULL,
  `chat_id` int DEFAULT NULL,
  `message` text,
  `user_id` int DEFAULT NULL,
  `language` varchar(255) NOT NULL DEFAULT 'ZH',
  `done` tinyint NOT NULL DEFAULT '0'
) ENGINE=InnoDB DEFAULT CHARSET=utf8mb4 COLLATE=utf8mb4_0900_ai_ci;

--
-- Dumping data for table `input_queue`
--

INSERT INTO `input_queue` (`id`, `chat_id`, `message`, `user_id`, `language`, `done`) VALUES
(3, 1, '我想要恐怖片', 2, 'ZH', 1),
(4, 1, '我想要恐怖片', 1, 'ZH', 1),
(5, 1, '我想要爱情电影', 2, 'ZH', 1),
(6, 1, '我想要爱情电影', 2, 'ZH', 1),
(7, 1, '我想要爱情电影', 2, 'ZH', 1),
(8, 1, 'action movie plz', 2, 'ZH', 1),
(9, 1, '我想要爱情电影', 2, 'ZH', 1),
(10, 2, '你好', 3, 'ZH', 1),
(11, 2, '哈哈哈', 3, 'ZH', 1),
(12, 2, '有电影推荐吗？', 3, 'ZH', 1),
(13, 2, '我爱你', 3, 'ZH', 1),
(14, 2, '我爱你', 3, 'ZH', 1),
(15, 2, '有动作片推荐吗？', 3, 'ZH', 1),
(16, 1, '有恐怖片推荐吗？', 2, 'ZH', 1),
(17, 2, '有动作片推荐吗？', 3, 'ZH', 1),
(18, 1, '我想要爱情电影', 2, 'ZH', 1),
(19, 2, '有动作片推荐吗', 3, 'ZH', 1),
(20, 1, '有婚姻片推荐吗', 2, 'ZH', 1),
(21, 1, '我想要婚姻片', 2, 'ZH', 1),
(22, 1, '谢谢你', 2, 'ZH', 1),
(23, 3, '你好我想要恐怖片', 4, 'ZH', 1),
(24, 3, '有其他爱情电影吗', 4, 'ZH', 1),
(25, 3, '我想要其他动作片', 4, 'ZH', 1),
(26, 2, 'I want action movie', 3, 'ZH', 1),
(27, 4, '我想要恐怖片', 5, 'ZH', 1),
(28, 5, '你好我想要恐怖片', 6, 'ZH', 1),
(29, 5, '我想要其他喜剧电影', 6, 'ZH', 1),
(30, 5, '有没有推荐的爱情电影', 6, 'ZH', 1),
(31, 6, '我想要爱情电影', 10, 'ZH', 1),
(32, 6, '我想要爱情电影', 10, 'ZH', 1),
(33, 6, '我想要爱情电影', 10, 'ZH', 1),
(34, 6, '我想要动作电影', 10, 'ZH', 1),
(35, 6, '我想要爱情动作电影', 10, 'ZH', 1),
(36, 6, '我想要动作电影', 10, 'ZH', 1),
(37, 6, '你好我想要恐怖片', 10, 'ZH', 1),
(38, 6, '有动作片推荐吗', 10, 'ZH', 1),
(39, 6, '我想要婚姻片', 10, 'ZH', 1),
(40, 6, '我想要恐怖片', 10, 'ZH', 1),
(41, 6, '我想要恐怖片', 10, 'ZH', 1),
(42, 6, 'Sound Good', 1, 'ZH', 1),
(43, 6, '我想要恐怖片', 10, 'ZH', 1),
(44, 6, 'I don\'t like it', 10, 'ZH', 1),
(45, 6, 'Sound Good', 10, 'ZH', 1),
(46, 6, '忘记了', 10, 'ZH', 1),
(47, 6, '我也想要恐怖片', 10, 'ZH', 1),
(48, 6, 'I don\'t like it', 10, 'ZH', 1),
(49, 6, 'Sound Good', 10, 'ZH', 1),
(50, 6, 'I don\'t like it', 10, 'ZH', 1),
(51, 6, '我喜欢保罗·吉亚玛提的片', 10, 'ZH', 1),
(52, 6, 'Sound Good', 10, 'ZH', 1),
(53, 6, '我不喜欢', 10, 'ZH', 1),
(54, 6, '我喜欢', 10, 'ZH', 1),
(55, 7, '你好', 13, 'ZH', 1),
(56, 7, '我喜欢', 13, 'ZH', 1),
(57, 6, '我想要恐怖片', 10, 'ZH', 1),
(58, 8, 'Hello', 14, 'ZH', 1),
(59, 8, '我喜欢', 14, 'ZH', 1),
(60, 8, '我喜欢', 14, 'ZH', 1),
(61, 8, 'Hello', 14, 'ZH', 1),
(62, 8, '我喜欢恐怖片', 14, 'ZH', 1),
(63, 8, '我喜欢', 14, 'ZH', 1),
(64, 8, '我喜欢恐怖片', 14, 'ZH', 1),
(65, 8, '我喜欢恐怖片', 14, 'ZH', 1),
(66, 8, '我喜欢恐怖片', 14, 'ZH', 1),
(67, 8, '我不喜欢', 14, 'ZH', 1),
(68, 8, '我不喜欢', 14, 'ZH', 1),
(69, 8, '我喜欢', 14, 'ZH', 1),
(70, 8, '我喜欢', 14, 'ZH', 1),
(71, 8, '我喜欢', 14, 'ZH', 1),
(72, 8, '我喜欢恐怖片', 14, 'ZH', 1),
(73, 8, '我喜欢', 14, 'ZH', 1),
(74, 8, '我享受恐怖片', 14, 'ZH', 1),
(75, 8, '有没有推荐的爱情电影', 14, 'ZH', 1),
(76, 8, '我喜欢恐怖片', 14, 'ZH', 1),
(77, 8, '有没有推荐的爱情电影', 14, 'ZH', 1),
(78, 8, '有没有推荐的爱情电影', 14, 'ZH', 1),
(79, 8, '我喜欢', 14, 'ZH', 1),
(80, 8, '你說得對', 14, 'ZH', 1),
(81, 8, '有没有推荐的爱情电影', 14, 'ZH', 1),
(82, 8, '我喜欢', 14, 'ZH', 1),
(83, 8, '有没有推荐的爱情电影', 14, 'ZH', 1),
(84, 9, '有没有推荐的爱情电影', 15, 'ZH', 1),
(85, 9, '有没有推荐的爱情电影', 15, 'ZH', 1),
(86, 9, '云上的日子（1995年法国米开朗基罗·安东尼奥尼执导电影）', 15, 'ZH', 1),
(87, 9, '有没有推荐的爱情电影', 15, 'ZH', 1),
(88, 9, '我喜欢', 15, 'ZH', 1),
(89, 10, '有没有推荐的恐怖电影', 16, 'ZH', 1),
(90, 10, '我喜欢', 16, 'ZH', 1),
(91, 11, '有没有推荐的爱情电影', 17, 'ZH', 1),
(92, 11, '我喜欢', 17, 'ZH', 1),
(93, 12, '有没有推荐的爱情电影', 18, 'ZH', 1),
(94, 12, '我喜欢', 18, 'ZH', 1),
(95, 13, '有没有推荐的爱情电影', 19, 'ZH', 1),
(96, 13, '我喜欢', 19, 'ZH', 1),
(97, 14, '有没有推荐的恐怖电影', 20, 'ZH', 1),
(98, 14, '我喜欢', 20, 'ZH', 1),
(99, 15, '有没有推荐的爱情电影', 21, 'ZH', 1),
(100, 15, '我喜欢', 21, 'ZH', 1),
(101, 16, '有没有推荐的恐怖电影', 22, 'ZH', 1),
(102, 17, '有没有推荐的恐怖电影', 23, 'ZH', 1),
(103, 18, '有没有推荐的爱情电影', 24, 'ZH', 1),
(104, 19, '有什么喜剧电影推荐吗', 25, 'ZH', 1),
(105, 19, '有什么喜剧电影推荐吗', 25, 'ZH', 1),
(106, 21, '我想看喜剧电影', 27, 'ZH', 1),
(107, 21, '我喜欢', 27, 'ZH', 1),
(108, 22, '我想看喜剧电影', 28, 'ZH', 1),
(109, 22, '我喜欢', 28, 'ZH', 1),
(110, 23, '我想看动作片', 29, 'ZH', 1),
(111, 23, '我不喜欢', 29, 'ZH', 1),
(112, 24, '我想看动作片', 30, 'ZH', 1),
(113, 25, 'Testing', 31, 'ZH', 1),
(114, 25, 'I am looking for horror movie', 31, 'ZH', 1),
(115, 25, 'horror', 31, 'ZH', 1),
(116, 25, 'How are you?', 31, 'ZH', 1),
(117, 25, 'I want some love movie.', 31, 'ZH', 1),
(118, 25, 'Hello how are you?', 31, 'ZH', 1),
(119, 25, 'Hello how are you?', 31, 'ZH', 1),
(120, 25, 'Hello I am looking for some comedy movie.', 31, 'ZH', 1),
(121, 25, 'I am looking for some comedy movie.', 31, 'ZH', 1),
(122, 25, 'Hello', 31, 'ZH', 1),
(123, 25, 'do you have any comedy movie recommendation?', 31, 'ZH', 1),
(124, 25, 'movie please?', 31, 'ZH', 1),
(125, 25, 'Hello I am looking for some comedy movie.', 31, 'ZH', 1),
(126, 25, 'I am looking for love movie.', 31, 'ZH', 1),
(127, 25, 'I am looking for love movie', 31, 'ZH', 1),
(128, 25, 'I am looking for love movie', 31, 'ZH', 1),
(129, 25, 'I am looking for love movie', 31, 'ZH', 1),
(130, 25, 'looking for love movie', 31, 'ZH', 1),
(131, 25, 'I am also looking for comedy anime.', 31, 'ZH', 1),
(132, 25, 'I am looking for comedy anime.', 31, 'ZH', 1),
(133, 25, 'I am looking for comedy anime.', 31, 'ZH', 1),
(134, 25, 'Is there any comedy movie?', 31, 'ZH', 1),
(135, 25, 'any funny movie recommend?', 31, 'ZH', 1),
(136, 25, 'I am looking for comedy movie.', 31, 'ZH', 1),
(137, 25, 'I am looking for comedy movie.', 31, 'ZH', 1),
(138, 25, 'I am looking for love movie.', 31, 'ZH', 1),
(139, 25, 'I am looking for love movie.', 31, 'ZH', 1),
(140, 25, 'any funny movie recommend?', 31, 'ZH', 1),
(141, 25, 'any funny movie recommend?', 31, 'ZH', 1),
(142, 25, 'any funny movie recommend?', 31, 'ZH', 1),
(143, 25, 'any funny movie recommend?', 31, 'ZH', 1),
(144, 25, 'any funny movie recommend?', 31, 'ZH', 1),
(145, 25, 'any funny movie recommend?', 31, 'ZH', 1),
(146, 25, 'any funny movie recommend?', 31, 'ZH', 1),
(147, 25, 'any funny movie recommend?', 31, 'ZH', 1),
(148, 25, 'any funny movie recommend?', 31, 'ZH', 1),
(149, 25, 'any funny movie recommend?', 31, 'ZH', 1),
(150, 25, 'any funny movie recommend?', 31, 'ZH', 1),
(151, 25, 'Hello how are you', 31, 'ZH', 1),
(152, 25, 'I am good thank you. I am looking for movies', 31, 'ZH', 1),
(153, 26, '我想看动作片', 32, 'ZH', 1),
(154, 26, '我想看动作片', 32, 'ZH', 1),
(155, 26, 'Hello How are you?', 32, 'ZH', 1),
(156, 26, 'Hello I am looking for movie', 32, 'ZH', 1),
(157, 26, 'Hello World', 32, 'ZH', 1),
(158, 26, 'Hello World', 32, 'ZH', 1),
(159, 26, 'Hello World', 32, 'ZH', 1),
(160, 26, 'Hello World', 32, 'ZH', 1),
(161, 26, 'Hello World', 32, 'ZH', 1),
(162, 26, 'Hello World', 32, 'ZH', 1),
(163, 26, 'Hello World', 32, 'EN', 1),
(164, 26, 'Hello World', 32, 'EN', 1),
(165, 26, 'How are you', 32, 'EN', 1),
(166, 26, '我想看动作片', 32, 'ZH', 1),
(167, 26, '我想看动作片', 32, 'ZH', 1),
(168, 26, 'I am looking for movies', 32, 'EN', 1),
(169, 26, 'I am looking for movies', 32, 'EN', 1),
(170, 26, 'Hello I am looking for funny movies', 32, 'EN', 1),
(171, 26, 'Hello I am looking for funny movies', 32, 'EN', 1),
(172, 26, 'funny movies?', 32, 'EN', 1),
(173, 26, 'Nice', 32, 'EN', 1),
(174, 26, 'do you have more movies?', 32, 'EN', 1),
(175, 26, 'Do you have nice films?', 32, 'EN', 1),
(176, 26, 'I am looking for some movies', 32, 'EN', 1),
(177, 26, 'I would like to watch a fantasy movie.', 32, 'EN', 1),
(178, 26, 'I have seen these, they are very good. Do you give another recommendation?', 32, 'EN', 1),
(179, 26, 'yes please', 32, 'EN', 1),
(180, 26, 'Great! We share the same taste.', 32, 'EN', 1),
(181, 26, 'I would like to watch an action movie.', 32, 'EN', 1),
(182, 26, 'I would like to watch an action movie.', 32, 'EN', 1),
(183, 26, 'I would like to watch a fantasy anime.', 32, 'EN', 1),
(184, 26, '我想看动作片', 32, 'ZH', 1),
(185, 26, 'Hello', 32, 'EN', 1),
(186, 26, '我想看动作片', 32, 'ZH', 1),
(187, 26, '我喜欢', 32, 'ZH', 1),
(188, 27, 'I am looking for action movie', 33, 'EN', 1),
(189, 27, 'I am looking for action movie', 33, 'EN', 1),
(190, 27, 'I have seen these, they are very good. Do you give another recommendation?', 33, 'EN', 1),
(191, 27, 'Great! We share the same taste.', 33, 'EN', 1),
(192, 28, 'I am looking for movie', 34, 'EN', 1),
(193, 28, 'I am looking for action movie', 34, 'EN', 1),
(194, 28, '我喜欢', 34, 'ZH', 1),
(195, 29, 'I am looking for action movie', 35, 'EN', 1),
(196, 29, 'I am looking for action movie', 35, 'EN', 1),
(197, 29, 'I am looking for action movie', 35, 'EN', 1),
(198, 29, 'I am looking for action movie', 35, 'EN', 1),
(199, 29, 'I am looking for action movie', 35, 'EN', 1),
(200, 29, 'I like it.', 35, 'EN', 1),
(201, 29, 'I have seen these, they are very good. Do you give another recommendation?', 35, 'EN', 1),
(202, 29, 'Great! We share the same taste.', 35, 'EN', 1),
(203, 30, 'I am looking for love movie', 36, 'EN', 1),
(204, 30, 'I like it', 36, 'EN', 1),
(205, 30, 'I have seen these, they are very good. Do you give another recommendation?', 36, 'EN', 1),
(206, 30, 'Do you have any any action movie recommend?', 36, 'EN', 1),
(207, 30, 'No do you have other action movie?', 36, 'EN', 1),
(208, 31, 'I am looking for love movieI am looking for love movie', 37, 'EN', 1),
(209, 31, 'I am looking for funny movie', 37, 'EN', 1),
(210, 31, 'I like it', 37, 'EN', 1),
(211, 31, 'Do you have any action movie recommend as well?', 37, 'EN', 1),
(212, 31, 'I am looking for funny movie', 37, 'EN', 1),
(213, 31, 'I am looking for funny movie', 37, 'EN', 1),
(214, 31, 'I am looking for funny movie', 37, 'EN', 1),
(215, 31, 'I like it. Do you have any action movie recommend as well?', 37, 'EN', 1),
(216, 31, 'I am looking for panda action movie.', 37, 'EN', 1),
(217, 31, 'I am looking for romance movie.', 37, 'EN', 1),
(218, 32, 'I am looking for funny hero movie', 38, 'EN', 1),
(219, 32, 'I have seen these, they are very good. Do you give another recommendation?', 38, 'EN', 1),
(220, 32, 'Great! We share the same taste.', 38, 'EN', 1),
(221, 33, 'Train: 1. the 	21. at 	41. there 	61. some 	81. my 2. of 	22. be 	42. use 	62. her 	82. than 3. and 	23. this 	43. an 	63. would 	83. first 4. a 	24. have 	44. each 	64. make 	84. water 5. to 	25. from 	45. which 	65. like 	85. been 6. in 	26. or 	46. she 	66. him 	86. call 7. is 	27. one 	47. do 	67. into 	87. who 8. you 	28. had 	48. how 	68. time 	88. oil 9. that 	29. by 	49. their 	69. has 	89. its 10. it 	30. word 	50. if 	70. look 	90. now 11. he 	31. but 	51. will 	71. two 	91. find 12. was 	32. not 	52. up 	72. more 	92. long 13. for 	33. what 	53. other 	73. write 	93. down 14. on 	34. all 	54. about 	74. go 	94. day 15. are 	35. were 	55. out 	75. see 	95. did 16. as 	36. we 	56. many 	76. number 	96. get 17. with 	37. when 	57. then 	77. no 	97. come 18. his 	38. your 	58. them 	78. way 	98. made 19. they 	39. can 	59. these 	79. could 	99. may 20. I 	40. said 	60. so 	80. people 	100. part', 39, 'EN', 1),
(222, 33, 'Hi I am looking for disney movie', 39, 'EN', 1),
(223, 33, 'I like it', 39, 'EN', 1),
(224, 33, 'Do you have other funny action movie?', 39, 'EN', 1),
(225, 33, 'I have seen this. Do you have any cute animal film?', 39, 'EN', 1),
(226, 33, 'Cool Thank you', 39, 'EN', 1),
(227, 34, 'Hi I am looking for mystery science fiction film', 40, 'EN', 1),
(228, 34, 'I have seen these, they are very good. Do you give another recommendation?', 40, 'EN', 1),
(229, 34, 'I like it thank you', 40, 'EN', 1),
(230, 35, 'Primary film genres include action, adventure, comedy, drama, fantasy, horror, musicals, mystery, romance, science fiction, sports, thriller, and Western.', 41, 'EN', 1),
(231, 35, 'Hi I am looking for horror film', 41, 'EN', 1),
(232, 35, 'I like it. Do you have another recommendation?', 41, 'EN', 1),
(233, 35, 'I like it', 41, 'EN', 1),
(234, 36, 'I am looking for sports movie', 42, 'EN', 1),
(235, 36, 'No I don\'t like it', 42, 'EN', 1),
(236, 36, 'I am looking for film about sports and football', 42, 'EN', 1),
(237, 36, 'sport film?', 42, 'EN', 1),
(238, 36, 'No. Please give me something about Science for Exercise and Sport', 42, 'EN', 1),
(239, 36, 'Fiction movie or film please', 42, 'EN', 1),
(240, 36, 'How about musical film?', 42, 'EN', 1),
(241, 37, 'I would like to watch a fantasy movie.', 43, 'EN', 1),
(242, 37, 'I like it', 43, 'EN', 1),
(243, 37, 'I would like to watch a fantasy movie.', 43, 'EN', 1),
(244, 37, 'I like it', 43, 'EN', 1),
(245, 37, 'do you have other recommendation?', 43, 'EN', 1),
(246, 37, 'I would like to watch a fantasy movie.', 43, 'EN', 1),
(247, 37, 'I like it. do you have other recommendation?', 43, 'EN', 1),
(248, 37, 'I like it. I am also looking for mystery science fiction film', 43, 'EN', 1),
(249, 37, 'I would like to watch a fantasy movie.', 43, 'EN', 1),
(250, 37, 'I would like to watch a fantasy movie.', 43, 'EN', 1),
(251, 37, 'I like it. do you have other recommendation?', 43, 'EN', 1),
(252, 37, 'I like it', 43, 'EN', 1),
(253, 37, 'I would like to watch a fantasy movie.', 43, 'EN', 1),
(254, 37, 'I like it', 43, 'EN', 1),
(255, 37, 'I like it. do you have other recommendation?', 43, 'EN', 1),
(256, 37, 'I would like to watch a fantasy movie.', 43, 'EN', 1),
(257, 37, 'I like it. Do you have any love movie as well?', 43, 'EN', 1),
(258, 37, 'I do not like it', 43, 'EN', 1),
(259, 37, 'I am looking for mystery science fiction film as well', 43, 'EN', 1),
(260, 37, 'I like it', 43, 'EN', 1),
(261, 38, '我想看动作片', 44, 'ZH', 1),
(262, 38, 'I like it', 44, 'EN', 1),
(263, 38, '有没有推荐的爱情电影', 44, 'ZH', 1),
(264, 38, '有没有推荐的爱情电影', 44, 'ZH', 1),
(265, 38, '我喜欢', 44, 'ZH', 1),
(266, 38, '我喜欢', 44, 'ZH', 1),
(267, 39, '有没有推荐的爱情电影', 45, 'ZH', 1),
(268, 40, 'I am looking for love movie', 46, 'EN', 1),
(269, 40, 'I do not like it', 46, 'EN', 1),
(270, 41, 'Hi I am looking for comedy movie', 47, 'EN', 1),
(271, 41, 'I like it', 47, 'EN', 1),
(272, 42, 'Hi I am looking for comedy movie', 48, 'EN', 1),
(273, 42, 'I like it. Do you have other recommendation?', 48, 'EN', 1),
(274, 42, 'I would like to watch a fantasy movie.', 48, 'EN', 1),
(275, 42, 'Hi I am looking for horror film', 48, 'EN', 1),
(276, 42, 'I like it. Do you have other recommendation?', 48, 'EN', 1),
(277, 42, 'Hi I am looking for horror film', 48, 'EN', 1),
(278, 43, '有没有推荐的恐怖电影', 49, 'ZH', 1),
(279, 43, '有没有推荐的恐怖电影', 49, 'ZH', 1),
(280, 43, '有没有推荐的爱情电影', 49, 'ZH', 1),
(281, 43, '有没有推荐的爱情电影', 49, 'ZH', 1),
(282, 43, 'I like it', 49, 'EN', 1),
(283, 43, '有没有推荐的爱情电影', 49, 'ZH', 1),
(284, 43, 'I like it', 49, 'EN', 1),
(285, 43, 'I like it', 49, 'EN', 1),
(286, 43, '有没有推荐的爱情电影', 49, 'ZH', 1),
(287, 43, '我喜欢', 49, 'ZH', 1),
(288, 43, '我不喜欢', 49, 'ZH', 1);

-- --------------------------------------------------------

--
-- Table structure for table `message`
--

CREATE TABLE `message` (
  `id` int NOT NULL,
  `chat_id` int DEFAULT NULL,
  `user_id` int DEFAULT NULL,
  `type` varchar(255) DEFAULT NULL,
  `content` text,
  `created_at` datetime NOT NULL DEFAULT CURRENT_TIMESTAMP
) ENGINE=InnoDB DEFAULT CHARSET=utf8mb4 COLLATE=utf8mb4_0900_ai_ci;

--
-- Dumping data for table `message`
--

INSERT INTO `message` (`id`, `chat_id`, `user_id`, `type`, `content`, `created_at`) VALUES
(1, 1, 2, 'text', '[Recommend]:\n卡里加里博士的小屋\n木乃伊（1999年斯蒂芬·索莫斯执导的电影）\n黑暗乡村\n灵幻夹克\n洛基恐怖秀\n四人餐桌\n美国黑帮\n盖棺了结\n诺斯费拉图（1979年维尔内纳·赫尔措格导演电影）\n费城故事（1940年乔治·丘克执导美国电影）\n', '2022-10-10 00:13:23'),
(2, 1, 2, 'text', '帮 我 把 这 个 小 妹 妹 换 衣 服 ， 可 是 我 有 点 吃 不 消 。', '2022-10-10 00:16:05'),
(3, 1, 1, 'text', '我想要恐怖片', '2022-10-10 00:22:31'),
(4, 1, 1, 'text', '[Recommend]:\n木乃伊（1999年斯蒂芬·索莫斯执导的电影）\n卡里加里博士的小屋\n旧日噩梦\n黑色安息日（意大利恐怖电影）\n新浪花金融道(0)\n致命切割\n鬼作秀2\n内陆（意大利2011年艾曼纽尔·克里亚勒斯执导电影）\n斯巴达克斯（2004年美国罗伯特·多恩海姆导演电影）\n重返奥兹国\n', '2022-10-10 00:23:05'),
(5, 1, 1, 'text', '还 有 租 车 的 时 候 太 难 骑 ， 太 怕 员 骄 傲 ， 想 要 搞 几 条 狗 ， 有 一 集 会 干', '2022-10-10 00:26:33'),
(6, 1, 1, 'text', '我想要爱情电影', '2022-10-10 00:33:46'),
(7, 1, 2, 'text', '[Recommend]:\n断背山（2005年李安执导美国电影）\n来电惊魂\n浓情巧克力（美国2000年朱丽叶·比诺什主演电影）\n神秘村\n堕入地狱\n花月佳期（1967年黄尧执导电影）\n见鬼\n战地情人\n绿卡（电影）\n湖边的少女\n', '2022-10-10 00:34:15'),
(8, 1, 2, 'text', '给 他 ， 让 他 软 玉 支 持 一 下 来 ， 让 他 软 玉 支 持 一 下 。', '2022-10-10 00:36:54'),
(9, 1, 1, 'text', '我想要爱情电影', '2022-10-10 00:44:03'),
(10, 1, 2, 'text', '[Recommend]:\n断背山（2005年李安执导美国电影）\n浓情巧克力（美国2000年朱丽叶·比诺什主演电影）\n猎头游戏\n当哈利遇到莎莉\n大叔，我爱你\n绿卡（电影）\n情书（1997年韩国电影）\n云上的日子（1995年法国米开朗基罗·安东尼奥尼执导电影）\n木乃伊（1999年斯蒂芬·索莫斯执导的电影）\n堕入地狱\n', '2022-10-10 00:44:30'),
(11, 1, 2, 'text', '找 男 朋 友 的 ， 但 是 他 的 心 都 有 了 ， 我 无 法 理 解 。', '2022-10-10 00:46:58'),
(12, 1, 1, 'text', '我想要爱情电影', '2022-10-10 00:49:07'),
(13, 1, 2, 'text', '[Recommend]:\n断背山（2005年李安执导美国电影）\n木乃伊（1999年斯蒂芬·索莫斯执导的电影）\n浓情巧克力（美国2000年朱丽叶·比诺什主演电影）\n神秘村\n绿卡（电影）\n云上的日子（1995年法国米开朗基罗·安东尼奥尼执导电影）\n爱情（1948年意大利电影）\n棺木\n圣体(2011)\n呼啸山庄（1954年版墨西哥电影）\n', '2022-10-10 00:49:35'),
(14, 1, 2, 'text', '却 偏 向 于 发 觉 他 非 常 珍 惜 ， 他 真 的 很 彻 底 ， 只 是 太 理 想 获 得 了 一 把', '2022-10-10 00:53:03'),
(15, 1, 1, 'text', 'action movie plz', '2022-10-10 00:53:22'),
(16, 1, 2, 'text', '[Recommend]:\n浓情巧克力（美国2000年朱丽叶·比诺什主演电影）\n怪兽电力公司\n罗马假日（1987年美国电视电影）\n两小无猜（2003年杨·塞谬尔导演电影）\n万有引力（2011年赵天宇导演电影）\n机器人之恋\n失乐园（张吉秀执导电影）\n米尔克（美国2008年Gus Van Sant执导电影）\n白雪公主斗牛记\n熊猫家族\n', '2022-10-10 00:53:51'),
(17, 1, 2, 'text', '。', '2022-10-10 00:54:18'),
(18, 1, 1, 'text', '我想要爱情电影', '2022-10-10 00:54:41'),
(19, 1, 2, 'text', '[Recommend]:\n小姐弟荒原历险\n花月佳期（1967年黄尧执导电影）\n浓情巧克力（美国2000年朱丽叶·比诺什主演电影）\n我心狂野（1990年大卫·林奇执导美国电影）\n大叔，我爱你\n怪物史莱克（2001年上映动画电影）\n理发师（2006年陈坤主演电影）\n咱们结婚吧（2015年刘江执导的爱情电影）\n来电惊魂\n当哈利遇到莎莉\n', '2022-10-10 00:55:09'),
(20, 1, 2, 'text', '一 般 都 是 按 照 一 定 程 度 的 ， 毕 竟 有 无 穷 无 穷 嘛 。', '2022-10-10 00:57:41'),
(21, 2, 1, 'text', '你好', '2022-10-12 22:42:34'),
(22, 2, 3, 'text', '[Recommend]:\n三十一\n美丽谎言（电影）\n内裤之穴\n猛鬼撞鬼\n罪与错\n魁拔Ⅲ战神崛起(2014)\n惊爆星期四\n雷诺阿（法国电影导演）\n九香\n三十八度\n', '2022-10-12 22:42:44'),
(23, 2, 3, 'text', '好 照 顾 自 己 的 小 女 孩 ， 哈 哈 哈 哈 哈 哈 哈 哈 哈 哈 哈 哈 哈 哈 哈 哈 哈 哈 哈', '2022-10-12 22:46:04'),
(24, 2, 1, 'text', '哈哈哈', '2022-10-12 22:48:00'),
(25, 2, 3, 'text', '[Recommend]:\n飞侠小白龙（1968年王风执导电影）\n幽灵僵尸\n三十八度\n魔棺\n莫小白的水怪日记\n生日快乐（2007年马楚成执导电影）\n迷失：过去，现在与未来(2008)\n败家仔\n“下次开船”港游记（1984年秦志钰执导电影）\n肥佬教授\n', '2022-10-12 22:48:09'),
(26, 2, 3, 'text', '哈 哈 哈 哈 哈 哈 哈 哈 哈 哈 哈 哈 哈 哈 哈 哈 哈 哈 哈 哈 哈 哈 哈 哈 哈 哈 哈 哈 哈', '2022-10-12 22:51:33'),
(27, 2, 1, 'text', '有电影推荐吗？', '2022-10-12 22:52:46'),
(28, 2, 3, 'text', '[Recommend]:\n穿越时光的地铁\n抗癌的我\n心底的逆流\n小城之春（1948年费穆执导电影）\n劳拉的星星（同名电影）\n移动迷宫3：死亡解药(2018)\n神父同志\n纽约，我爱你\n小马王\n狼的诱惑（韩国2004年姜栋元和李清娥主演爱情电影）\n', '2022-10-12 22:53:15'),
(29, 2, 1, 'text', '我爱你', '2022-10-12 22:55:06'),
(30, 2, 3, 'text', '[Recommend]:\n适合分手的季节\n幸福额度（2011年陈正道执导电影）\n伤心童话（2012年徐正超执导电影）\n烈火情人（英国1992年朱丽叶主演电影）\n酣歌畅戏\n台北异想\n暗恋桃花源（1992年林青霞主演电影）\n五百万美元的大丈夫\n天涯海角（1996年李志毅执导电影）\n新天生一对\n', '2022-10-12 22:55:29'),
(31, 2, 3, 'text', '的 我 吧 己 的 笑 。', '2022-10-12 22:56:31'),
(32, 2, 1, 'text', '我爱你', '2022-10-12 22:57:39'),
(33, 2, 3, 'text', '[Recommend]:\n酣歌畅戏\n傻瓜回忆录\n台北异想\n爆裂刑警\n冲向天外天\n适合分手的季节\n信天游（冯小宁执导电影）\n蒙娜丽莎（李缨执导电影）\n逆世界\n红河（2009年章家瑞执导电影）\n', '2022-10-12 22:58:02'),
(34, 2, 3, 'text', '的 爱 你 的 爱 你 的 爱 你 的 爱 我 的 爱 我 的 爱 我 的 爱 我 的 不 是 酸 ！', '2022-10-12 23:01:13'),
(35, 2, 1, 'text', '有动作片推荐吗？', '2022-10-12 23:02:09'),
(36, 1, 1, 'text', '有恐怖片推荐吗？', '2022-10-12 23:02:27'),
(37, 1, 2, 'text', '[Recommend]:\n双枪（2013年巴塔萨·科马库执导的美国电影）\n达拉斯买家俱乐部\n穿越时光的地铁\n杀破狼（2005年叶伟信执导电影）\n虎胆龙威5\n绝地战警2\n生死拳\n攻壳机动队SSS\n少林豪侠传\n剃头匠\n', '2022-10-12 23:02:36'),
(38, 2, 3, 'text', '[Recommend]:\n终结者2018\n终极斗士（1992年詹姆斯·马歇尔主演电影）\n双枪（2013年巴塔萨·科马库执导的美国电影）\n小城之春（1948年费穆执导电影）\n杀破狼（2005年叶伟信执导电影）\n武术之少年行\n皇家师姐2\n特工008\n剃头匠\n穿越时光的地铁\n', '2022-10-12 23:03:29'),
(39, 2, 1, 'text', '有动作片推荐吗？', '2022-10-12 23:04:32'),
(40, 1, 1, 'text', '我想要爱情电影', '2022-10-12 23:04:38'),
(41, 1, 2, 'text', '[Recommend]:\n云上的日子（1995年法国米开朗基罗·安东尼奥尼执导电影）\n断背山（2005年李安执导美国电影）\n浓情巧克力（美国2000年朱丽叶·比诺什主演电影）\n加勒比海盗3：世界的尽头\n绿卡（电影）\n廊桥遗梦（美国1995年克林特·伊斯特伍德执导爱情电影）\n婚姻生活（1970年弗朗索瓦·特吕弗导演电影）\n恋爱中的宝贝（2004年李少红执导电影）\n血与蜜之地\n命运呼叫转移\n', '2022-10-12 23:05:30'),
(42, 1, 2, 'text', '来 了 ， 你 有 什 么 指 望 吗 ？', '2022-10-12 23:06:54'),
(43, 2, 3, 'text', '[Recommend]:\n终结者2018\n武术之少年行\n通缉令（1984年金淑琪导演的电影）\n抗癌的我\n心底的逆流\n云上的日子（1995年法国米开朗基罗·安东尼奥尼执导电影）\n边境杀手\n剃头匠\n东方秃鹰\n变形金刚（2007年派拉蒙影业真人版电影）\n', '2022-10-12 23:07:20'),
(44, 2, 1, 'text', '有动作片推荐吗', '2022-10-12 23:08:26'),
(45, 2, 3, 'text', '[Recommend]:\n杀破狼（2005年叶伟信执导电影）\n武术之少年行\n拳霸（2003年拳霸系列电影的一部动作片）\n双枪（2013年巴塔萨·科马库执导的美国电影）\n机器人之恋\n狙击时刻(2014)\n公主日记2\n中环英雄（1991年香港电影）\n绝代双骄（1979年邵氏傅声、伍卫国主演的电影）\n虎胆龙威5\n', '2022-10-12 23:08:54'),
(46, 2, 3, 'text', '？', '2022-10-12 23:09:20'),
(47, 1, 1, 'text', '有婚姻片推荐吗', '2022-10-12 23:09:24'),
(48, 1, 2, 'text', '[Recommend]:\n当爱来的时候\n剃头匠\n婚姻生活（1970年弗朗索瓦·特吕弗导演电影）\n劳拉的星星（同名电影）\n心底的逆流\n游客（2014年法国喜剧电影）\n费城故事（1940年乔治·丘克执导美国电影）\n达拉斯买家俱乐部\n抗癌的我\n女友礼拜五\n', '2022-10-12 23:09:52'),
(49, 1, 2, 'text', '？', '2022-10-12 23:10:17'),
(50, 1, 1, 'text', '我想要婚姻片', '2022-10-12 23:10:56'),
(51, 1, 2, 'text', '[Recommend]:\n婚姻生活（1970年弗朗索瓦·特吕弗导演电影）\n泡妞达人\n游客（2014年法国喜剧电影）\n红楼梦Ⅲ 凤姐泼醋(0)\n萨凡纳（2013阿内特·霍华德-卡特导演美国电影）\n带子雄狼 父子连心(1972)\n我爱你（2011年秋昌民导演的韩国电影）\n杰克和露丝的情歌(2005)\n我的小小新娘\n卡米诺\n', '2022-10-12 23:11:28'),
(52, 1, 2, 'text', '， 你 帮 我 把 名 字 马 上 给 我 一 份 ， 我 不 贪 心 ， 我 不 太 担 心 ， 但 是 没 有', '2022-10-12 23:14:42'),
(53, 1, 1, 'text', '谢谢你', '2022-10-12 23:16:49'),
(54, 1, 2, 'text', '[Recommend]:\n天涯海角（1996年李志毅执导电影）\n泡妞达人\n我的小小新娘\n新郎上错床\n卡米诺\n女人的期待\n红楼梦Ⅲ 凤姐泼醋(0)\n冰血暴（美国1996年科恩兄弟执导电影）\n婚礼之后\n隔窗未了缘\n', '2022-10-12 23:17:04'),
(55, 1, 2, 'text', '， 我 要 我 心 情 不 安 ， 你 说 一 遍 不 激 的 。', '2022-10-12 23:18:54'),
(56, 3, 1, 'text', '你好我想要恐怖片', '2022-10-15 12:12:51'),
(57, 3, 4, 'text', '[Recommend]:\n木乃伊（1999年斯蒂芬·索莫斯执导的电影）\n卡里加里博士的小屋\n四人餐桌\n咒怨2 录像带版(2000)\n死寂（美国2007年詹姆斯·温执导电影）\n豹族(1942)\n超完美谋杀案\n洛基恐怖秀\n招魂（2005年大卫史密斯执导电影）\n致命切割\n', '2022-10-15 12:13:33'),
(58, 3, 4, 'text', '帮 我 把 这 个 老 失 败 告 一 下 ， 最 好 是 清 爽 的 那 种 带 来 了 灵 魂 无 穷 无 穷', '2022-10-15 12:17:21'),
(59, 3, 1, 'text', '有其他爱情电影吗', '2022-10-15 12:55:55'),
(60, 3, 4, 'text', '[Recommend]:\n神秘村\n致命切割\n旧日噩梦\n恋爱中的宝贝（2004年李少红执导电影）\n威尼斯疑魂\n盖棺了结\n机器人之恋\n罗马假日（1987年美国电视电影）\n三只猴子\n精灵鼠小弟（美国1999年E·B·怀特著童话改编好莱坞电影）\n', '2022-10-15 12:56:30'),
(61, 3, 4, 'text', '？', '2022-10-15 12:57:03'),
(62, 3, 1, 'text', '我想要其他动作片', '2022-10-15 12:57:44'),
(63, 3, 4, 'text', '[Recommend]:\n少林豪侠传\n碟中谍5：神秘国度(0)\n胖男孩快跑\n虎胆龙威（布鲁斯·威利斯主演虎胆龙威系列电影）\n蚁哥正传\n杀人三步曲\n虐童疑云\n僵尸大时代\n战士帮（1979年美国沃尔特·希尔执导电影）\n通缉令（1984年金淑琪导演的电影）\n', '2022-10-15 12:58:12'),
(64, 3, 4, 'text', '了 解 一 下 ， 不 太 真 实 ， 我 更 想 要 看 看 会 无 穷 好 吗 ？', '2022-10-15 13:00:42'),
(65, 2, 1, 'text', 'I want action movie', '2022-10-15 13:07:05'),
(66, 2, 3, 'text', '[Recommend]:\n悲惨世界（1934年的法国电影）\n列车惊魂\n亚特兰蒂斯之心（美国2001年斯科特·希克斯执导电影）\n火柴厂女工\n暗夜恐惧(0)\n简爱\n梦宅诡影\n跳支华尔兹\n我的童年（苏联1937年穆·顿斯柯依执导电影）\n小山回家\n', '2022-10-15 13:07:34'),
(67, 2, 3, 'text', '的 那 种 讲 脸 的 建 议 ， 毕 竟 血 溅 没 有 太 大 的 。', '2022-10-15 13:09:52'),
(68, 4, 1, 'text', '我想要恐怖片', '2022-10-15 14:27:21'),
(69, 4, 5, 'text', '[Recommend]:\n木乃伊（1999年斯蒂芬·索莫斯执导的电影）\n旧日噩梦\n独行杀手\n两杆大烟枪\n剃头匠\n命案目睹记(2004)\n非常舞者\n霓虹恶魔(2016)\n怒海沉尸\n暴饮暴食(1995)\n', '2022-10-15 14:27:55'),
(70, 4, 5, 'text', '， 你 就 得 逞 了 。', '2022-10-15 14:29:02'),
(71, 5, 1, 'text', '你好我想要恐怖片', '2022-10-15 14:31:26'),
(72, 5, 6, 'text', '[Recommend]:\n木乃伊（1999年斯蒂芬·索莫斯执导的电影）\n科学怪人（1910年的美国电影）\n伯爵夫人的耳环\n独行杀手\n旧日噩梦\n心理游戏（2004年汤浅政明执导日本动画电影）\n高潮\n杀人偶\n爱情万岁（周柏豪主演香港电影）\n蚁哥正传\n', '2022-10-15 14:32:07'),
(73, 5, 6, 'text', '。', '2022-10-15 14:32:47'),
(74, 5, 1, 'text', '我想要其他喜剧电影', '2022-10-15 14:37:31'),
(75, 5, 6, 'text', '[Recommend]:\n三个臭皮匠（帕特里克·华德执导电影）\n鬼妈妈（亨利·塞利克执导电影）\n心理游戏（2004年汤浅政明执导日本动画电影）\n来电惊魂\n伦巴（菲欧娜·戈登主演电影之一）\n战地情人\n死亡派对（2011年美国电影）\n大叔，我爱你\n火龙对决\n白色夹竹桃\n', '2022-10-15 14:38:05'),
(76, 5, 6, 'text', '。', '2022-10-15 14:38:38'),
(77, 5, 1, 'text', '有没有推荐的爱情电影', '2022-10-15 14:45:45'),
(78, 5, 6, 'text', '[Recommend]:\n鬼妈妈（亨利·塞利克执导电影）\n猎头游戏\n断背山（2005年李安执导美国电影）\n见鬼\n来电惊魂\n古镜怪谈\n三个臭皮匠（帕特里克·华德执导电影）\n年轻的亚当\n大白鲨（1978年美国吉诺特兹瓦克执导电影）\n我心狂野（1990年大卫·林奇执导美国电影）\n', '2022-10-15 14:46:26'),
(79, 5, 6, 'text', '。', '2022-10-15 14:47:05'),
(80, 6, 1, 'text', '我想要爱情电影', '2022-11-03 15:25:50'),
(81, 6, 10, 'text', '[Recommend]:\n婚姻生活（1970年弗朗索瓦·特吕弗导演电影）\n变形金刚（2007年派拉蒙影业真人版电影）\n加勒比海盗3：世界的尽头\n', '2022-11-03 15:26:17'),
(82, 6, 10, 'text', '来 了 ， 你 有 什 么 指 望 吗 ？', '2022-11-03 15:27:41'),
(83, 6, 1, 'text', '我想要爱情电影', '2022-11-03 15:31:21'),
(84, 6, 10, 'text', '[Recommend]:\n情书（1997年韩国电影）\n断背山（2005年李安执导美国电影）\n廊桥遗梦（美国1995年克林特·伊斯特伍德执导爱情电影）\n', '2022-11-03 15:31:49'),
(85, 6, 10, 'text', '[Response]:\n来 了 ， 你 有 什 么 指 望 吗 ？', '2022-11-03 15:33:15'),
(86, 6, 1, 'text', '我想要爱情电影', '2022-11-03 15:40:03'),
(87, 6, 10, 'text', '[Recommend]:\n云上的日子（1995年法国米开朗基罗·安东尼奥尼执导电影）\n断背山（2005年李安执导美国电影）\n血与蜜之地\n', '2022-11-03 15:40:32'),
(88, 6, 10, 'text', '[Response]:\n来 了 ， 你 有 什 么 指 望 吗 ？', '2022-11-03 15:41:57'),
(89, 6, 1, 'text', '我想要动作电影', '2022-11-03 15:44:01'),
(90, 6, 10, 'text', '[Recommend]:\n勇闯16街区\n', '2022-11-03 15:44:36'),
(91, 6, 10, 'text', '[Response]:\n来 了 ， 你 帮 我 一 起 看 呗 ， 我 正 在 想 怎 么 办 呢 ！', '2022-11-03 15:47:03'),
(92, 6, 1, 'text', '我想要爱情动作电影', '2022-11-03 16:18:29'),
(93, 6, 10, 'text', '[Recommend]:\n断背山（2005年李安执导美国电影）\n', '2022-11-03 16:19:03'),
(94, 6, 10, 'text', '[Response]:\n呢 ！', '2022-11-03 16:19:42'),
(95, 6, 1, 'text', '我想要动作电影', '2022-11-03 16:55:23'),
(96, 6, 10, 'text', '[Recommend]:\n通缉令（1984年金淑琪导演的电影）\n', '2022-11-03 16:55:58'),
(97, 6, 10, 'text', '[Response]:\n来 了 ， 你 帮 我 一 起 看 呗 ， 我 正 在 想 怎 么 办 呢 ！', '2022-11-03 16:58:23'),
(98, 6, 1, 'text', '你好我想要恐怖片', '2022-11-03 16:58:28'),
(99, 6, 10, 'text', '[Recommend]:\n木乃伊（1999年斯蒂芬·索莫斯执导的电影）\n', '2022-11-03 16:59:09'),
(100, 6, 10, 'text', '[Response]:\n的 照 片 ， 不 知 道 你 有 没 有 看 完 ， 我 很 想 要 。', '2022-11-03 17:01:37'),
(101, 6, 1, 'text', '有动作片推荐吗', '2022-11-03 17:02:08'),
(102, 6, 10, 'text', '[Recommend]:\n终结者2018\n', '2022-11-03 17:02:36'),
(103, 6, 10, 'text', '[Response]:\n？', '2022-11-03 17:03:02'),
(104, 6, 1, 'text', '我想要婚姻片', '2022-11-03 17:04:18'),
(105, 6, 10, 'text', '[Recommend]:\n杯酒人生\n', '2022-11-03 17:04:46'),
(106, 6, 10, 'text', '[Response]:\n！', '2022-11-03 17:05:13'),
(107, 6, 1, 'text', '我想要恐怖片', '2022-11-03 17:05:56'),
(108, 6, 10, 'text', '[Recommend]:\n剃头匠\n', '2022-11-03 17:06:31'),
(109, 6, 10, 'text', '[Response]:\n', '2022-11-03 17:07:05'),
(110, 6, 1, 'text', '我想要恐怖片', '2022-11-03 18:49:38'),
(111, 6, 10, 'text', '[Recommend]:\n木乃伊（1999年斯蒂芬·索莫斯执导的电影）\n', '2022-11-03 18:50:16'),
(112, 6, 10, 'recommend', '[Response]:\n帮 我 把 这 个 小 妹 妹 换 衣 服 ， 可 是 我 有 点 吃 不 消 。', '2022-11-03 18:53:03'),
(113, 6, 1, 'text', 'Sound Good', '2022-11-04 13:37:51'),
(114, 6, 1, 'text', '[Recommend]:\nA计划（中国1983年成龙执导的喜剧电影）\n', '2022-11-04 13:45:38'),
(115, 6, 1, 'recommend', '[Response]:\n忘 记 和 你 交 流 了 好 多 的 事 吗 ？', '2022-11-04 13:47:10'),
(116, 6, 1, 'text', '我想要恐怖片', '2022-11-04 13:48:54'),
(117, 6, 10, 'text', '[Recommend]:\n木乃伊（1999年斯蒂芬·索莫斯执导的电影）\n', '2022-11-04 13:50:21'),
(118, 6, 10, 'recommend', '[Response]:\n帮 我 把 这 个 小 妹 妹 换 衣 服 ， 可 是 我 有 点 吃 不 消 。', '2022-11-04 13:53:04'),
(119, 6, 1, 'text', 'I don\'t like it', '2022-11-04 13:53:09'),
(120, 6, 10, 'text', '[Recommend]:\n黑暗乡村\n', '2022-11-04 13:53:37'),
(121, 6, 10, 'recommend', '[Response]:\n淹 了 吧 哭 泣 一 个 我 的 大 猪 眼 ， 不 知 道 选 什 么 牌 子 。', '2022-11-04 13:56:20'),
(122, 6, 1, 'text', 'Sound Good', '2022-11-04 13:56:35'),
(123, 6, 10, 'text', '[Recommend]:\n死神来了2\n', '2022-11-04 13:56:49'),
(124, 6, 10, 'recommend', '[Response]:\n忘 记 丧 尸 了 吗 ？', '2022-11-04 13:57:44'),
(125, 6, 1, 'text', '忘记了', '2022-11-04 14:02:14'),
(126, 6, 10, 'text', '[Recommend]:\n隔山有眼2\n', '2022-11-04 14:02:29'),
(127, 6, 10, 'recommend', '[Response]:\n， 但 是 我 想 要 恐 怖 片 ！', '2022-11-04 14:03:36'),
(128, 6, 1, 'text', '我也想要恐怖片', '2022-11-04 14:04:46'),
(129, 6, 10, 'text', '[Recommend]:\nC 侦探\n', '2022-11-04 14:05:20'),
(130, 6, 10, 'recommend', '[Response]:\n。', '2022-11-04 14:05:54'),
(131, 6, 1, 'text', 'I don\'t like it', '2022-11-04 14:06:58'),
(132, 6, 10, 'text', '[Recommend]:\n鬼妈妈（亨利·塞利克执导电影）\n', '2022-11-04 14:07:27'),
(133, 6, 10, 'recommend', '[Response]:\n了 ， 但 是 没 看 够 ， 倒 是 有 点 吃 ， 有 点 吃 不 惯 。', '2022-11-04 14:09:40'),
(134, 6, 1, 'text', 'Sound Good', '2022-11-04 14:10:17'),
(135, 6, 10, 'text', '[Recommend]:\n小猪妈仔\n', '2022-11-04 14:10:32'),
(136, 6, 10, 'recommend', '[Response]:\n。', '2022-11-04 14:10:46'),
(137, 6, 1, 'text', 'I don\'t like it', '2022-11-04 14:10:49'),
(138, 6, 10, 'text', '[Recommend]:\n来电惊魂\n', '2022-11-04 14:11:18'),
(139, 6, 10, 'recommend', '[Response]:\n膜 膜 ！', '2022-11-04 14:11:59'),
(140, 6, 1, 'text', '我喜欢保罗·吉亚玛提的片', '2022-11-04 14:53:41'),
(141, 6, 10, 'text', '[Recommend]:\n第一夫人\n', '2022-11-04 14:54:18'),
(142, 6, 10, 'recommend', '[Response]:\n子 ， 我 喜 欢 金 匮 植 。', '2022-11-04 14:55:41'),
(143, 6, 1, 'text', 'Sound Good', '2022-11-04 15:14:21'),
(144, 6, 10, 'text', '[Recommend]:\n十月（1928年前苏联电影）\n', '2022-11-04 15:14:35'),
(145, 6, 10, 'recommend', '[Response]:\n。', '2022-11-04 15:14:49'),
(146, 6, 1, 'text', '我不喜欢', '2022-11-04 15:22:28'),
(147, 6, 10, 'text', '[Recommend]:\n湖边的少女\n', '2022-11-04 15:22:49'),
(148, 6, 10, 'recommend', '[Response]:\n违 花 薄 草 。', '2022-11-04 15:23:36'),
(149, 6, 1, 'text', '我喜欢', '2022-11-04 15:41:51'),
(150, 6, 10, 'text', '[Recommend]:\n看不见的客人\n', '2022-11-04 15:42:06'),
(151, 6, 10, 'recommend', '[Response]:\n金 · 纠 泽 。', '2022-11-04 15:42:40'),
(152, 7, 12, 'text', '你好', '2022-11-04 15:51:23'),
(153, 7, 13, 'text', '[Recommend]:\n幸福额度（2011年陈正道执导电影）\n', '2022-11-04 15:51:31'),
(154, 7, 13, 'recommend', '[Response]:\n徽 茵 衬 衫 裙 水 。', '2022-11-04 15:52:18'),
(155, 7, 12, 'text', '我喜欢', '2022-11-04 15:52:54'),
(156, 7, 13, 'text', '[Recommend]:\n三幕悲剧（1986年美国电视电影）\n', '2022-11-04 15:53:09'),
(157, 7, 13, 'recommend', '[Response]:\n违 花 羡 情 ， 我 喜 欢 ， 那 是 驱 捉 戛 然 开 朗 ~ 戛 然 开 朗 ~', '2022-11-04 15:55:29'),
(158, 6, 1, 'text', '我想要恐怖片', '2022-11-04 16:02:20'),
(159, 6, 10, 'text', '[Recommend]:\n布杜落水遇救记\n', '2022-11-04 16:02:54'),
(160, 6, 10, 'recommend', '[Response]:\n伤 害 你 好 點 意 思 ， 伐 嫌 弃 我 要 酋 旺 包 ， 你 太 不 可 能 酱 紫 了 。 你 要 是', '2022-11-04 16:06:17'),
(161, 8, 1, 'text', 'Hello', '2022-12-11 21:37:49'),
(162, 8, 14, 'text', '[Recommend]:\nA计划（中国1983年成龙执导的喜剧电影）\n', '2022-12-15 20:12:45'),
(163, 8, 14, 'recommend', '[Response]:\n照 顾 老 人 的 感 觉 是 不 是 很 美', '2022-12-15 20:13:37'),
(164, 8, 1, 'text', '我喜欢', '2022-12-15 20:31:46'),
(165, 8, 14, 'text', '[Recommend]:\n冰血暴（美国1996年科恩兄弟执导电影）\n', '2022-12-15 20:31:57'),
(166, 8, 14, 'recommend', '[Response]:\n的 东 西 ， 我 今 天 去 吃 了 两 个 晚 饭 ， 还 在 家 里 大 吃 大 喝 喝 了 好 久 吃 了', '2022-12-15 20:34:15'),
(167, 8, 1, 'text', '我喜欢', '2022-12-15 20:41:53'),
(168, 8, 14, 'text', '[Recommend]:\n52赫兹，我爱你\n', '2022-12-15 20:42:21'),
(169, 8, 14, 'recommend', '[Response]:\n的 东 西 ， 我 今 天 去 吃 了 两 个 晚 饭 ， 还 在 家 里 大 吃 大 喝 喝 了 好 久 吃 了', '2022-12-15 20:44:24'),
(170, 8, 1, 'text', 'Hello', '2022-12-15 20:46:20'),
(171, 8, 14, 'text', '[Recommend]:\nA计划（中国1983年成龙执导的喜剧电影）\n', '2022-12-15 20:46:41'),
(172, 8, 14, 'recommend', '[Response]:\n照 顾 老 人 的 感 觉 是 不 是 很 美', '2022-12-15 20:47:46'),
(173, 8, 1, 'text', '我喜欢恐怖片', '2022-12-15 20:48:33'),
(174, 8, 14, 'text', '[Recommend]:\n双面玛莎\n', '2022-12-15 20:49:01'),
(175, 8, 14, 'recommend', '[Response]:\n的 照 片 呢 ， 这 是 我 最 喜 欢 的 第 一 次 看 。', '2022-12-15 20:50:17'),
(176, 8, 1, 'text', '我喜欢', '2022-12-15 20:50:42'),
(177, 8, 14, 'text', '[Recommend]:\n致命切割\n', '2022-12-15 20:50:55'),
(178, 8, 14, 'recommend', '[Response]:\n的 。', '2022-12-15 20:51:12'),
(179, 8, 1, 'text', '我喜欢恐怖片', '2022-12-15 20:52:40'),
(180, 8, 14, 'text', '[Recommend]:\n战士帮（1979年美国沃尔特·希尔执导电影）\n', '2022-12-15 20:52:56'),
(181, 8, 14, 'recommend', '[Response]:\n的 照 片 呢 ， 这 是 我 最 喜 欢 的 第 一 次 看 。', '2022-12-15 20:53:11'),
(182, 8, 1, 'text', '我喜欢恐怖片', '2022-12-15 20:54:58'),
(183, 8, 14, 'text', '[Recommend]:\n致命切割\n', '2022-12-15 20:55:14'),
(184, 8, 14, 'recommend', '[Response]:\n的 照 片 呢 ， 这 是 我 最 喜 欢 的 第 一 次 看 。', '2022-12-15 20:55:29'),
(185, 8, 1, 'text', '我喜欢恐怖片', '2022-12-15 21:02:41'),
(186, 8, 14, 'text', '[Recommend]:\n致命切割\n', '2022-12-15 21:02:56'),
(187, 8, 14, 'recommend', '[Response]:\n的 照 片 ， 没 有 血 腥 。', '2022-12-15 21:03:08'),
(188, 8, 1, 'text', '我不喜欢', '2022-12-15 21:03:55'),
(189, 8, 14, 'text', '[Recommend]:\n双面玛莎\n', '2022-12-15 21:04:10'),
(190, 8, 14, 'recommend', '[Response]:\n， 但 是 我 感 觉 他 们 都 是 给 我 彻 底 享 受 各 种 类 型 的 。', '2022-12-15 21:04:23'),
(191, 8, 1, 'text', '我不喜欢', '2022-12-15 21:06:59'),
(192, 8, 14, 'text', '[Recommend]:\n婚姻生活（1970年弗朗索瓦·特吕弗导演电影）\n', '2022-12-15 21:07:34'),
(193, 8, 14, 'recommend', '[Response]:\n的 东 西 ， 你 也 是 有 捕 获 的 ， 都 是 有 眼 光 的 ， 都 是 有 爱 哇 ， 你 知 道 怎', '2022-12-15 21:07:49'),
(194, 8, 1, 'text', '我喜欢', '2022-12-15 21:10:23'),
(195, 8, 14, 'text', '[Recommend]:\n电锯惊魂（2004年电锯惊魂系列电影第一部）\n', '2022-12-15 21:10:33'),
(196, 8, 14, 'recommend', '[Response]:\n的 东 西 ， 我 们 去 旅 行 吧 ， 我 们 去 植 物 园 它 是 护 士 ！', '2022-12-15 21:10:43'),
(197, 8, 1, 'text', '我喜欢', '2022-12-15 21:10:58'),
(198, 8, 14, 'text', '[Recommend]:\n雨人（1969年美国电影）\n', '2022-12-15 21:11:09'),
(199, 8, 14, 'recommend', '[Response]:\n这 个 东 西 ， 我 喜 欢 这 个 东 西 ， 我 喜 欢 这 个 东 西 ， 我 喜 欢 这 个 季 节 奏', '2022-12-15 21:11:18'),
(200, 8, 1, 'text', '我喜欢', '2022-12-15 21:15:13'),
(201, 8, 14, 'text', '[Recommend]:\n为你钟情2\n', '2022-12-15 21:15:24'),
(202, 8, 14, 'recommend', '[Response]:\n', '2022-12-15 21:15:34'),
(203, 8, 1, 'text', '我喜欢恐怖片', '2022-12-15 21:16:04'),
(204, 8, 14, 'text', '[Recommend]:\n惊声尖叫3\n', '2022-12-15 21:16:18'),
(205, 8, 14, 'recommend', '[Response]:\n的 照 片 呢 ， 觉 得 好 像 我 以 前 看 过 一 样 。', '2022-12-15 21:16:30'),
(206, 8, 1, 'text', '我喜欢', '2022-12-15 21:44:27'),
(207, 8, 14, 'text', '[Recommend]:\n女人领地\n', '2022-12-17 20:29:25'),
(208, 8, 14, 'recommend', '[Response]:\n的 东 西 ， 我 今 天 去 吃 了 两 个 晚 饭 ， 还 在 家 里 大 吃 大 喝 喝 了 好 久 吃 了', '2022-12-17 20:29:34'),
(209, 8, 1, 'text', '我享受恐怖片', '2022-12-17 20:30:24'),
(210, 8, 14, 'text', '[Recommend]:\n豹族(1942)\n', '2022-12-17 20:30:45'),
(211, 8, 14, 'recommend', '[Response]:\n的 普 劝', '2022-12-17 20:31:03'),
(212, 8, 1, 'text', '有没有推荐的爱情电影', '2022-12-17 21:04:22'),
(213, 8, 14, 'text', '[Recommend]:\n浓情巧克力（美国2000年朱丽叶·比诺什主演电影）\n', '2022-12-17 21:04:51'),
(214, 8, 14, 'recommend', '[Response]:\n呢 ？', '2022-12-17 21:05:19'),
(215, 8, 1, 'text', '我喜欢恐怖片', '2022-12-17 21:44:02'),
(216, 8, 14, 'text', '[Recommend]:\n双面玛莎\n', '2022-12-17 21:44:18'),
(217, 8, 14, 'text', 'https://img-v.6789.com/covers/3f/ae/89001.jpg', '2022-12-17 21:44:19'),
(218, 8, 14, 'recommend', '[Response]:\n的 照 片 呢 ， 这 是 我 最 喜 欢 的 第 一 次 看 。', '2022-12-17 21:44:38'),
(219, 8, 1, 'text', '有没有推荐的爱情电影', '2022-12-17 21:47:42'),
(220, 8, 14, 'text', '[Recommend]:\n情书（1997年韩国电影）\n', '2022-12-17 21:48:09'),
(221, 8, 14, 'image', 'https://bkimg.cdn.bcebos.com/pic/42a98226cffc1e178a82b1d4aac4e103738da8774383?x-bce-process=image/crop,x_0,y_0,w_1187,h_1583/resize,m_lfit,h_436,limit_1/quality,Q_70', '2022-12-17 21:48:10'),
(222, 8, 14, 'recommend', '[Response]:\n呢 ？', '2022-12-17 21:48:37'),
(223, 8, 1, 'text', '有没有推荐的爱情电影', '2022-12-20 20:48:58'),
(224, 8, 14, 'text', '[Recommend]:\n情书（1997年韩国电影）\n', '2022-12-20 20:49:25'),
(225, 8, 14, 'image', 'https://bkimg.cdn.bcebos.com/pic/42a98226cffc1e178a82b1d4aac4e103738da8774383?x-bce-process=image/crop,x_0,y_0,w_1187,h_1583/resize,m_lfit,h_436,limit_1/quality,Q_70', '2022-12-20 20:49:26'),
(226, 8, 14, 'recommend', '[Response]:\n呢 ？', '2022-12-20 20:49:52'),
(227, 8, 1, 'text', '我喜欢', '2022-12-20 20:49:59'),
(228, 8, 14, 'text', '[Recommend]:\n骤雨（汤姆·菲茨杰拉德导演的电影）\n', '2022-12-20 20:50:10'),
(229, 8, 14, 'image', 'http://upload.wikimedia.org/wikipedia/commons/2/2f/Jessica_chastain_Cannes_2017_(cropped).jpg', '2022-12-20 20:50:10'),
(230, 8, 14, 'recommend', '[Response]:\n看 呢 ， 尤 其 是 那 种 很 美 的 动 画 片 ， 特 别 喜 欢 看 ， 里 面 带 着 笑 容 很 美', '2022-12-20 20:50:19'),
(231, 8, 1, 'text', '你說得對', '2022-12-20 20:53:15'),
(232, 8, 14, 'text', '[Recommend]:\n初恋战士\n', '2022-12-20 20:53:35'),
(233, 8, 14, 'text', 'https://upload.wikimedia.org/wikipedia/zh/thumb/2/25/Warrior_Nun_poster.jpg/220px-Warrior_Nun_poster.jpg', '2022-12-20 20:53:36'),
(234, 8, 14, 'recommend', '[Response]:\n玻 尿 酸 的 揭 帶 看 ?', '2022-12-20 20:53:53'),
(235, 8, 1, 'text', '有没有推荐的爱情电影', '2022-12-20 20:57:51'),
(236, 8, 14, 'text', '[Recommend]:\n云上的日子（1995年法国米开朗基罗·安东尼奥尼执导电影）\n', '2022-12-20 20:58:18'),
(237, 8, 14, 'image', 'https://upload.wikimedia.org/wikipedia/commons/thumb/c/c9/Michelangelo_Antonioni.jpg/200px-Michelangelo_Antonioni.jpg', '2022-12-20 20:58:19'),
(238, 8, 14, 'recommend', '[Response]:\n呢 ？', '2022-12-20 20:58:49'),
(239, 8, 1, 'text', '我喜欢', '2022-12-20 21:01:50'),
(240, 8, 14, 'text', '[Recommend]:\n恋爱中的宝贝（2004年李少红执导电影）\n', '2022-12-20 21:02:02'),
(241, 8, 14, 'image', 'https://pic3.zhimg.com/80/v2-28fb2b0e9a41e1ade3416c892d75510e_1440w.webp', '2022-12-20 21:02:03'),
(242, 8, 14, 'recommend', '[Response]:\n看 呢 ， 尤 其 是 那 种 很 美 的 动 画 片 ， 特 别 喜 欢 看 ， 里 面 带 着 笑 容 很 美', '2022-12-20 21:02:13'),
(243, 8, 1, 'text', '有没有推荐的爱情电影', '2022-12-20 21:15:17'),
(244, 8, 14, 'text', '[Recommend]:\n云上的日子（1995年法国米开朗基罗·安东尼奥尼执导电影）\n', '2022-12-20 21:15:44'),
(245, 8, 14, 'image', 'https://upload.wikimedia.org/wikipedia/commons/thumb/c/c9/Michelangelo_Antonioni.jpg/200px-Michelangelo_Antonioni.jpg', '2022-12-20 21:15:44'),
(246, 8, 14, 'text', '[Recommend]:\nA计划（中国1983年成龙执导的喜剧电影）\n', '2022-12-20 21:21:00'),
(247, 8, 14, 'image', 'https://d3tvwjfge35btc.cloudfront.net/Assets/07/053/L_p0017305307.jpg', '2022-12-20 21:21:01'),
(248, 8, 14, 'text', '[Recommend]:\n云上的日子（1995年法国米开朗基罗·安东尼奥尼执导电影）\n', '2022-12-26 15:04:56'),
(249, 8, 14, 'image', 'https://upload.wikimedia.org/wikipedia/commons/thumb/c/c9/Michelangelo_Antonioni.jpg/200px-Michelangelo_Antonioni.jpg', '2022-12-26 15:04:56'),
(250, 8, 14, 'recommend', '[Response]:\n呢 ？', '2022-12-26 15:05:19'),
(251, 9, 1, 'text', '有没有推荐的爱情电影', '2022-12-26 15:07:06'),
(252, 9, 15, 'text', '[Recommend]:\n断背山（2005年李安执导美国电影）\n', '2022-12-26 15:07:31'),
(253, 9, 15, 'image', 'https://pic4.zhimg.com/80/v2-9a04000ee8e7efcfd054e9f0645049ab_1440w.webp', '2022-12-26 15:07:32'),
(254, 9, 15, 'recommend', '[Response]:\n呀 ？', '2022-12-26 15:07:55'),
(255, 9, 1, 'text', '有没有推荐的爱情电影', '2022-12-26 15:12:28'),
(256, 9, 15, 'text', '[Recommend]:\n云上的日子（1995年法国米开朗基罗·安东尼奥尼执导电影）\n', '2022-12-26 15:12:52'),
(257, 9, 15, 'image', 'https://journal.yinfor.com/assets_c/2019/05/laoshihao-thumb-autox560-288.jpg', '2022-12-26 15:12:52'),
(258, 9, 15, 'recommend', '[Response]:\n呢 ？', '2022-12-26 15:13:15'),
(259, 9, 1, 'text', '云上的日子（1995年法国米开朗基罗·安东尼奥尼执导电影）', '2022-12-26 15:16:06'),
(260, 9, 15, 'text', '[Recommend]:\n蝴蝶（1975年瑞典电影）\n', '2022-12-26 15:16:38'),
(261, 9, 15, 'image', 'https://upload.wikimedia.org/wikipedia/zh/thumb/4/4d/Se_Jie_poster.jpg/220px-Se_Jie_poster.jpg', '2022-12-26 15:16:39'),
(262, 9, 15, 'recommend', '[Response]:\n我 有 看 场 戏 还 有 看 场 戏 还 有 待 意 ， 你 要 不 要 看 看 ？', '2022-12-26 15:17:09'),
(263, 9, 1, 'text', '有没有推荐的爱情电影', '2022-12-26 15:18:55'),
(264, 9, 15, 'text', '[Recommend]:\n战地情人\n', '2022-12-26 15:19:20'),
(265, 9, 15, 'image', 'https://gw.alicdn.com/imgextra/i3/680241233/O1CN01PSj1of1Kyl6xvoCUB_!!0-item_pic.jpg_Q75.jpg_.webp', '2022-12-26 15:19:21'),
(266, 9, 15, 'recommend', '[Response]:\n呢 ？', '2022-12-26 15:19:44'),
(267, 9, 1, 'text', '我喜欢', '2022-12-26 15:19:51'),
(268, 9, 15, 'text', '[Recommend]:\n云上的日子（1995年法国米开朗基罗·安东尼奥尼执导电影）\n', '2022-12-26 15:20:01'),
(269, 9, 15, 'image', 'http://www.sinaimg.cn/ent/m/2007-07-31/U1344P28T3D1659011F326DT20070731180952.jpg', '2022-12-26 15:20:01'),
(270, 9, 15, 'recommend', '[Response]:\n看 呢 ， 尤 其 是 那 种 很 美 的 动 画 片 ， 特 别 喜 欢 看 ， 里 面 带 着 笑 容 很 美', '2022-12-26 15:20:10'),
(271, 10, 1, 'text', '有没有推荐的恐怖电影', '2022-12-26 15:23:07'),
(272, 10, 16, 'text', '[Recommend]:\n卡里加里博士的小屋\n', '2022-12-26 15:23:30'),
(273, 10, 16, 'image', 'https://img01.sogoucdn.com/v2/thumb/resize/w/258/h/360/t/0/retype/ext/auto/q/75?appid=200839', '2022-12-26 15:23:30'),
(274, 10, 16, 'recommend', '[Response]:\n呢 ？', '2022-12-26 15:23:53'),
(275, 10, 1, 'text', '我喜欢', '2022-12-26 15:24:03'),
(276, 10, 16, 'text', '[Recommend]:\n致命切割\n', '2022-12-26 15:24:12'),
(277, 10, 16, 'image', 'https://upload.wikimedia.org/wikipedia/zh/5/54/Slice_movie.jpg', '2022-12-26 15:24:12'),
(278, 10, 16, 'recommend', '[Response]:\n看 呢 ， 尤 其 是 那 种 香 ， 你 知 道 的 那 种 看 了 会 更 有', '2022-12-26 15:24:21'),
(279, 11, 1, 'text', '有没有推荐的爱情电影', '2022-12-26 15:24:54'),
(280, 11, 17, 'text', '[Recommend]:\n木乃伊（1999年斯蒂芬·索莫斯执导的电影）\n', '2022-12-26 15:25:17'),
(281, 11, 17, 'image', 'https://img03.sogoucdn.com/v2/thumb/retype_exclude_gif/ext/auto/crop/xy/ai/w/1284/h/722?appid=200698', '2022-12-26 15:25:18'),
(282, 11, 17, 'recommend', '[Response]:\n啊 ？', '2022-12-26 15:25:40'),
(283, 11, 1, 'text', '我喜欢', '2022-12-26 15:26:34'),
(284, 11, 17, 'text', '[Recommend]:\n湖边的少女\n', '2022-12-26 15:26:43'),
(285, 11, 17, 'image', 'https://img01.sogoucdn.com/v2/thumb/resize/w/258/h/360/t/0/retype/ext/auto/q/75?appid=200839', '2022-12-26 15:26:44'),
(286, 11, 17, 'recommend', '[Response]:\n！', '2022-12-26 15:26:51'),
(287, 12, 1, 'text', '有没有推荐的爱情电影', '2022-12-26 15:27:43'),
(288, 12, 18, 'text', '[Recommend]:\n断背山（2005年李安执导美国电影）\n', '2022-12-26 15:28:07'),
(289, 12, 18, 'image', 'https://d3tvwjfge35btc.cloudfront.net/Assets/09/492/L_p0028349209.jpg', '2022-12-26 15:28:08'),
(290, 12, 18, 'recommend', '[Response]:\n呢 ？', '2022-12-26 15:28:30'),
(291, 12, 1, 'text', '我喜欢', '2022-12-26 15:29:18'),
(292, 12, 18, 'text', '[Recommend]:\n恋爱中的宝贝（2004年李少红执导电影）\n', '2022-12-26 15:29:28'),
(293, 12, 18, 'image', 'https://p2.itc.cn/images01/20210330/235315b7d1ab4161809a9cfe5cbecd9f.jpeg', '2022-12-26 15:29:29'),
(294, 12, 18, 'recommend', '[Response]:\n看 呢 ， 尤 其 是 那 种 很 美 的 动 画 片 ， 特 别 喜 欢 看 ， 里 面 带 着 笑 容 很 美', '2022-12-26 15:29:37'),
(295, 13, 1, 'text', '有没有推荐的爱情电影', '2023-01-01 23:09:07'),
(296, 13, 19, 'text', '[Recommend]:\n断背山（2005年李安执导美国电影）\n', '2023-01-01 23:09:32'),
(297, 13, 19, 'image', 'https://d3tvwjfge35btc.cloudfront.net/Assets/09/492/L_p0028349209.jpg', '2023-01-01 23:09:33'),
(298, 13, 19, 'recommend', '[Response]:\n呢 ？', '2023-01-01 23:09:57'),
(299, 13, 1, 'text', '我喜欢', '2023-01-01 23:10:22'),
(300, 13, 19, 'text', '[Recommend]:\n恋爱中的宝贝（2004年李少红执导电影）\n', '2023-01-01 23:10:32'),
(301, 13, 19, 'image', 'https://bkimg.cdn.bcebos.com/smart/a8ec8a13632762d09aca2051aeec08fa503dc66c-bkimg-process,v_1,rw_1,rh_1,pad_1,color_ffffff?x-bce-process=image/format,f_auto', '2023-01-01 23:10:33'),
(302, 13, 19, 'recommend', '[Response]:\n看 呢 ， 尤 其 是 那 种 很 美 的 动 画 片 ， 特 别 喜 欢 看 ， 里 面 带 着 笑 容 很 美', '2023-01-01 23:10:42'),
(303, 14, 1, 'text', '有没有推荐的恐怖电影', '2023-01-01 23:10:46'),
(304, 14, 20, 'text', '[Recommend]:\n断背山（2005年李安执导美国电影）\n', '2023-01-01 23:11:09'),
(305, 14, 20, 'image', 'https://d3tvwjfge35btc.cloudfront.net/Assets/09/492/L_p0028349209.jpg', '2023-01-01 23:11:09'),
(306, 14, 20, 'recommend', '[Response]:\n有 点 好 看 的 ， 我 想 看 了 ， 就 是 不 太 懂 什 么 叫 有 感 觉 的 ， 我 不 太 感 兴', '2023-01-01 23:11:32'),
(307, 14, 1, 'text', '我喜欢', '2023-01-01 23:11:56'),
(308, 14, 20, 'text', '[Recommend]:\n致命切割\n', '2023-01-01 23:12:07'),
(309, 14, 20, 'image', 'https://upload.wikimedia.org/wikipedia/zh/5/54/Slice_movie.jpg', '2023-01-01 23:12:07'),
(310, 14, 20, 'recommend', '[Response]:\n！', '2023-01-01 23:12:15'),
(311, 15, 1, 'text', '有没有推荐的爱情电影', '2023-01-01 23:13:05'),
(312, 15, 21, 'text', '[Recommend]:\n浓情巧克力（美国2000年朱丽叶·比诺什主演电影）\n', '2023-01-01 23:13:29'),
(313, 15, 21, 'image', 'https://bkimg.cdn.bcebos.com/pic/e49cf911f0f96397a7ef3fcc?x-bce-process=image/resize,m_lfit,w_353,h_500,limit_0/quality,Q_90', '2023-01-01 23:13:29'),
(314, 15, 21, 'recommend', '[Response]:\n。', '2023-01-01 23:13:52'),
(315, 15, 1, 'text', '我喜欢', '2023-01-01 23:21:50'),
(316, 15, 21, 'text', '[Recommend]:\n致命切割\n', '2023-01-01 23:22:00'),
(317, 15, 21, 'image', 'https://upload.wikimedia.org/wikipedia/zh/5/54/Slice_movie.jpg', '2023-01-01 23:22:00'),
(318, 15, 21, 'recommend', '[Response]:\n！', '2023-01-01 23:22:10'),
(319, 16, 1, 'text', '有没有推荐的恐怖电影', '2023-01-01 23:27:37'),
(320, 16, 22, 'text', '[Recommend]:\n木乃伊（1999年斯蒂芬·索莫斯执导的电影）\n', '2023-01-01 23:28:03'),
(321, 16, 22, 'image', 'https://img03.sogoucdn.com/v2/thumb/retype_exclude_gif/ext/auto/crop/xy/ai/w/1284/h/722?appid=200698', '2023-01-01 23:28:04'),
(322, 17, 1, 'text', '有没有推荐的恐怖电影', '2023-01-01 23:28:16'),
(323, 17, 23, 'recommend', '[Response]:\n呢 ？', '2023-01-01 23:28:29'),
(324, 16, 22, 'text', '[Recommend]:\n木乃伊（1999年斯蒂芬·索莫斯执导的电影）\n', '2023-01-01 23:28:55'),
(325, 16, 22, 'image', 'https://img03.sogoucdn.com/v2/thumb/retype_exclude_gif/ext/auto/crop/xy/ai/w/1284/h/722?appid=200698', '2023-01-01 23:28:55'),
(326, 16, 22, 'recommend', '[Response]:\n呀 ？', '2023-01-01 23:29:21'),
(327, 18, 1, 'text', '有没有推荐的爱情电影', '2023-01-01 23:32:20'),
(328, 18, 24, 'text', '[Recommend]:\n木乃伊（1999年斯蒂芬·索莫斯执导的电影）\n', '2023-01-01 23:32:46'),
(329, 18, 24, 'image', 'https://img03.sogoucdn.com/v2/thumb/retype_exclude_gif/ext/auto/crop/xy/ai/w/1284/h/722?appid=200698', '2023-01-01 23:32:46'),
(330, 18, 24, 'recommend', '[Response]:\n呢 ？', '2023-01-01 23:33:10'),
(331, 19, 1, 'text', '有什么喜剧电影推荐吗', '2023-01-01 23:34:19'),
(332, 19, 25, 'text', '[Recommend]:\n致命切割\n', '2023-01-01 23:34:44'),
(333, 19, 25, 'image', 'https://upload.wikimedia.org/wikipedia/zh/5/54/Slice_movie.jpg', '2023-01-01 23:34:45'),
(334, 19, 25, 'recommend', '[Response]:\n', '2023-01-01 23:35:08'),
(335, 19, 1, 'text', '有什么喜剧电影推荐吗', '2023-01-01 23:35:59'),
(336, 19, 25, 'text', '[Recommend]:\n东成西就（1993年刘镇伟执导电影）\n', '2023-01-01 23:36:24'),
(337, 19, 25, 'image', 'https://p8.itc.cn/images01/20220811/7a078e595e104b26a7c9be2c488dbf5a.jpeg', '2023-01-01 23:36:25'),
(338, 19, 25, 'recommend', '[Response]:\n？', '2023-01-01 23:36:49'),
(339, 21, 1, 'text', '我想看喜剧电影', '2023-01-01 23:37:36'),
(340, 21, 27, 'text', '[Recommend]:\n两杆大烟枪\n', '2023-01-01 23:37:58'),
(341, 21, 27, 'image', 'https://upload.wikimedia.org/wikipedia/zh/2/2f/Lock,_Stock_and_Two_Smoking_Barrels.jpg', '2023-01-01 23:37:59'),
(342, 21, 27, 'recommend', '[Response]:\n有 好 多 主 要 是 想 看 主 要 是 想 看 类 的 剧 照 但 是 都 有 点 摸 奇 的 那 种 。', '2023-01-01 23:38:19'),
(343, 21, 1, 'text', '我喜欢', '2023-01-01 23:39:36'),
(344, 21, 27, 'text', '[Recommend]:\n两杆大烟枪\n', '2023-01-01 23:39:45'),
(345, 21, 27, 'image', 'https://upload.wikimedia.org/wikipedia/zh/2/2f/Lock,_Stock_and_Two_Smoking_Barrels.jpg', '2023-01-01 23:39:46'),
(346, 21, 27, 'recommend', '[Response]:\n看 有 好 看 的 ， 一 会 儿 就 发 现 这 部 电 影 的 口 头 有 好 多 了 。', '2023-01-01 23:39:54'),
(347, 22, 1, 'text', '我想看喜剧电影', '2023-01-01 23:43:40'),
(348, 22, 28, 'text', '[Recommend]:\n两杆大烟枪\n', '2023-01-01 23:44:00'),
(349, 22, 28, 'image', 'https://upload.wikimedia.org/wikipedia/zh/2/2f/Lock,_Stock_and_Two_Smoking_Barrels.jpg', '2023-01-01 23:44:01'),
(350, 22, 28, 'recommend', '[Response]:\n了 ， 你 知 道 吗 ？ 我 知 道 大 家 都 在 看 ， 看 完 之 后 好 困 惑 了 ， 想 要 看 了', '2023-01-01 23:44:21'),
(351, 22, 1, 'text', '我喜欢', '2023-01-01 23:44:49'),
(352, 22, 28, 'text', '[Recommend]:\n两杆大烟枪\n', '2023-01-01 23:46:11'),
(353, 22, 28, 'image', 'https://upload.wikimedia.org/wikipedia/zh/2/2f/Lock,_Stock_and_Two_Smoking_Barrels.jpg', '2023-01-01 23:46:11'),
(354, 22, 28, 'recommend', '[Response]:\n看 一 下 分 析 才 能 鉴 定 一 切 ， 才 想 回 去 ！', '2023-01-01 23:46:20'),
(355, 23, 1, 'text', '我想看动作片', '2023-01-01 23:48:17'),
(356, 23, 29, 'text', '[Recommend]:\n两杆大烟枪\n', '2023-01-01 23:48:35'),
(357, 23, 29, 'image', 'https://upload.wikimedia.org/wikipedia/zh/2/2f/Lock,_Stock_and_Two_Smoking_Barrels.jpg', '2023-01-01 23:48:35'),
(358, 23, 29, 'recommend', '[Response]:\n真 正 规 署 。', '2023-01-01 23:48:51'),
(359, 23, 1, 'text', '我不喜欢', '2023-01-01 23:48:55'),
(360, 23, 29, 'text', '[Recommend]:\n早安（1959年小津安二郎执导日本电影）\n', '2023-01-01 23:49:21'),
(361, 23, 29, 'image', 'https://pic.baike.soso.com/ugc/baikepic2/22125/cut-20180925081203-327833880_jpg_595_396_34056.jpg/1284', '2023-01-01 23:49:22'),
(362, 23, 29, 'recommend', '[Response]:\n， 但 是 我 是 彻 头 彻 脑 洞 太 大 ， 觉 得 不 敢 看 这 个 ， 我 有 点 儿 胆 了 ， 我', '2023-01-01 23:49:34'),
(363, 24, 1, 'text', '我想看动作片', '2023-01-02 21:45:18'),
(364, 24, 30, 'text', '[Recommend]:\n赶尽杀绝（2007年迈克尔戴维斯执导电影）\n', '2023-01-02 21:45:36'),
(365, 24, 30, 'image', 'https://pic.baike.soso.com/ugc/baikepic2/19203/20220723161404-149495213_png_1222_815_864213.jpg/1284', '2023-01-02 21:45:37'),
(366, 24, 30, 'recommend', '[Response]:\n吧 ， 你 知 道 吗 ？ 我 记 得 是 在 看 剧 才 跟 着 兴 趣 。', '2023-01-02 21:45:52'),
(367, 25, 1, 'text', 'Testing', '2023-01-11 14:08:48'),
(368, 25, 31, 'text', '<http://dbpedia.org/resource/The_Mysteries_of_Harris_Burdick>', '2023-01-22 20:05:59'),
(369, 25, 31, 'text', '__start__ @77455 type of movies are you looking for ? merry', '2023-01-22 20:06:12'),
(370, 25, 1, 'text', 'I am looking for horror movie', '2023-01-22 20:06:40'),
(371, 25, 31, 'text', '<http://dbpedia.org/resource/Cumbria>', '2023-01-22 20:07:36'),
(372, 25, 31, 'text', '__start__ What type of movie can you looking for ?', '2023-01-22 20:08:29'),
(373, 25, 1, 'text', 'horror', '2023-01-22 20:09:00'),
(374, 25, 31, 'text', '<http://dbpedia.org/resource/Cumbria>', '2023-01-22 20:09:17'),
(375, 25, 31, 'text', '__start__ Have type of movie do you too for ?', '2023-01-22 20:09:33'),
(376, 25, 1, 'text', 'How are you?', '2023-01-26 15:25:18'),
(377, 25, 31, 'text', '<http://dbpedia.org/resource/The_Mysteries_of_Harris_Burdick>', '2023-01-26 15:25:49'),
(378, 25, 31, 'text', '__start__ Hi type of movies do you looking for ?', '2023-01-26 15:26:12'),
(379, 25, 1, 'text', 'I want some love movie.', '2023-01-26 15:26:38'),
(380, 25, 31, 'text', '<http://dbpedia.org/resource/Cumbria>', '2023-01-26 15:27:21'),
(381, 25, 31, 'text', '__start__ wow type of movie do you looking for ?', '2023-01-26 15:28:04'),
(382, 25, 1, 'text', 'Hello how are you?', '2023-01-26 16:24:21'),
(383, 25, 31, 'text', '<http://dbpedia.org/resource/The_Mysteries_of_Harris_Burdick>', '2023-01-26 16:25:11'),
(384, 25, 31, 'text', '<http://dbpedia.org/resource/The_Mysteries_of_Harris_Burdick>', '2023-01-26 16:25:12'),
(385, 25, 31, 'text', '__start__ Hello kind of movies are you looking for ?', '2023-01-26 16:25:50'),
(386, 25, 1, 'text', 'Hello how are you?', '2023-01-26 16:26:27'),
(387, 25, 31, 'text', '<http://dbpedia.org/resource/The_Mysteries_of_Harris_Burdick>', '2023-01-26 16:27:17'),
(388, 25, 31, 'text', '<http://dbpedia.org/resource/The_Mysteries_of_Harris_Burdick>', '2023-01-26 16:27:19'),
(389, 25, 31, 'text', '__start__ Good kind of movie do you looking for ?', '2023-01-26 16:28:07'),
(390, 25, 1, 'text', 'Hello I am looking for some comedy movie.', '2023-01-26 16:30:16'),
(391, 25, 31, 'text', '<http://dbpedia.org/resource/Cumbria>', '2023-01-26 16:31:27'),
(392, 25, 31, 'text', '__start__ Hi ! love great for a great marathon marathon Have', '2023-01-26 16:32:37'),
(393, 25, 1, 'text', 'I am looking for some comedy movie.', '2023-01-26 16:37:41'),
(394, 25, 31, 'text', '<http://dbpedia.org/resource/Cumbria>', '2023-01-26 16:38:39'),
(395, 25, 31, 'text', '__start__ Have love great for a great marathon marathon Have', '2023-01-26 16:39:35'),
(396, 25, 1, 'text', 'Hello', '2023-01-26 16:39:59'),
(397, 25, 31, 'text', '<http://dbpedia.org/resource/Cumbria>', '2023-01-26 16:40:12'),
(398, 25, 31, 'text', '__start__ Sure !', '2023-01-26 16:40:24'),
(399, 25, 1, 'text', 'do you have any comedy movie recommendation?', '2023-01-26 16:43:44'),
(400, 25, 31, 'text', '<http://dbpedia.org/resource/Cumbria>', '2023-01-26 16:45:00'),
(401, 25, 31, 'text', '__start__ wow n\'t like an popcorn recommendations recommendations ?', '2023-01-26 16:46:09'),
(402, 25, 1, 'text', 'movie please?', '2023-01-26 16:46:37'),
(403, 25, 31, 'text', '<http://dbpedia.org/resource/Cumbria>', '2023-01-26 16:47:04'),
(404, 25, 31, 'text', '__start__ Have seeker too', '2023-01-26 16:47:29'),
(405, 25, 1, 'text', 'Hello I am looking for some comedy movie.', '2023-01-26 16:54:18'),
(406, 25, 31, 'text', '<http://dbpedia.org/resource/Cumbria>', '2023-01-26 16:55:32'),
(407, 25, 31, 'text', '__start__ Have ! love great for a popcorn recommendations marathon Have', '2023-01-26 16:56:42'),
(408, 25, 1, 'text', 'I am looking for love movie.', '2023-01-26 16:57:48'),
(409, 25, 31, 'text', '<http://dbpedia.org/resource/Cumbria>', '2023-01-26 16:58:38'),
(410, 25, 31, 'text', '__start__ I assume assuming for an comedy marathon Have', '2023-01-26 16:59:28'),
(411, 25, 1, 'text', 'I am looking for love movie', '2023-01-26 17:01:51'),
(412, 25, 31, 'text', '<http://dbpedia.org/resource/Cumbria>', '2023-01-26 17:02:39'),
(413, 25, 31, 'text', '__start__ Hi love assuming for an anime !', '2023-01-26 17:03:25'),
(414, 25, 1, 'text', 'I am looking for love movie', '2023-01-26 17:06:16'),
(415, 25, 31, 'text', '<http://dbpedia.org/resource/Cumbria>', '2023-01-26 17:08:26'),
(416, 25, 31, 'text', '__start__ ok assume assuming for anime anime marathon', '2023-01-26 17:09:12'),
(417, 25, 1, 'text', 'I am looking for love movie', '2023-01-26 17:11:01'),
(418, 25, 31, 'text', '<http://dbpedia.org/resource/Cumbria>', '2023-01-26 17:11:51'),
(419, 25, 31, 'text', '__start__ ok love assuming for anime anime marathon', '2023-01-26 17:12:40'),
(420, 25, 1, 'text', 'looking for love movie', '2023-01-26 17:16:52'),
(421, 25, 31, 'text', '<http://dbpedia.org/resource/Cumbria>', '2023-01-26 17:17:33'),
(422, 25, 31, 'text', '__start__ @97413 for anime anime marathon', '2023-01-26 17:18:14'),
(423, 25, 1, 'text', 'I am also looking for comedy anime.', '2023-01-26 17:18:34'),
(424, 25, 31, 'text', '<http://dbpedia.org/resource/Cumbria>', '2023-01-26 17:19:32'),
(425, 25, 31, 'text', '__start__ Have love assuming sure for something and and Have', '2023-01-26 17:20:31'),
(426, 25, 1, 'text', 'I am looking for comedy anime.', '2023-01-26 17:28:10'),
(427, 25, 1, 'text', 'I am looking for comedy anime.', '2023-01-26 17:32:09'),
(428, 25, 31, 'text', '<http://dbpedia.org/resource/The_Mysteries_of_Harris_Burdick>', '2023-01-26 19:45:14'),
(429, 25, 31, 'text', '<http://dbpedia.org/resource/The_Mysteries_of_Harris_Burdick>', '2023-01-26 19:57:40'),
(430, 25, 31, 'text', '__start__ Hi love so for a and and Have', '2023-01-26 19:58:29'),
(431, 25, 31, 'text', '<http://dbpedia.org/resource/The_Mysteries_of_Harris_Burdick>', '2023-01-26 20:01:31'),
(432, 25, 31, 'text', '<http://dbpedia.org/resource/The_Mysteries_of_Harris_Burdick>', '2023-01-26 20:02:48'),
(433, 25, 31, 'text', '<http://dbpedia.org/resource/The_Mysteries_of_Harris_Burdick>', '2023-01-26 20:06:11'),
(434, 25, 31, 'text', '__start__ Hello \'m so for a and and Have', '2023-01-26 20:06:59'),
(435, 25, 1, 'text', 'Is there any comedy movie?', '2023-01-26 20:07:49'),
(436, 25, 31, 'text', '<http://dbpedia.org/resource/Cumbria>', '2023-01-26 20:08:35'),
(437, 25, 31, 'text', '__start__ Have that you other recommendations you', '2023-01-26 20:09:17'),
(438, 25, 1, 'text', 'any funny movie recommend?', '2023-01-26 20:18:47'),
(439, 25, 31, 'text', '<http://dbpedia.org/resource/Cumbria>', '2023-01-26 20:19:31'),
(440, 25, 31, 'text', '__start__ Have preference you you me', '2023-01-26 20:20:15'),
(441, 25, 1, 'text', 'I am looking for comedy movie.', '2023-01-26 20:20:32'),
(442, 25, 31, 'text', '<http://dbpedia.org/resource/Cumbria>', '2023-01-26 20:21:25'),
(443, 25, 31, 'text', '__start__ Have love great for an too marathon', '2023-01-26 20:22:16'),
(444, 25, 1, 'text', 'I am looking for comedy movie.', '2023-01-26 20:27:05'),
(445, 25, 31, 'text', '<http://dbpedia.org/resource/Cumbria>', '2023-01-26 20:27:56'),
(446, 25, 31, 'text', '__start__ I am looking for comedy movie .', '2023-01-26 20:28:46'),
(447, 25, 1, 'text', 'I am looking for love movie.', '2023-01-26 20:32:11'),
(448, 25, 31, 'text', '<http://dbpedia.org/resource/Cumbria>', '2023-01-26 20:33:01'),
(449, 25, 31, 'text', '__start__ wow assume assuming for a anime recommendations Have', '2023-01-26 20:33:51'),
(450, 25, 1, 'text', 'I am looking for love movie.', '2023-01-26 20:35:01'),
(451, 25, 31, 'text', '<http://dbpedia.org/resource/Cumbria>', '2023-01-26 20:35:53'),
(452, 25, 31, 'text', '__start__ Have love assuming for a anime marathon Have', '2023-01-26 20:36:43'),
(453, 25, 1, 'text', 'any funny movie recommend?', '2023-01-26 20:38:15'),
(454, 25, 31, 'text', '<http://dbpedia.org/resource/Cumbria>', '2023-01-26 20:38:58'),
(455, 25, 31, 'text', '__start__ Have specific movies you me', '2023-01-26 20:39:40'),
(456, 25, 1, 'text', 'any funny movie recommend?', '2023-01-26 20:41:08'),
(457, 25, 1, 'text', 'any funny movie recommend?', '2023-01-26 20:41:08'),
(458, 25, 1, 'text', 'any funny movie recommend?', '2023-01-26 20:41:09'),
(459, 25, 1, 'text', 'any funny movie recommend?', '2023-01-26 20:41:09'),
(460, 25, 1, 'text', 'any funny movie recommend?', '2023-01-26 20:41:10'),
(461, 25, 1, 'text', 'any funny movie recommend?', '2023-01-26 20:41:10'),
(462, 25, 1, 'text', 'any funny movie recommend?', '2023-01-26 20:41:11'),
(463, 25, 1, 'text', 'any funny movie recommend?', '2023-01-26 20:41:11'),
(464, 25, 1, 'text', 'any funny movie recommend?', '2023-01-26 20:41:12'),
(465, 25, 1, 'text', 'any funny movie recommend?', '2023-01-26 20:41:12'),
(466, 25, 31, 'text', '<http://dbpedia.org/resource/Cumbria>', '2023-01-26 20:41:54'),
(467, 25, 31, 'text', '__start__ ok specific and marathon me', '2023-01-26 20:42:39'),
(468, 25, 31, 'text', '<http://dbpedia.org/resource/Cumbria>', '2023-01-26 20:43:21'),
(469, 25, 31, 'text', '__start__ Have specific movies choices me', '2023-01-26 20:44:04'),
(470, 25, 31, 'text', '<http://dbpedia.org/resource/Cumbria>', '2023-01-26 20:44:49'),
(471, 25, 31, 'text', '__start__ Have specific and you and', '2023-01-26 20:45:33'),
(472, 25, 31, 'text', '<http://dbpedia.org/resource/Cumbria>', '2023-01-26 20:46:19'),
(473, 25, 31, 'text', '__start__ Have specific ones marathon me', '2023-01-26 20:47:02'),
(474, 25, 31, 'text', '<http://dbpedia.org/resource/Cumbria>', '2023-01-26 20:47:47'),
(475, 25, 31, 'text', '__start__ Have specific movies marathon me', '2023-01-26 20:48:30'),
(476, 25, 31, 'text', '<http://dbpedia.org/resource/Cumbria>', '2023-01-26 20:49:14'),
(477, 25, 31, 'text', '__start__ Have specific and marathon ?', '2023-01-26 20:49:57'),
(478, 25, 31, 'text', '<http://dbpedia.org/resource/Cumbria>', '2023-01-26 20:50:43'),
(479, 25, 31, 'text', '__start__ Have specific and you me', '2023-01-26 20:51:26'),
(480, 25, 31, 'text', '<http://dbpedia.org/resource/Cumbria>', '2023-01-26 20:52:11'),
(481, 25, 31, 'text', '__start__ Have specific and and me', '2023-01-26 20:52:56'),
(482, 25, 31, 'text', '<http://dbpedia.org/resource/Cumbria>', '2023-01-26 20:53:41'),
(483, 25, 31, 'text', '__start__ I specific movies you me', '2023-01-26 20:54:24'),
(484, 25, 31, 'text', '<http://dbpedia.org/resource/Cumbria>', '2023-01-26 20:55:10'),
(485, 25, 31, 'text', '__start__ Have of ? please me', '2023-01-26 20:55:54'),
(486, 25, 1, 'text', 'Hello how are you', '2023-01-27 15:39:29'),
(487, 25, 31, 'text', '<http://dbpedia.org/resource/The_Mysteries_of_Harris_Burdick>', '2023-01-27 15:41:06'),
(488, 25, 31, 'text', '__start__ Hello ! are you ?', '2023-01-27 15:41:46'),
(489, 25, 1, 'text', 'I am good thank you. I am looking for movies', '2023-01-27 15:43:03'),
(490, 25, 31, 'text', '<http://dbpedia.org/resource/The_Mysteries_of_Harris_Burdick>', '2023-01-27 15:44:33'),
(491, 25, 31, 'text', '__start__ Have love great too you ! Have love so for a to', '2023-01-27 15:45:59'),
(492, 26, 1, 'text', '我想看动作片', '2023-01-27 21:20:50'),
(493, 26, 32, 'text', '[Recommend]:\n天地逃生\n', '2023-01-27 21:22:00'),
(494, 26, 32, 'image', 'https://upload.wikimedia.org/wikipedia/zh/thumb/d/d8/Gamer_poster.jpg/220px-Gamer_poster.jpg', '2023-01-27 21:22:00'),
(495, 26, 32, 'recommend', '[Response]:\n吧 ， 你 知 道 吗 ？ 我 记 得 是 在 看 剧 才 跟 着 兴 趣 。', '2023-01-27 21:22:16'),
(496, 26, 1, 'text', '我想看动作片', '2023-01-27 21:23:10'),
(497, 26, 32, 'text', '[Recommend]:\n赶尽杀绝（2007年迈克尔戴维斯执导电影）\n', '2023-01-27 21:23:40'),
(498, 26, 32, 'image', 'http://img1.gamersky.com/image2018/04/20180414_hc_44_3/image017_S.jpg', '2023-01-27 21:23:41'),
(499, 26, 32, 'recommend', '[Response]:\n吧 ， 你 知 道 我 知 道 的 。', '2023-01-27 21:23:56'),
(500, 26, 1, 'text', 'Hello How are you?', '2023-01-27 21:36:41'),
(501, 26, 32, 'text', '<http://dbpedia.org/resource/French_Sign_Language_family>', '2023-01-27 21:37:19'),
(502, 26, 32, 'text', '__start__ What ! about you ?', '2023-01-27 21:37:57'),
(503, 26, 1, 'text', 'Hello I am looking for movie', '2023-01-27 21:42:00'),
(504, 26, 32, 'text', '<http://dbpedia.org/resource/French_Sign_Language_family>', '2023-01-27 21:42:55'),
(505, 26, 32, 'text', '__start__ __start__ ! hope glad for something !', '2023-01-27 21:43:46'),
(506, 26, 1, 'text', 'Hello World', '2023-01-27 22:06:16'),
(507, 26, 1, 'text', 'Hello World', '2023-01-27 22:07:14'),
(508, 26, 1, 'text', 'Hello World', '2023-01-27 22:07:52'),
(509, 26, 1, 'text', 'Hello World', '2023-01-27 22:09:04'),
(510, 26, 1, 'text', 'Hello World', '2023-01-27 22:10:26'),
(511, 26, 1, 'text', 'Hello World', '2023-01-27 22:12:32'),
(512, 26, 1, 'text', 'Hello World', '2023-01-27 22:13:50'),
(513, 26, 32, 'text', '[Recommend]:\n两杆大烟枪\n', '2023-01-28 20:24:47'),
(514, 26, 32, 'image', 'https://upload.wikimedia.org/wikipedia/zh/2/2f/Lock,_Stock_and_Two_Smoking_Barrels.jpg', '2023-01-28 20:24:48'),
(515, 26, 32, 'recommend', '[Response]:\n温 暖 的 感 觉 是 不 是 很 美 好 呢 ？', '2023-01-28 20:24:52'),
(516, 26, 32, 'text', '[Recommend]:\n活埋（罗伯特·科特兹曼指导电影）\n', '2023-01-28 20:25:48'),
(517, 26, 32, 'image', 'https://upload.wikimedia.org/wikipedia/zh/thumb/6/67/Buried_Poster.jpg/220px-Buried_Poster.jpg', '2023-01-28 20:25:48'),
(518, 26, 32, 'recommend', '[Response]:\n的 揍 石 沉 石 就 木 有 狄 心 田 一 口 美 舒 服 。', '2023-01-28 20:25:56'),
(519, 26, 32, 'text', '[Recommend]:\nA计划（中国1983年成龙执导的喜剧电影）\n', '2023-01-28 20:27:56'),
(520, 26, 32, 'image', 'https://pic.baike.soso.com/ugc/baikepic2/1284/20221104104309-1441097113_jpeg_831_554_301789.jpg/1284', '2023-01-28 20:27:56'),
(521, 26, 32, 'recommend', '[Response]:\n夸 张 的 发 光 ， 还 有 一 种 别 式 美 丽 的 感 觉 ， 你 不 觉 得 像 张 青 毒 ， 表 着', '2023-01-28 20:28:05'),
(522, 26, 32, 'text', '[Recommend]:\n男国少年梦\n', '2023-01-28 20:29:56'),
(523, 26, 32, 'image', 'http://news.xinhuanet.com/fashion/2017-01/01/1120226527_14831691670511n.jpg', '2023-01-28 20:29:57'),
(524, 26, 32, 'recommend', '[Response]:\n么 ？', '2023-01-28 20:30:05'),
(525, 26, 32, 'text', '[Recommend]:\n莫里埃尔\n', '2023-01-28 20:30:18'),
(526, 26, 32, 'image', 'https://upload.wikimedia.org/wikipedia/zh/thumb/b/b1/Muriel1963.jpg/220px-Muriel1963.jpg', '2023-01-28 20:30:19'),
(527, 26, 32, 'recommend', '[Response]:\n下 的 抵 抗 力 是 不 吸 引 我 么 ？', '2023-01-28 20:30:27'),
(528, 26, 32, 'text', '[Recommend]:\n卢旺达饭店\n', '2023-01-28 20:31:19'),
(529, 26, 32, 'image', 'https://www.themoviedb.org/t/p/original/7okrglkcWenBy9SpScYvusmTyan.jpg', '2023-01-28 20:31:21'),
(530, 26, 32, 'recommend', '[Response]:\n是 不 吸 引 我 ， 太 當 断 。', '2023-01-28 20:31:29'),
(531, 26, 32, 'text', '[Recommend]:\n向日葵（2005年中国电影）\n', '2023-01-28 20:32:08'),
(532, 26, 32, 'image', 'https://n.sinaimg.cn/sinakd10121/572/w1572h2200/20220324/0c55-0a4f7850ebd0d504f3d3f9ccb4e535a2.jpg', '2023-01-28 20:32:08'),
(533, 26, 32, 'recommend', '[Response]:\n下 架 。', '2023-01-28 20:32:16'),
(534, 26, 1, 'text', 'Hello World', '2023-01-28 20:32:48'),
(535, 26, 32, 'text', '[Recommend]:\n夏洛特的网（美德2005年盖瑞·温尼克导演电影）\n', '2023-01-28 20:32:53'),
(536, 26, 32, 'image', 'https://bkimg.cdn.bcebos.com/smart/d1e312f417aafca07609d7f3-bkimg-process,v_1,rw_1,rh_1,pad_1,color_ffffff?x-bce-process=image/format,f_auto', '2023-01-28 20:32:54'),
(537, 26, 32, 'text', '<http://dbpedia.org/resource/French_Sign_Language_family>', '2023-01-28 20:35:21'),
(538, 26, 32, 'text', '__start__ What ! !', '2023-01-28 20:35:42'),
(539, 26, 1, 'text', 'How are you', '2023-01-28 20:37:42'),
(540, 26, 32, 'text', '<http://dbpedia.org/resource/The_Mysteries_of_Harris_Burdick>', '2023-01-28 20:38:08'),
(541, 26, 32, 'text', '__start__ Hi are you ?', '2023-01-28 20:38:31'),
(542, 26, 1, 'text', '我想看动作片', '2023-01-28 20:38:48'),
(543, 26, 32, 'text', '[Recommend]:\n杀破狼（2005年叶伟信执导电影）\n', '2023-01-28 20:39:04'),
(544, 26, 32, 'image', 'https://pic3.zhimg.com/80/v2-072f31eb8e9e18d1560921510ee60a96_1440w.webp', '2023-01-28 20:39:05'),
(545, 26, 32, 'recommend', '[Response]:\n吧 ， 你 知 道 吗 ？ 我 记 得 是 在 看 剧 才 跟 着 兴 趣 。', '2023-01-28 20:39:20'),
(546, 26, 1, 'text', '我想看动作片', '2023-01-28 20:46:43'),
(547, 26, 32, 'text', '[Recommend]:\n赶尽杀绝（2007年迈克尔戴维斯执导电影）\n', '2023-01-28 20:53:08'),
(548, 26, 32, 'image', 'http://img1.gamersky.com/image2018/04/20180414_hc_44_3/image017_S.jpg', '2023-01-28 20:53:09'),
(549, 26, 32, 'recommend', '[Response]:\n吧 ， 你 知 道 吗 ？ 我 记 得 是 在 看 剧 才 跟 着 兴 趣 。', '2023-01-28 20:53:24'),
(550, 26, 1, 'text', 'I am looking for movies', '2023-01-28 20:55:28'),
(551, 26, 32, 'text', '<http://dbpedia.org/resource/The_Mysteries_of_Harris_Burdick>', '2023-01-28 20:57:21'),
(552, 26, 32, 'text', '__start__ Have love great for a too', '2023-01-28 20:58:02'),
(553, 26, 1, 'text', 'I am looking for movies', '2023-01-28 20:58:40'),
(554, 26, 32, 'text', '<http://dbpedia.org/resource/The_Mysteries_of_Harris_Burdick>', '2023-01-28 20:59:22'),
(555, 26, 32, 'text', '<http://dbpedia.org/resource/The_Mysteries_of_Harris_Burdick>', '2023-01-28 21:00:59'),
(556, 26, 32, 'text', '__start__ Hi love great for a too', '2023-01-28 21:01:40'),
(557, 26, 1, 'text', 'Hello I am looking for funny movies', '2023-01-30 15:43:43'),
(558, 26, 32, 'text', '<http://dbpedia.org/resource/French_Sign_Language_family>', '2023-01-30 15:44:47'),
(559, 26, 32, 'text', '__start__ I ! \'m glad for a ! !', '2023-01-30 15:45:48'),
(560, 26, 1, 'text', 'Hello I am looking for funny movies', '2023-01-30 15:52:21'),
(561, 26, 32, 'text', '<http://dbpedia.org/resource/French_Sign_Language_family>', '2023-01-30 15:55:26'),
(562, 26, 32, 'text', '__start__ Hi ! \'m glad for an ! .', '2023-01-30 15:56:26'),
(563, 26, 1, 'text', 'funny movies?', '2023-01-30 16:12:31'),
(564, 26, 32, 'text', '<http://dbpedia.org/resource/French_Sign_Language_family>', '2023-01-30 16:12:54'),
(565, 26, 32, 'text', '__start__ Have ! !', '2023-01-30 16:13:15'),
(566, 26, 1, 'text', 'Nice', '2023-01-30 16:25:23'),
(567, 26, 32, 'text', '<http://dbpedia.org/resource/A_Shot_in_the_Dark_(1964_film)>', '2023-01-30 16:25:35'),
(568, 26, 32, 'text', '__start__ yay morning', '2023-01-30 16:25:45'),
(569, 26, 1, 'text', 'do you have more movies?', '2023-01-30 16:27:35'),
(570, 26, 32, 'text', '<http://dbpedia.org/resource/Nakano,_Tokyo>', '2023-01-30 16:28:21');
INSERT INTO `message` (`id`, `chat_id`, `user_id`, `type`, `content`, `created_at`) VALUES
(571, 26, 32, 'text', '__start__ I you need a of ?', '2023-01-30 16:29:07'),
(572, 26, 1, 'text', 'Do you have nice films?', '2023-01-30 16:35:41'),
(573, 26, 32, 'text', 'A Shot in the Dark (1964 film)', '2023-01-30 16:36:25'),
(574, 26, 32, 'text', '__start__ Have you definetly definetly morning ?', '2023-01-30 16:37:09'),
(575, 26, 1, 'text', 'I am looking for some movies', '2023-01-30 16:38:11'),
(576, 26, 32, 'text', 'Nakano, Tokyo', '2023-01-30 16:39:02'),
(577, 26, 32, 'text', '__start__ I have not forward something reason to', '2023-01-30 16:39:52'),
(578, 26, 1, 'text', 'I would like to watch a fantasy movie.', '2023-01-30 16:45:07'),
(579, 26, 32, 'text', '[Recommendation] John Key', '2023-01-30 16:46:18'),
(580, 26, 32, 'text', '[Recommend] John Key', '2023-01-30 16:48:50'),
(581, 26, 32, 'text', '[Response]  I hope recommend to watch @205353 quirky type where @143994', '2023-01-30 16:49:58'),
(582, 26, 1, 'text', 'I have seen these, they are very good. Do you give another recommendation?', '2023-01-30 16:54:36'),
(583, 26, 32, 'text', '[Recommend] Group Chief Operating Officer ', '2023-01-30 16:56:51'),
(584, 26, 32, 'text', '[Response]  I have n\'t @148231 movies @114932 are great good music @114756 you need me suggestion ?', '2023-01-30 16:59:06'),
(585, 26, 1, 'text', 'yes please', '2023-01-30 17:02:10'),
(586, 26, 32, 'text', '[Recommend] Group Chief Operating Officer ', '2023-01-30 17:02:35'),
(587, 26, 32, 'text', '[Response]  I ! give', '2023-01-30 17:02:58'),
(588, 26, 1, 'text', 'Great! We share the same taste.', '2023-01-30 17:03:21'),
(589, 26, 32, 'text', '[Recommend] Creature from the Black Lagoon', '2023-01-30 17:04:22'),
(590, 26, 32, 'text', '[Response]  I ! Have will my best taste ! Have', '2023-01-30 17:05:21'),
(591, 26, 1, 'text', 'I would like to watch an action movie.', '2023-01-30 17:06:58'),
(592, 26, 32, 'text', '[Recommend] John Key', '2023-01-30 17:08:12'),
(593, 26, 32, 'text', '[Response]  @153733 have be to watch @153733 @153733 @153733 @153733 Have', '2023-01-30 17:09:23'),
(594, 26, 1, 'text', 'I would like to watch an action movie.', '2023-01-30 17:10:57'),
(595, 26, 32, 'text', '[Recommend] John Key', '2023-01-30 17:12:58'),
(596, 26, 32, 'text', '[Response]  @153733 have recommend to watch @153733 @153733 @153733 @153733 Have', '2023-01-30 17:14:08'),
(597, 26, 1, 'text', 'I would like to watch a fantasy anime.', '2023-02-01 15:42:42'),
(598, 26, 32, 'text', '[Recommend] The Mysteries of Harris Burdick', '2023-02-01 15:43:55'),
(599, 26, 32, 'text', '[Response]  Have love recommend to recommend @134101 lot movie film Have', '2023-02-01 15:45:04'),
(600, 26, 1, 'text', '我想看动作片', '2023-02-01 15:46:10'),
(601, 26, 32, 'text', '[Recommend]:\n杀破狼（2005年叶伟信执导电影）\n', '2023-02-01 15:46:27'),
(602, 26, 32, 'image', 'https://pic3.zhimg.com/80/v2-072f31eb8e9e18d1560921510ee60a96_1440w.webp', '2023-02-01 15:46:28'),
(603, 26, 32, 'recommend', '[Response]:\n吧 ， 你 知 道 吗 ？ 我 记 得 是 在 看 剧 才 跟 着 兴 趣 。', '2023-02-01 15:46:44'),
(604, 26, 1, 'text', 'Hello', '2023-02-01 15:53:08'),
(605, 26, 32, 'text', '[Recommend] French Sign Language family', '2023-02-01 15:53:23'),
(606, 26, 32, 'text', '[Response]  @179485 @179485', '2023-02-01 15:53:36'),
(607, 26, 1, 'text', '我想看动作片', '2023-02-01 15:54:03'),
(608, 26, 32, 'text', '[Recommend]:\n杀破狼（2005年叶伟信执导电影）\n', '2023-02-01 15:54:20'),
(609, 26, 32, 'image', 'https://pic3.zhimg.com/80/v2-072f31eb8e9e18d1560921510ee60a96_1440w.webp', '2023-02-01 15:54:20'),
(610, 26, 32, 'recommend', '[Response]:\n吧 ， 你 知 道 吗 ？ 我 记 得 是 在 看 剧 才 跟 着 兴 趣 。', '2023-02-01 15:54:36'),
(611, 26, 1, 'text', '我喜欢', '2023-02-01 15:54:55'),
(612, 26, 32, 'text', '[Recommend]:\n守日人（俄罗斯电影）\n', '2023-02-01 15:55:51'),
(613, 26, 32, 'image', 'https://pic.baike.soso.com/ugc/baikepic2/1284/20221105101255-96069391_jpeg_1973_1317_1087518.jpg/1284', '2023-02-01 15:55:52'),
(614, 26, 32, 'recommend', '[Response]:\n看 完 才 看 的 ， 剧 情 都 没 有 看 。', '2023-02-01 15:56:00'),
(615, 27, 1, 'text', 'I am looking for action movie', '2023-02-01 15:57:03'),
(616, 27, 33, 'text', '[Recommend] French Sign Language family', '2023-02-01 15:57:58'),
(617, 27, 33, 'text', '[Response]  Have \'m glad for an ! !', '2023-02-01 15:58:52'),
(618, 27, 1, 'text', 'I am looking for action movie', '2023-02-01 16:05:57'),
(619, 27, 33, 'text', '[Recommend] Date Movie', '2023-02-01 16:19:02'),
(620, 27, 33, 'text', '[Response]  I have excited for sometime movies sometime', '2023-02-01 16:19:56'),
(621, 27, 1, 'text', 'I have seen these, they are very good. Do you give another recommendation?', '2023-02-01 16:20:13'),
(622, 27, 33, 'text', '[Recommend] Not Another Happy Ending', '2023-02-01 16:22:31'),
(623, 27, 33, 'text', '[Response]  I hope n\'t that movies thanks are both good ! @191932 you like me suggestion suggestion', '2023-02-01 16:24:48'),
(624, 27, 1, 'text', 'Great! We share the same taste.', '2023-02-01 16:26:10'),
(625, 27, 33, 'text', '[Recommend] Death Watch', '2023-02-01 16:27:13'),
(626, 27, 33, 'text', '[Response]  I ! Have will thanks best taste ! I', '2023-02-01 16:28:13'),
(627, 28, 1, 'text', 'I am looking for movie', '2023-02-01 16:28:33'),
(628, 28, 34, 'text', '[Recommend] Death Watch', '2023-02-01 16:29:15'),
(629, 28, 34, 'text', '[Recommend] Date Movie', '2023-02-01 16:30:19'),
(630, 28, 34, 'text', '[Response]  I have great to a sometime', '2023-02-01 16:30:59'),
(631, 28, 1, 'text', 'I am looking for action movie', '2023-02-01 17:38:52'),
(632, 28, 34, 'text', '[Recommend] Date Movie', '2023-02-01 17:39:47'),
(633, 28, 34, 'recommend', '[Response]  Hi will excited for a movies sometime', '2023-02-01 17:40:40'),
(634, 28, 1, 'text', '我喜欢', '2023-02-01 17:45:57'),
(635, 28, 34, 'text', '[Recommend]:\n上帝之城（欧美2002年费尔南多·梅里尔斯导演电影）\n', '2023-02-01 17:48:30'),
(636, 28, 34, 'image', 'https://img03.sogoucdn.com/v2/thumb/retype_exclude_gif/ext/auto/crop/xy/ai/w/1175/h/661?appid=200698', '2023-02-01 17:48:31'),
(637, 28, 34, 'recommend', '[Response]:\n的 东 西 ， 我 今 天 去 吃 了 两 个 晚 饭 ， 还 在 家 里 大 吃 大 喝 喝 了 好 久 吃 了', '2023-02-01 17:48:39'),
(638, 29, 1, 'text', 'I am looking for action movie', '2023-02-02 13:05:22'),
(639, 29, 1, 'text', 'I am looking for action movie', '2023-02-02 13:05:27'),
(640, 29, 1, 'text', 'I am looking for action movie', '2023-02-02 13:05:28'),
(641, 29, 35, 'text', '[Recommend] Date Movie', '2023-02-02 13:06:20'),
(642, 29, 35, 'recommend', '[Response]  What \'m great for a movies sometime', '2023-02-02 13:07:15'),
(643, 29, 35, 'text', '[Recommend] Date Movie', '2023-02-02 13:08:10'),
(644, 29, 35, 'recommend', '[Response]  Hi will excited for sometime and sometime', '2023-02-02 13:09:03'),
(645, 29, 35, 'text', '[Recommend] Date Movie', '2023-02-02 13:09:57'),
(646, 29, 35, 'recommend', '[Response]  I will excited for sometime movies sometime', '2023-02-02 13:10:51'),
(647, 29, 1, 'text', 'I am looking for action movie', '2023-02-02 13:48:12'),
(648, 29, 35, 'text', '[Recommend] Date Movie', '2023-02-02 14:13:08'),
(649, 29, 35, 'recommend', '[Response]  Hi \'m doing for a movies .', '2023-02-02 14:13:10'),
(650, 29, 1, 'text', 'I am looking for action movie', '2023-02-02 14:13:17'),
(651, 29, 35, 'text', '[Recommend] Date Movie', '2023-02-02 14:13:20'),
(652, 29, 35, 'recommend', '[Response]  I would looking for a movies .', '2023-02-02 14:13:21'),
(653, 29, 1, 'text', 'I like it.', '2023-02-02 14:14:40'),
(654, 29, 35, 'text', '[Recommend] Date Movie', '2023-02-02 14:14:59'),
(655, 29, 35, 'recommend', '[Response]  I love action too What', '2023-02-02 14:15:00'),
(656, 29, 1, 'text', 'I have seen these, they are very good. Do you give another recommendation?', '2023-02-02 14:15:17'),
(657, 29, 35, 'text', '[Recommend] Not Another Happy Ending', '2023-02-02 14:17:28'),
(658, 29, 35, 'recommend', '[Response]  I have n\'t that movies I are all good mysteries I you like me suggestion ?', '2023-02-02 14:17:29'),
(659, 29, 1, 'text', 'Great! We share the same taste.', '2023-02-02 14:19:00'),
(660, 29, 35, 'text', '[Recommend] Death Watch', '2023-02-02 14:20:01'),
(661, 29, 35, 'recommend', '[Response]  I ! I just then unique children', '2023-02-02 14:20:02'),
(662, 30, 1, 'text', 'I am looking for love movie', '2023-02-02 14:20:52'),
(663, 30, 36, 'text', '[Recommend] Snow White (1987 film)', '2023-02-02 14:21:04'),
(664, 30, 36, 'recommend', '[Response]  I would doing for a a !', '2023-02-02 14:21:06'),
(665, 30, 1, 'text', 'I like it', '2023-02-02 14:21:22'),
(666, 30, 36, 'text', '[Recommend] Snow White (1987 film)', '2023-02-02 14:21:24'),
(667, 30, 36, 'recommend', '[Response]  Hello \'m action .', '2023-02-02 14:21:26'),
(668, 30, 1, 'text', 'I have seen these, they are very good. Do you give another recommendation?', '2023-02-02 14:21:43'),
(669, 30, 36, 'text', '[Recommend] Snow White (1987 film)', '2023-02-02 14:21:46'),
(670, 30, 36, 'recommend', '[Response]  Have would n\'t that movies what are all good movies', '2023-02-02 14:21:47'),
(671, 30, 1, 'text', 'Do you have any any action movie recommend?', '2023-02-02 14:22:19'),
(672, 30, 36, 'text', '[Recommend] Snow White (1987 film)', '2023-02-02 14:22:45'),
(673, 30, 36, 'recommend', '[Response]  I you like any preferences movies movies suggestions ?', '2023-02-02 14:22:46'),
(674, 30, 1, 'text', 'No do you have other action movie?', '2023-02-02 14:23:23'),
(675, 30, 36, 'text', '[Recommend] Snow White (1987 film)', '2023-02-02 14:23:45'),
(676, 30, 36, 'recommend', '[Response]  I , n\'t like n\'t night movies ?', '2023-02-02 14:23:46'),
(677, 31, 1, 'text', 'I am looking for love movieI am looking for love movie', '2023-02-02 14:27:00'),
(678, 31, 37, 'text', '[Recommend] Date Movie', '2023-02-02 14:30:26'),
(679, 31, 37, 'recommend', '[Response]  @192035 absolutely @201436 assistance @143261 stories @192035 a na laughs marvel assistance', '2023-02-02 14:30:28'),
(680, 31, 1, 'text', 'I am looking for funny movie', '2023-02-02 14:31:16'),
(681, 31, 37, 'text', '[Recommend] Funny Face', '2023-02-02 14:31:33'),
(682, 31, 37, 'recommend', '[Response]  @166906 agree safe safe @166906 @146205 plots', '2023-02-02 14:31:35'),
(683, 31, 1, 'text', 'I like it', '2023-02-02 14:31:40'),
(684, 31, 37, 'text', '[Recommend] Funny Face', '2023-02-02 14:31:55'),
(685, 31, 37, 'recommend', '[Response]  @166906 definetly @137887 too', '2023-02-02 14:31:56'),
(686, 31, 1, 'text', 'Do you have any action movie recommend as well?', '2023-02-02 14:32:24'),
(687, 31, 37, 'text', '[Recommend] Funny Face', '2023-02-02 14:33:32'),
(688, 31, 37, 'recommend', '[Response]  I you like any suggestions movies suggestions ? well ?', '2023-02-02 14:33:33'),
(689, 31, 1, 'text', 'I am looking for funny movie', '2023-02-02 14:37:20'),
(690, 31, 37, 'text', '[Recommend] Funny Face', '2023-02-02 14:37:31'),
(691, 31, 37, 'recommend', '[Response]  I will great forward something ! ideas', '2023-02-02 14:37:32'),
(692, 31, 1, 'text', 'I am looking for funny movie', '2023-02-02 14:38:05'),
(693, 31, 37, 'text', '[Recommend] Funny Face', '2023-02-02 14:38:08'),
(694, 31, 37, 'recommend', '[Response]  Have \'m great forward a ! ideas', '2023-02-02 14:38:09'),
(695, 31, 1, 'text', 'I am looking for funny movie', '2023-02-02 14:38:44'),
(696, 31, 37, 'text', '[Recommend] Funny Face', '2023-02-02 14:38:46'),
(697, 31, 37, 'recommend', '[Response]  Have have great forward something ! ideas', '2023-02-02 14:38:47'),
(698, 31, 1, 'text', 'I like it. Do you have any action movie recommend as well?', '2023-02-02 14:39:41'),
(699, 31, 37, 'text', '[Recommend] Date Movie', '2023-02-02 14:40:20'),
(700, 31, 37, 'recommend', '[Response]  Have \'m @153733 too', '2023-02-02 14:40:22'),
(701, 31, 1, 'text', 'I am looking for panda action movie.', '2023-02-02 14:41:20'),
(702, 31, 37, 'text', '[Recommend] Date Movie', '2023-02-02 14:41:33'),
(703, 31, 37, 'recommend', '[Response]  I have sure for a with and ! :', '2023-02-02 14:41:34'),
(704, 31, 1, 'text', 'I am looking for romance movie.', '2023-02-02 14:42:16'),
(705, 31, 37, 'text', '[Recommend] Why Get a Divorce?', '2023-02-02 14:42:31'),
(706, 31, 37, 'recommend', '[Response]  I have looking for a . . Have', '2023-02-02 14:42:32'),
(707, 32, 1, 'text', 'I am looking for funny hero movie', '2023-02-02 14:43:58'),
(708, 32, 38, 'text', '[Recommend] Funny Face', '2023-02-02 14:44:13'),
(709, 32, 38, 'recommend', '[Response]  I have great forward a ! movies ideas', '2023-02-02 14:44:14'),
(710, 32, 1, 'text', 'I have seen these, they are very good. Do you give another recommendation?', '2023-02-02 14:44:35'),
(711, 32, 38, 'text', '[Recommend] Not Another Happy Ending', '2023-02-02 14:46:24'),
(712, 32, 38, 'recommend', '[Response]  I hope n\'t that movies thanks are really good choices @191932 you need you suggestion suggestion', '2023-02-02 14:46:25'),
(713, 32, 1, 'text', 'Great! We share the same taste.', '2023-02-02 14:46:34'),
(714, 32, 38, 'text', '[Recommend] Death Watch', '2023-02-02 14:47:34'),
(715, 32, 38, 'recommend', '[Response]  I ! I will with best taste : I', '2023-02-02 14:47:35'),
(716, 33, 1, 'text', 'Train: 1. the 	21. at 	41. there 	61. some 	81. my 2. of 	22. be 	42. use 	62. her 	82. than 3. and 	23. this 	43. an 	63. would 	83. first 4. a 	24. have 	44. each 	64. make 	84. water 5. to 	25. from 	45. which 	65. like 	85. been 6. in 	26. or 	46. she 	66. him 	86. call 7. is 	27. one 	47. do 	67. into 	87. who 8. you 	28. had 	48. how 	68. time 	88. oil 9. that 	29. by 	49. their 	69. has 	89. its 10. it 	30. word 	50. if 	70. look 	90. now 11. he 	31. but 	51. will 	71. two 	91. find 12. was 	32. not 	52. up 	72. more 	92. long 13. for 	33. what 	53. other 	73. write 	93. down 14. on 	34. all 	54. about 	74. go 	94. day 15. are 	35. were 	55. out 	75. see 	95. did 16. as 	36. we 	56. many 	76. number 	96. get 17. with 	37. when 	57. then 	77. no 	97. come 18. his 	38. your 	58. them 	78. way 	98. made 19. they 	39. can 	59. these 	79. could 	99. may 20. I 	40. said 	60. so 	80. people 	100. part', '2023-02-02 14:47:45'),
(717, 33, 39, 'text', '[Recommend] First Knight', '2023-02-02 15:07:22'),
(718, 33, 39, 'recommend', '[Response]  You was definitely definitely love definitely definitely definitely will definitely definitely definitely will definitely one definitely one definitely ! ! ! ! love ! you ! ! ! loved', '2023-02-02 15:07:25'),
(719, 33, 1, 'text', 'Hi I am looking for disney movie', '2023-02-02 15:07:56'),
(720, 33, 39, 'text', '[Recommend] Date Movie', '2023-02-02 15:08:18'),
(721, 33, 39, 'recommend', '[Response]  Hi ! hope good for a', '2023-02-02 15:08:19'),
(722, 33, 1, 'text', 'I like it', '2023-02-02 15:08:51'),
(723, 33, 39, 'text', '[Recommend] Date Movie', '2023-02-02 15:08:54'),
(724, 33, 39, 'recommend', '[Response]  Have \'m the too', '2023-02-02 15:08:55'),
(725, 33, 1, 'text', 'Do you have other funny action movie?', '2023-02-02 15:09:16'),
(726, 33, 39, 'text', '[Recommend] Funny Face', '2023-02-02 15:09:18'),
(727, 33, 39, 'recommend', '[Response]  I you like a choices choices movies ideas', '2023-02-02 15:09:19'),
(728, 33, 1, 'text', 'I have seen this. Do you have any cute animal film?', '2023-02-02 15:09:42'),
(729, 33, 39, 'text', '[Recommend] Funny Face', '2023-02-02 15:10:14'),
(730, 33, 39, 'recommend', '[Response]  I have n\'t that weekend I you have any other day ? ?', '2023-02-02 15:10:15'),
(731, 33, 1, 'text', 'Cool Thank you', '2023-02-02 15:10:30'),
(732, 33, 39, 'text', '[Recommend] Funny Face', '2023-02-02 15:10:50'),
(733, 33, 39, 'recommend', '[Response]  I . you !', '2023-02-02 15:10:51'),
(734, 34, 1, 'text', 'Hi I am looking for mystery science fiction film', '2023-02-02 15:11:30'),
(735, 34, 40, 'text', '[Recommend] Mystery, Alaska', '2023-02-02 15:12:10'),
(736, 34, 40, 'recommend', '[Response]  I ! hope great for a and . and .', '2023-02-02 15:12:11'),
(737, 34, 1, 'text', 'I have seen these, they are very good. Do you give another recommendation?', '2023-02-02 15:12:29'),
(738, 34, 40, 'text', '[Recommend] Not Another Happy Ending', '2023-02-02 15:12:31'),
(739, 34, 40, 'recommend', '[Response]  @114756 hope n\'t @114756 @114756 @114932 are both quickly movies @114756 you like me suggestion ?', '2023-02-02 15:12:32'),
(740, 34, 1, 'text', 'I like it thank you', '2023-02-02 15:12:42'),
(741, 34, 40, 'text', '[Recommend] Not Another Happy Ending', '2023-02-02 15:12:45'),
(742, 34, 40, 'recommend', '[Response]  @114756 hope adam . you too', '2023-02-02 15:12:47'),
(743, 35, 1, 'text', 'Primary film genres include action, adventure, comedy, drama, fantasy, horror, musicals, mystery, romance, science fiction, sports, thriller, and Western.', '2023-02-02 15:13:17'),
(744, 35, 41, 'text', '[Recommend] Not Another Happy Ending', '2023-02-02 15:15:59'),
(745, 35, 41, 'recommend', '[Response]  I was IS would the ? @184098 ? and around I ? I You I ? I', '2023-02-02 15:16:00'),
(746, 35, 1, 'text', 'Hi I am looking for horror film', '2023-02-02 18:54:17'),
(747, 35, 41, 'text', '[Recommend] Jumanji (2017 sequel)', '2023-02-02 18:54:20'),
(748, 35, 41, 'recommend', '[Response]  What ! have great for a . .', '2023-02-02 18:54:21'),
(749, 35, 1, 'text', 'I like it. Do you have another recommendation?', '2023-02-02 18:55:07'),
(750, 35, 41, 'text', '[Recommend] Not Another Happy Ending', '2023-02-02 18:55:10'),
(751, 35, 41, 'recommend', '[Response]  @114756 love adam too @114756 you featuring any suggestion ?', '2023-02-02 18:55:11'),
(752, 35, 1, 'text', 'I like it', '2023-02-02 18:55:27'),
(753, 35, 41, 'text', '[Recommend] Not Another Happy Ending', '2023-02-02 18:55:29'),
(754, 35, 41, 'recommend', '[Response]  I love adam too', '2023-02-02 18:55:30'),
(755, 36, 1, 'text', 'I am looking for sports movie', '2023-02-02 18:56:18'),
(756, 36, 42, 'text', '[Recommend] Date Movie', '2023-02-02 18:56:20'),
(757, 36, 42, 'recommend', '[Response]  @78186 have sure for a , No', '2023-02-02 18:56:22'),
(758, 36, 1, 'text', 'No I don\'t like it', '2023-02-02 18:56:31'),
(759, 36, 42, 'text', '[Recommend] Date Movie', '2023-02-02 18:56:42'),
(760, 36, 42, 'recommend', '[Response]  I , have n\'t typically @78186 .', '2023-02-02 18:56:43'),
(761, 36, 1, 'text', 'I am looking for film about sports and football', '2023-02-02 18:57:27'),
(762, 36, 42, 'text', '[Recommend] Date Movie', '2023-02-02 18:57:42'),
(763, 36, 42, 'recommend', '[Response]  I loved excited for a . a at funny .', '2023-02-02 18:57:43'),
(764, 36, 1, 'text', 'sport film?', '2023-02-02 18:57:54'),
(765, 36, 42, 'text', '[Recommend] Date Movie', '2023-02-02 18:58:07'),
(766, 36, 42, 'recommend', '[Response]  Have with though', '2023-02-02 18:58:08'),
(767, 36, 1, 'text', 'No. Please give me something about Science for Exercise and Sport', '2023-02-02 18:58:54'),
(768, 36, 42, 'text', '[Recommend] Date Movie', '2023-02-02 18:59:47'),
(769, 36, 42, 'recommend', '[Response]  I , I do me you you you Fiction you . @96281 !', '2023-02-02 18:59:48'),
(770, 36, 1, 'text', 'Fiction movie or film please', '2023-02-02 19:00:13'),
(771, 36, 42, 'text', '[Recommend] Date Movie', '2023-02-02 19:00:15'),
(772, 36, 42, 'recommend', '[Response]  I I is @78186 is you', '2023-02-02 19:00:16'),
(773, 36, 1, 'text', 'How about musical film?', '2023-02-02 19:00:42'),
(774, 36, 42, 'text', '[Recommend] Date Movie', '2023-02-02 19:00:57'),
(775, 36, 42, 'recommend', '[Response]  I about @78186', '2023-02-02 19:00:58'),
(776, 37, 1, 'text', 'I would like to watch a fantasy movie.', '2023-02-04 17:54:43'),
(777, 37, 43, 'text', '[Recommend] Date Movie', '2023-02-04 17:55:00'),
(778, 37, 43, 'recommend', '[Response]  Have have start to start @124485 quirky type where Have', '2023-02-04 17:55:03'),
(779, 37, 1, 'text', 'I like it', '2023-02-04 17:55:09'),
(780, 37, 43, 'text', '[Recommend] Date Movie', '2023-02-04 17:55:12'),
(781, 37, 43, 'recommend', '[Response]  I hope @143994 too', '2023-02-04 17:55:13'),
(782, 37, 1, 'text', 'I would like to watch a fantasy movie.', '2023-02-04 18:08:19'),
(783, 37, 43, 'text', '[Recommend] Date Movie', '2023-02-04 18:08:21'),
(784, 37, 43, 'recommend', '[Response]  I hope give to give them couple type where Have', '2023-02-04 18:08:23'),
(785, 37, 1, 'text', 'I like it', '2023-02-04 18:08:36'),
(786, 37, 43, 'text', '[Recommend] Date Movie', '2023-02-04 18:08:39'),
(787, 37, 43, 'recommend', '[Response]  okay have three where', '2023-02-04 18:08:40'),
(788, 37, 1, 'text', 'do you have other recommendation?', '2023-02-04 18:08:59'),
(789, 37, 43, 'text', '[Recommend] Date Movie', '2023-02-04 18:09:02'),
(790, 37, 43, 'recommend', '[Response]  I you like shows nation ? @205353', '2023-02-04 18:09:03'),
(791, 37, 1, 'text', 'I would like to watch a fantasy movie.', '2023-02-04 18:11:17'),
(792, 37, 43, 'text', '[Recommend] Date Movie', '2023-02-04 18:11:19'),
(793, 37, 43, 'recommend', '[Response]  Hi have be that give this couple type where this', '2023-02-04 18:11:21'),
(794, 37, 1, 'text', 'I like it. do you have other recommendation?', '2023-02-04 18:11:29'),
(795, 37, 43, 'text', '[Recommend] Date Movie', '2023-02-04 18:11:31'),
(796, 37, 43, 'recommend', '[Response]  I hope three too I n\'t will shows type ?', '2023-02-04 18:11:32'),
(797, 37, 1, 'text', 'I like it. I am also looking for mystery science fiction film', '2023-02-04 18:14:36'),
(798, 37, 43, 'text', '[Recommend] Date Movie', '2023-02-04 18:14:48'),
(799, 37, 43, 'recommend', '[Response]  I have this too I hope great like for a and fiction and and', '2023-02-04 18:14:49'),
(800, 37, 1, 'text', 'I would like to watch a fantasy movie.', '2023-02-04 18:19:38'),
(801, 37, 43, 'text', '[Recommend] Date Movie', '2023-02-04 18:19:41'),
(802, 37, 43, 'recommend', '[Response]  okay hope recommend to watch this couple where where this', '2023-02-04 18:19:42'),
(803, 37, 1, 'text', 'I would like to watch a fantasy movie.', '2023-02-04 18:25:43'),
(804, 37, 43, 'text', '[Recommend] Young Frankenstein', '2023-02-04 18:28:46'),
(805, 37, 43, 'recommend', '[Response]  okay hope recommend to give this couple type where this', '2023-02-04 18:28:47'),
(806, 37, 1, 'text', 'I like it. do you have other recommendation?', '2023-02-04 18:29:06'),
(807, 37, 43, 'text', '[Recommend] Elf (film)', '2023-02-04 18:29:08'),
(808, 37, 43, 'recommend', '[Response]  I loved this too How n\'t need a type ?', '2023-02-04 18:29:09'),
(809, 37, 1, 'text', 'I like it', '2023-02-04 18:29:26'),
(810, 37, 43, 'text', '[Recommend] Annie Hall', '2023-02-04 18:29:28'),
(811, 37, 43, 'recommend', '[Response]  I have three too', '2023-02-04 18:29:29'),
(812, 37, 1, 'text', 'I would like to watch a fantasy movie.', '2023-02-04 18:30:34'),
(813, 37, 43, 'text', '[Recommend] Young Frankenstein', '2023-02-04 18:30:37'),
(814, 37, 43, 'recommend', '[Response]  Have hope recommend to watch this couple type where this', '2023-02-04 18:30:38'),
(815, 37, 1, 'text', 'I like it', '2023-02-04 18:31:04'),
(816, 37, 43, 'text', '[Recommend] They Came Together', '2023-02-04 18:31:07'),
(817, 37, 43, 'recommend', '[Response]  I hope three too', '2023-02-04 18:31:08'),
(818, 37, 1, 'text', 'I like it. do you have other recommendation?', '2023-02-04 18:31:18'),
(819, 37, 43, 'text', '[Recommend] Juno (film)', '2023-02-04 18:31:20'),
(820, 37, 43, 'recommend', '[Response]  Have used this too What n\'t like n\'t genres ?', '2023-02-04 18:31:21'),
(821, 37, 1, 'text', 'I would like to watch a fantasy movie.', '2023-02-04 18:31:52'),
(822, 37, 43, 'text', '[Recommend] The Slammin\' Salmon', '2023-02-04 18:31:55'),
(823, 37, 43, 'recommend', '[Response]  this \'m recommend to start this couple type where I', '2023-02-04 18:31:56'),
(824, 37, 1, 'text', 'I like it. Do you have any love movie as well?', '2023-02-04 18:32:12'),
(825, 37, 43, 'text', '[Recommend] Cry Danger', '2023-02-04 18:32:16'),
(826, 37, 43, 'recommend', '[Response]  Have \'m the too I you like shows more shows ideas well .', '2023-02-04 18:32:17'),
(827, 37, 1, 'text', 'I do not like it', '2023-02-04 18:32:34'),
(828, 37, 43, 'text', '[Recommend] Oh, God!', '2023-02-04 18:32:37'),
(829, 37, 43, 'recommend', '[Response]  I hope n\'t think this .', '2023-02-04 18:32:38'),
(830, 37, 1, 'text', 'I am looking for mystery science fiction film as well', '2023-02-04 18:33:18'),
(831, 37, 43, 'text', '[Recommend] Baby\'s Day Out', '2023-02-04 18:33:20'),
(832, 37, 43, 'recommend', '[Response]  I hope glad for a and fiction and , well .', '2023-02-04 18:33:21'),
(833, 37, 1, 'text', 'I like it', '2023-02-04 18:36:07'),
(834, 37, 43, 'text', '[Recommend] Chitty Chitty Bang Bang', '2023-02-04 18:36:09'),
(835, 37, 43, 'recommend', '[Response]  I hope that .', '2023-02-04 18:36:10'),
(836, 38, 1, 'text', '我想看动作片', '2023-02-05 15:16:00'),
(837, 38, 44, 'text', '[Recommend]:\n赶尽杀绝（2007年迈克尔戴维斯执导电影）\n', '2023-02-05 15:16:10'),
(838, 38, 44, 'image', 'http://img1.gamersky.com/image2018/04/20180414_hc_44_3/image017_S.jpg', '2023-02-05 15:16:11'),
(839, 38, 44, 'recommend', '[Response]:\n吧 ， 你 知 道 吗 ？ 我 记 得 是 在 看 剧 才 跟 着 兴 趣 。', '2023-02-05 15:16:12'),
(840, 38, 1, 'text', 'I like it', '2023-02-05 15:16:46'),
(841, 38, 44, 'text', '[Recommend] Jumanji (2017 sequel)', '2023-02-05 15:16:52'),
(842, 38, 44, 'recommend', '[Response]  Have have this .', '2023-02-05 15:16:55'),
(843, 38, 1, 'text', '有没有推荐的爱情电影', '2023-02-05 15:17:09'),
(844, 38, 44, 'text', '[Recommend]:\n速度与激情7\n', '2023-02-05 15:17:24'),
(845, 38, 44, 'image', 'http://www.haitiankuo.com/uploads/allimg/150418/1-15041Q00642T0.jpg', '2023-02-05 15:17:25'),
(846, 38, 44, 'recommend', '[Response]:\n？', '2023-02-05 15:17:25'),
(847, 38, 1, 'text', '有没有推荐的爱情电影', '2023-02-05 15:18:24'),
(848, 38, 44, 'text', '[Recommend]:\n情书（1997年韩国电影）\n', '2023-02-05 15:18:47'),
(849, 38, 44, 'image', 'https://upload.wikimedia.org/wikipedia/zh/thumb/8/8c/The_Letter_(1997_film).jpg/260px-The_Letter_(1997_film).jpg', '2023-02-05 15:18:48'),
(850, 38, 44, 'recommend', '[Response]:\n呢 ？', '2023-02-05 15:18:48'),
(851, 38, 1, 'text', '我喜欢', '2023-02-05 15:19:15'),
(852, 38, 44, 'text', '[Recommend]:\n血与蜜之地\n', '2023-02-05 15:19:23'),
(853, 38, 44, 'image', 'https://bkimg.cdn.bcebos.com/pic/03087bf40ad162d98fa1f1b013dfa9ec8b13cdcb?x-bce-process=image/resize,m_lfit,w_536,limit_1', '2023-02-05 15:19:23'),
(854, 38, 44, 'recommend', '[Response]:\n看 呀 ！', '2023-02-05 15:19:24'),
(855, 38, 1, 'text', '我喜欢', '2023-02-05 15:19:34'),
(856, 38, 44, 'text', '[Recommend]:\n血与蜜之地\n', '2023-02-05 15:19:36'),
(857, 38, 44, 'image', 'https://bkimg.cdn.bcebos.com/pic/03087bf40ad162d98fa1f1b013dfa9ec8b13cdcb?x-bce-process=image/resize,m_lfit,w_536,limit_1', '2023-02-05 15:19:37'),
(858, 38, 44, 'recommend', '[Response]:\n看 呢 ！', '2023-02-05 15:19:37'),
(859, 39, 1, 'text', '有没有推荐的爱情电影', '2023-02-05 16:20:18'),
(860, 39, 45, 'text', '[Recommend]:\n情书（1997年韩国电影）\n', '2023-02-05 16:20:21'),
(861, 39, 45, 'image', 'https://upload.wikimedia.org/wikipedia/zh/thumb/8/8c/The_Letter_(1997_film).jpg/260px-The_Letter_(1997_film).jpg', '2023-02-05 16:20:22'),
(862, 39, 45, 'recommend', '[Response]:\n呢 ？', '2023-02-05 16:20:22'),
(863, 40, 1, 'text', 'I am looking for love movie', '2023-02-05 16:20:44'),
(864, 40, 46, 'text', '[Recommend] Despicable Me 3', '2023-02-05 16:20:48'),
(865, 40, 46, 'recommend', '[Response]  Hi have great for a movies sometime', '2023-02-05 16:20:49'),
(866, 40, 1, 'text', 'I do not like it', '2023-02-05 16:21:04'),
(867, 40, 46, 'text', '[Recommend] Cheaper by the Dozen (2003 film)', '2023-02-05 16:21:07'),
(868, 40, 46, 'recommend', '[Response]  Have understand n\'t typically this too', '2023-02-05 16:21:08'),
(869, 41, 1, 'text', 'Hi I am looking for comedy movie', '2023-02-06 17:00:32'),
(870, 41, 47, 'text', '[Recommend] The Slammin\' Salmon', '2023-02-06 17:00:37'),
(871, 41, 47, 'recommend', '[Response]  Have ! hope excited for a sometime sometime', '2023-02-06 17:00:41'),
(872, 41, 1, 'text', 'I like it', '2023-02-06 17:00:48'),
(873, 41, 47, 'text', '[Recommend] Cry Danger', '2023-02-06 17:00:51'),
(874, 41, 47, 'recommend', '[Response]  I have this sometime', '2023-02-06 17:00:52'),
(875, 42, 1, 'text', 'Hi I am looking for comedy movie', '2023-02-06 17:01:13'),
(876, 42, 48, 'text', '[Recommend] The Slammin\' Salmon', '2023-02-06 17:01:15'),
(877, 42, 48, 'recommend', '[Response]  What ! hope great for a , sometime', '2023-02-06 17:01:17'),
(878, 42, 1, 'text', 'I like it. Do you have other recommendation?', '2023-02-06 17:01:23'),
(879, 42, 48, 'text', '[Recommend] Cry Danger', '2023-02-06 17:01:26'),
(880, 42, 48, 'recommend', '[Response]  I have this too I you need a movies ?', '2023-02-06 17:01:27'),
(881, 42, 1, 'text', 'I would like to watch a fantasy movie.', '2023-02-07 08:04:58'),
(882, 42, 48, 'text', '[Recommend] The Slammin\' Salmon', '2023-02-07 08:05:02'),
(883, 42, 48, 'recommend', '[Response]  I \'m recommend to watch this quirky type with Have', '2023-02-07 08:05:05'),
(884, 42, 1, 'text', 'Hi I am looking for horror film', '2023-02-07 08:05:21'),
(885, 42, 48, 'text', '[Recommend] Cry Danger', '2023-02-07 08:05:25'),
(886, 42, 48, 'recommend', '[Response]  Have ! hope great for a movies .', '2023-02-07 08:05:26'),
(887, 42, 1, 'text', 'I like it. Do you have other recommendation?', '2023-02-07 08:05:46'),
(888, 42, 48, 'text', '[Recommend] Oh, God!', '2023-02-07 08:05:49'),
(889, 42, 48, 'recommend', '[Response]  I have that too I you like a day ? this', '2023-02-07 08:05:50'),
(890, 42, 1, 'text', 'Hi I am looking for horror film', '2023-02-07 08:08:30'),
(891, 42, 48, 'text', '[Recommend] Jumanji (2017 sequel)', '2023-02-07 08:08:33'),
(892, 42, 48, 'recommend', '[Response]  Have ! \'m great for a and', '2023-02-07 08:08:34'),
(893, 43, 1, 'text', '有没有推荐的恐怖电影', '2023-02-07 08:14:52'),
(894, 43, 49, 'text', '[Recommend]:\n木乃伊（1999年斯蒂芬·索莫斯执导的电影）\n', '2023-02-07 08:14:58'),
(895, 43, 49, 'image', 'https://img03.sogoucdn.com/v2/thumb/retype_exclude_gif/ext/auto/crop/xy/ai/w/1284/h/722?appid=200698', '2023-02-07 08:14:59'),
(896, 43, 49, 'recommend', '[Response]:\n呢 ？', '2023-02-07 08:14:59'),
(897, 43, 1, 'text', '有没有推荐的恐怖电影', '2023-02-07 08:17:17'),
(898, 43, 49, 'text', '[Recommend]:\n木乃伊（1999年斯蒂芬·索莫斯执导的电影）\n', '2023-02-07 08:17:37'),
(899, 43, 49, 'image', 'https://img03.sogoucdn.com/v2/thumb/retype_exclude_gif/ext/auto/crop/xy/ai/w/1284/h/722?appid=200698', '2023-02-07 08:17:38'),
(900, 43, 49, 'recommend', '[Response]:\n呢 ？', '2023-02-07 08:17:39'),
(901, 43, 1, 'text', '有没有推荐的爱情电影', '2023-02-07 08:17:49'),
(902, 43, 49, 'text', '[Recommend]:\n木乃伊（1999年斯蒂芬·索莫斯执导的电影）\n', '2023-02-07 08:17:53'),
(903, 43, 49, 'image', 'https://img03.sogoucdn.com/v2/thumb/retype_exclude_gif/ext/auto/crop/xy/ai/w/1284/h/722?appid=200698', '2023-02-07 08:17:54'),
(904, 43, 49, 'recommend', '[Response]:\n啊 ？', '2023-02-07 08:17:54'),
(905, 43, 1, 'text', '有没有推荐的爱情电影', '2023-02-07 08:27:39'),
(906, 43, 49, 'text', '[Recommend]:\n绿卡（电影）\n', '2023-02-07 08:27:52'),
(907, 43, 49, 'image', 'https://upload.wikimedia.org/wikipedia/zh/thumb/1/1b/Green_Card_film_poster.jpg/220px-Green_Card_film_poster.jpg', '2023-02-07 08:27:52'),
(908, 43, 49, 'recommend', '[Response]:\n呢 ？', '2023-02-07 08:27:53'),
(909, 43, 1, 'text', 'I like it', '2023-02-07 08:29:27'),
(910, 43, 49, 'text', '[Recommend] Jumanji (2017 sequel)', '2023-02-07 08:29:30'),
(911, 43, 49, 'recommend', '[Response]  Hi have comedies extremely', '2023-02-07 08:29:32'),
(912, 43, 1, 'text', '有没有推荐的爱情电影', '2023-02-07 08:31:24'),
(913, 43, 49, 'text', '[Recommend]:\n情书（1997年韩国电影）\n', '2023-02-07 08:31:27'),
(914, 43, 49, 'image', 'https://upload.wikimedia.org/wikipedia/zh/thumb/8/8c/The_Letter_(1997_film).jpg/260px-The_Letter_(1997_film).jpg', '2023-02-07 08:31:27'),
(915, 43, 49, 'recommend', '[Response]:\n啊 ？', '2023-02-07 08:31:28'),
(916, 43, 1, 'text', 'I like it', '2023-02-07 08:49:15'),
(917, 43, 49, 'text', '[Recommend] Pitch Perfect', '2023-02-07 08:49:19'),
(918, 43, 49, 'recommend', '[Response]  Hi have comedies extremely', '2023-02-07 08:49:20'),
(919, 43, 1, 'text', 'I like it', '2023-02-07 08:49:23'),
(920, 43, 49, 'text', '[Recommend] Liar Liar', '2023-02-07 08:49:26'),
(921, 43, 49, 'recommend', '[Response]  Have have comedies !', '2023-02-07 08:49:27'),
(922, 43, 1, 'text', '有没有推荐的爱情电影', '2023-02-07 08:49:30'),
(923, 43, 49, 'text', '[Recommend]:\n浓情巧克力（美国2000年朱丽叶·比诺什主演电影）\n', '2023-02-07 08:49:33'),
(924, 43, 49, 'image', 'https://bkimg.cdn.bcebos.com/pic/e49cf911f0f96397a7ef3fcc?x-bce-process=image/resize,m_lfit,w_353,h_500,limit_0/quality,Q_90', '2023-02-07 08:49:33'),
(925, 43, 49, 'recommend', '[Response]:\n？', '2023-02-07 08:49:34'),
(926, 43, 1, 'text', '我喜欢', '2023-02-07 09:08:06'),
(927, 43, 49, 'text', '[Recommend]:\n血与蜜之地\n', '2023-02-07 09:08:11'),
(928, 43, 49, 'image', 'https://bkimg.cdn.bcebos.com/pic/03087bf40ad162d98fa1f1b013dfa9ec8b13cdcb?x-bce-process=image/resize,m_lfit,w_536,limit_1', '2023-02-07 09:08:12'),
(929, 43, 49, 'recommend', '[Response]:\n看 啊 ？', '2023-02-07 09:08:13'),
(930, 43, 1, 'text', '我不喜欢', '2023-02-07 09:08:49'),
(931, 43, 49, 'text', '[Recommend]:\n廊桥遗梦（美国1995年克林特·伊斯特伍德执导爱情电影）\n', '2023-02-07 09:08:56'),
(932, 43, 49, 'image', 'https://bbs.wenxuecity.com/upload/album/3a/9f/f4/429e542e67918vGgZRNx.jpg', '2023-02-07 09:08:57'),
(933, 43, 49, 'recommend', '[Response]:\n， 但 是 我 看 演 员 的 话 我 可 以 给 你 推 荐 。', '2023-02-07 09:08:57');

-- --------------------------------------------------------

--
-- Table structure for table `user`
--

CREATE TABLE `user` (
  `id` int NOT NULL,
  `username` varchar(255) DEFAULT NULL,
  `email` text,
  `password` text
) ENGINE=InnoDB DEFAULT CHARSET=utf8mb4 COLLATE=utf8mb4_0900_ai_ci;

--
-- Dumping data for table `user`
--

INSERT INTO `user` (`id`, `username`, `email`, `password`) VALUES
(1, 'Jacky', 'test@test.com', '123456'),
(2, 'SystemUser10173', 'SystemUser10173@crs.com', '123456'),
(3, 'SystemUser28509', 'SystemUser28509@crs.com', '123456'),
(4, 'SystemUser57717', 'SystemUser57717@crs.com', '123456'),
(5, 'SystemUser95106', 'SystemUser95106@crs.com', '123456'),
(6, 'SystemUser76284', 'SystemUser76284@crs.com', '123456'),
(7, 'ABC', 'abc@abc.com', '12345'),
(8, '1234', 'test123@test.com', '123456'),
(9, 'Test', 'test31@test.com', '123456'),
(10, 'SystemUser61005', 'SystemUser61005@crs.com', '123456'),
(11, 'test1', 'test1@test.com', '123456'),
(12, 'Test333', 'test3@test.com', '123456'),
(13, 'SystemUser50414', 'SystemUser50414@crs.com', '123456'),
(14, 'SystemUser67570', 'SystemUser67570@crs.com', '123456'),
(15, 'SystemUser41221', 'SystemUser41221@crs.com', '123456'),
(16, 'SystemUser84696', 'SystemUser84696@crs.com', '123456'),
(17, 'SystemUser15671', 'SystemUser15671@crs.com', '123456'),
(18, 'SystemUser20419', 'SystemUser20419@crs.com', '123456'),
(19, 'SystemUser47618', 'SystemUser47618@crs.com', '123456'),
(20, 'SystemUser90175', 'SystemUser90175@crs.com', '123456'),
(21, 'SystemUser61754', 'SystemUser61754@crs.com', '123456'),
(22, 'SystemUser77036', 'SystemUser77036@crs.com', '123456'),
(23, 'SystemUser58191', 'SystemUser58191@crs.com', '123456'),
(24, 'SystemUser56709', 'SystemUser56709@crs.com', '123456'),
(25, 'SystemUser78889', 'SystemUser78889@crs.com', '123456'),
(26, 'SystemUser74082', 'SystemUser74082@crs.com', '123456'),
(27, 'SystemUser15189', 'SystemUser15189@crs.com', '123456'),
(28, 'SystemUser25996', 'SystemUser25996@crs.com', '123456'),
(29, 'SystemUser97066', 'SystemUser97066@crs.com', '123456'),
(30, 'SystemUser34628', 'SystemUser34628@crs.com', '123456'),
(31, 'SystemUser38183', 'SystemUser38183@crs.com', '123456'),
(32, 'SystemUser73175', 'SystemUser73175@crs.com', '123456'),
(33, 'SystemUser15955', 'SystemUser15955@crs.com', '123456'),
(34, 'SystemUser52968', 'SystemUser52968@crs.com', '123456'),
(35, 'SystemUser9906', 'SystemUser9906@crs.com', '123456'),
(36, 'SystemUser11862', 'SystemUser11862@crs.com', '123456'),
(37, 'SystemUser33556', 'SystemUser33556@crs.com', '123456'),
(38, 'SystemUser82509', 'SystemUser82509@crs.com', '123456'),
(39, 'SystemUser17249', 'SystemUser17249@crs.com', '123456'),
(40, 'SystemUser58287', 'SystemUser58287@crs.com', '123456'),
(41, 'SystemUser92057', 'SystemUser92057@crs.com', '123456'),
(42, 'SystemUser75585', 'SystemUser75585@crs.com', '123456'),
(43, 'SystemUser15029', 'SystemUser15029@crs.com', '123456'),
(44, 'SystemUser97769', 'SystemUser97769@crs.com', '123456'),
(45, 'SystemUser80318', 'SystemUser80318@crs.com', '123456'),
(46, 'SystemUser80864', 'SystemUser80864@crs.com', '123456'),
(47, 'SystemUser31516', 'SystemUser31516@crs.com', '123456'),
(48, 'SystemUser341', 'SystemUser341@crs.com', '123456'),
(49, 'SystemUser15304', 'SystemUser15304@crs.com', '123456');

--
-- Indexes for dumped tables
--

--
-- Indexes for table `chat`
--
ALTER TABLE `chat`
  ADD PRIMARY KEY (`id`);

--
-- Indexes for table `extractEntity`
--
ALTER TABLE `extractEntity`
  ADD PRIMARY KEY (`id`);

--
-- Indexes for table `extractWord`
--
ALTER TABLE `extractWord`
  ADD PRIMARY KEY (`id`);

--
-- Indexes for table `input_queue`
--
ALTER TABLE `input_queue`
  ADD PRIMARY KEY (`id`);

--
-- Indexes for table `message`
--
ALTER TABLE `message`
  ADD PRIMARY KEY (`id`);

--
-- Indexes for table `user`
--
ALTER TABLE `user`
  ADD PRIMARY KEY (`id`);

--
-- AUTO_INCREMENT for dumped tables
--

--
-- AUTO_INCREMENT for table `chat`
--
ALTER TABLE `chat`
  MODIFY `id` int NOT NULL AUTO_INCREMENT, AUTO_INCREMENT=44;

--
-- AUTO_INCREMENT for table `extractEntity`
--
ALTER TABLE `extractEntity`
  MODIFY `id` int NOT NULL AUTO_INCREMENT, AUTO_INCREMENT=324;

--
-- AUTO_INCREMENT for table `extractWord`
--
ALTER TABLE `extractWord`
  MODIFY `id` int NOT NULL AUTO_INCREMENT, AUTO_INCREMENT=355;

--
-- AUTO_INCREMENT for table `input_queue`
--
ALTER TABLE `input_queue`
  MODIFY `id` int NOT NULL AUTO_INCREMENT, AUTO_INCREMENT=289;

--
-- AUTO_INCREMENT for table `message`
--
ALTER TABLE `message`
  MODIFY `id` int NOT NULL AUTO_INCREMENT, AUTO_INCREMENT=934;

--
-- AUTO_INCREMENT for table `user`
--
ALTER TABLE `user`
  MODIFY `id` int NOT NULL AUTO_INCREMENT, AUTO_INCREMENT=50;
COMMIT;

/*!40101 SET CHARACTER_SET_CLIENT=@OLD_CHARACTER_SET_CLIENT */;
/*!40101 SET CHARACTER_SET_RESULTS=@OLD_CHARACTER_SET_RESULTS */;
/*!40101 SET COLLATION_CONNECTION=@OLD_COLLATION_CONNECTION */;
