-- phpMyAdmin SQL Dump
-- version 5.2.0
-- https://www.phpmyadmin.net/
--
-- Host: db
-- Generation Time: Jan 27, 2023 at 02:14 PM
-- Server version: 8.0.31
-- PHP Version: 8.0.26

SET SQL_MODE = "NO_AUTO_VALUE_ON_ZERO";
START TRANSACTION;
SET time_zone = "+00:00";


/*!40101 SET @OLD_CHARACTER_SET_CLIENT=@@CHARACTER_SET_CLIENT */;
/*!40101 SET @OLD_CHARACTER_SET_RESULTS=@@CHARACTER_SET_RESULTS */;
/*!40101 SET @OLD_COLLATION_CONNECTION=@@COLLATION_CONNECTION */;
/*!40101 SET NAMES utf8mb4 */;

--
-- Database: `crs`
--

-- --------------------------------------------------------

--
-- Table structure for table `chat`
--

CREATE TABLE `chat` (
  `id` int NOT NULL,
  `user_a_id` int DEFAULT NULL,
  `user_b_id` int DEFAULT NULL
) ENGINE=InnoDB DEFAULT CHARSET=utf8mb4 COLLATE=utf8mb4_0900_ai_ci;

--
-- Dumping data for table `chat`
--

INSERT INTO `chat` (`id`, `user_a_id`, `user_b_id`) VALUES
(1, 1, 2),
(2, 1, 3),
(3, 1, 4),
(4, 1, 5),
(5, 1, 6),
(6, 1, 10),
(7, 12, 13),
(8, 1, 14),
(9, 1, 15),
(10, 1, 16),
(11, 1, 17),
(12, 1, 18),
(13, 1, 19),
(14, 1, 20),
(15, 1, 21),
(16, 1, 22),
(17, 1, 23),
(18, 1, 24),
(19, 1, 25),
(20, 1, 26),
(21, 1, 27),
(22, 1, 28),
(23, 1, 29),
(24, 1, 30),
(25, 1, 31),
(26, 1, 32);

-- --------------------------------------------------------

--
-- Table structure for table `input_queue`
--

CREATE TABLE `input_queue` (
  `id` int NOT NULL,
  `chat_id` int DEFAULT NULL,
  `message` text,
  `user_id` int DEFAULT NULL,
  `language` varchar(255) NOT NULL DEFAULT 'ZH',
  `done` tinyint NOT NULL DEFAULT '0'
) ENGINE=InnoDB DEFAULT CHARSET=utf8mb4 COLLATE=utf8mb4_0900_ai_ci;

--
-- Dumping data for table `input_queue`
--

INSERT INTO `input_queue` (`id`, `chat_id`, `message`, `user_id`, `language`, `done`) VALUES
(3, 1, '我想要恐怖片', 2, 'ZH', 1),
(4, 1, '我想要恐怖片', 1, 'ZH', 1),
(5, 1, '我想要爱情电影', 2, 'ZH', 1),
(6, 1, '我想要爱情电影', 2, 'ZH', 1),
(7, 1, '我想要爱情电影', 2, 'ZH', 1),
(8, 1, 'action movie plz', 2, 'ZH', 1),
(9, 1, '我想要爱情电影', 2, 'ZH', 1),
(10, 2, '你好', 3, 'ZH', 1),
(11, 2, '哈哈哈', 3, 'ZH', 1),
(12, 2, '有电影推荐吗？', 3, 'ZH', 1),
(13, 2, '我爱你', 3, 'ZH', 1),
(14, 2, '我爱你', 3, 'ZH', 1),
(15, 2, '有动作片推荐吗？', 3, 'ZH', 1),
(16, 1, '有恐怖片推荐吗？', 2, 'ZH', 1),
(17, 2, '有动作片推荐吗？', 3, 'ZH', 1),
(18, 1, '我想要爱情电影', 2, 'ZH', 1),
(19, 2, '有动作片推荐吗', 3, 'ZH', 1),
(20, 1, '有婚姻片推荐吗', 2, 'ZH', 1),
(21, 1, '我想要婚姻片', 2, 'ZH', 1),
(22, 1, '谢谢你', 2, 'ZH', 1),
(23, 3, '你好我想要恐怖片', 4, 'ZH', 1),
(24, 3, '有其他爱情电影吗', 4, 'ZH', 1),
(25, 3, '我想要其他动作片', 4, 'ZH', 1),
(26, 2, 'I want action movie', 3, 'ZH', 1),
(27, 4, '我想要恐怖片', 5, 'ZH', 1),
(28, 5, '你好我想要恐怖片', 6, 'ZH', 1),
(29, 5, '我想要其他喜剧电影', 6, 'ZH', 1),
(30, 5, '有没有推荐的爱情电影', 6, 'ZH', 1),
(31, 6, '我想要爱情电影', 10, 'ZH', 1),
(32, 6, '我想要爱情电影', 10, 'ZH', 1),
(33, 6, '我想要爱情电影', 10, 'ZH', 1),
(34, 6, '我想要动作电影', 10, 'ZH', 1),
(35, 6, '我想要爱情动作电影', 10, 'ZH', 1),
(36, 6, '我想要动作电影', 10, 'ZH', 1),
(37, 6, '你好我想要恐怖片', 10, 'ZH', 1),
(38, 6, '有动作片推荐吗', 10, 'ZH', 1),
(39, 6, '我想要婚姻片', 10, 'ZH', 1),
(40, 6, '我想要恐怖片', 10, 'ZH', 1),
(41, 6, '我想要恐怖片', 10, 'ZH', 1),
(42, 6, 'Sound Good', 1, 'ZH', 1),
(43, 6, '我想要恐怖片', 10, 'ZH', 1),
(44, 6, 'I don\'t like it', 10, 'ZH', 1),
(45, 6, 'Sound Good', 10, 'ZH', 1),
(46, 6, '忘记了', 10, 'ZH', 1),
(47, 6, '我也想要恐怖片', 10, 'ZH', 1),
(48, 6, 'I don\'t like it', 10, 'ZH', 1),
(49, 6, 'Sound Good', 10, 'ZH', 1),
(50, 6, 'I don\'t like it', 10, 'ZH', 1),
(51, 6, '我喜欢保罗·吉亚玛提的片', 10, 'ZH', 1),
(52, 6, 'Sound Good', 10, 'ZH', 1),
(53, 6, '我不喜欢', 10, 'ZH', 1),
(54, 6, '我喜欢', 10, 'ZH', 1),
(55, 7, '你好', 13, 'ZH', 1),
(56, 7, '我喜欢', 13, 'ZH', 1),
(57, 6, '我想要恐怖片', 10, 'ZH', 1),
(58, 8, 'Hello', 14, 'ZH', 1),
(59, 8, '我喜欢', 14, 'ZH', 1),
(60, 8, '我喜欢', 14, 'ZH', 1),
(61, 8, 'Hello', 14, 'ZH', 1),
(62, 8, '我喜欢恐怖片', 14, 'ZH', 1),
(63, 8, '我喜欢', 14, 'ZH', 1),
(64, 8, '我喜欢恐怖片', 14, 'ZH', 1),
(65, 8, '我喜欢恐怖片', 14, 'ZH', 1),
(66, 8, '我喜欢恐怖片', 14, 'ZH', 1),
(67, 8, '我不喜欢', 14, 'ZH', 1),
(68, 8, '我不喜欢', 14, 'ZH', 1),
(69, 8, '我喜欢', 14, 'ZH', 1),
(70, 8, '我喜欢', 14, 'ZH', 1),
(71, 8, '我喜欢', 14, 'ZH', 1),
(72, 8, '我喜欢恐怖片', 14, 'ZH', 1),
(73, 8, '我喜欢', 14, 'ZH', 1),
(74, 8, '我享受恐怖片', 14, 'ZH', 1),
(75, 8, '有没有推荐的爱情电影', 14, 'ZH', 1),
(76, 8, '我喜欢恐怖片', 14, 'ZH', 1),
(77, 8, '有没有推荐的爱情电影', 14, 'ZH', 1),
(78, 8, '有没有推荐的爱情电影', 14, 'ZH', 1),
(79, 8, '我喜欢', 14, 'ZH', 1),
(80, 8, '你說得對', 14, 'ZH', 1),
(81, 8, '有没有推荐的爱情电影', 14, 'ZH', 1),
(82, 8, '我喜欢', 14, 'ZH', 1),
(83, 8, '有没有推荐的爱情电影', 14, 'ZH', 1),
(84, 9, '有没有推荐的爱情电影', 15, 'ZH', 1),
(85, 9, '有没有推荐的爱情电影', 15, 'ZH', 1),
(86, 9, '云上的日子（1995年法国米开朗基罗·安东尼奥尼执导电影）', 15, 'ZH', 1),
(87, 9, '有没有推荐的爱情电影', 15, 'ZH', 1),
(88, 9, '我喜欢', 15, 'ZH', 1),
(89, 10, '有没有推荐的恐怖电影', 16, 'ZH', 1),
(90, 10, '我喜欢', 16, 'ZH', 1),
(91, 11, '有没有推荐的爱情电影', 17, 'ZH', 1),
(92, 11, '我喜欢', 17, 'ZH', 1),
(93, 12, '有没有推荐的爱情电影', 18, 'ZH', 1),
(94, 12, '我喜欢', 18, 'ZH', 1),
(95, 13, '有没有推荐的爱情电影', 19, 'ZH', 1),
(96, 13, '我喜欢', 19, 'ZH', 1),
(97, 14, '有没有推荐的恐怖电影', 20, 'ZH', 1),
(98, 14, '我喜欢', 20, 'ZH', 1),
(99, 15, '有没有推荐的爱情电影', 21, 'ZH', 1),
(100, 15, '我喜欢', 21, 'ZH', 1),
(101, 16, '有没有推荐的恐怖电影', 22, 'ZH', 1),
(102, 17, '有没有推荐的恐怖电影', 23, 'ZH', 1),
(103, 18, '有没有推荐的爱情电影', 24, 'ZH', 1),
(104, 19, '有什么喜剧电影推荐吗', 25, 'ZH', 1),
(105, 19, '有什么喜剧电影推荐吗', 25, 'ZH', 1),
(106, 21, '我想看喜剧电影', 27, 'ZH', 1),
(107, 21, '我喜欢', 27, 'ZH', 1),
(108, 22, '我想看喜剧电影', 28, 'ZH', 1),
(109, 22, '我喜欢', 28, 'ZH', 1),
(110, 23, '我想看动作片', 29, 'ZH', 1),
(111, 23, '我不喜欢', 29, 'ZH', 1),
(112, 24, '我想看动作片', 30, 'ZH', 1),
(113, 25, 'Testing', 31, 'ZH', 1),
(114, 25, 'I am looking for horror movie', 31, 'ZH', 1),
(115, 25, 'horror', 31, 'ZH', 1),
(116, 25, 'How are you?', 31, 'ZH', 1),
(117, 25, 'I want some love movie.', 31, 'ZH', 1),
(118, 25, 'Hello how are you?', 31, 'ZH', 1),
(119, 25, 'Hello how are you?', 31, 'ZH', 1),
(120, 25, 'Hello I am looking for some comedy movie.', 31, 'ZH', 1),
(121, 25, 'I am looking for some comedy movie.', 31, 'ZH', 1),
(122, 25, 'Hello', 31, 'ZH', 1),
(123, 25, 'do you have any comedy movie recommendation?', 31, 'ZH', 1),
(124, 25, 'movie please?', 31, 'ZH', 1),
(125, 25, 'Hello I am looking for some comedy movie.', 31, 'ZH', 1),
(126, 25, 'I am looking for love movie.', 31, 'ZH', 1),
(127, 25, 'I am looking for love movie', 31, 'ZH', 1),
(128, 25, 'I am looking for love movie', 31, 'ZH', 1),
(129, 25, 'I am looking for love movie', 31, 'ZH', 1),
(130, 25, 'looking for love movie', 31, 'ZH', 1),
(131, 25, 'I am also looking for comedy anime.', 31, 'ZH', 1),
(132, 25, 'I am looking for comedy anime.', 31, 'ZH', 1),
(133, 25, 'I am looking for comedy anime.', 31, 'ZH', 1),
(134, 25, 'Is there any comedy movie?', 31, 'ZH', 1),
(135, 25, 'any funny movie recommend?', 31, 'ZH', 1),
(136, 25, 'I am looking for comedy movie.', 31, 'ZH', 1),
(137, 25, 'I am looking for comedy movie.', 31, 'ZH', 1),
(138, 25, 'I am looking for love movie.', 31, 'ZH', 1),
(139, 25, 'I am looking for love movie.', 31, 'ZH', 1),
(140, 25, 'any funny movie recommend?', 31, 'ZH', 1),
(141, 25, 'any funny movie recommend?', 31, 'ZH', 1),
(142, 25, 'any funny movie recommend?', 31, 'ZH', 1),
(143, 25, 'any funny movie recommend?', 31, 'ZH', 1),
(144, 25, 'any funny movie recommend?', 31, 'ZH', 1),
(145, 25, 'any funny movie recommend?', 31, 'ZH', 1),
(146, 25, 'any funny movie recommend?', 31, 'ZH', 1),
(147, 25, 'any funny movie recommend?', 31, 'ZH', 1),
(148, 25, 'any funny movie recommend?', 31, 'ZH', 1),
(149, 25, 'any funny movie recommend?', 31, 'ZH', 1),
(150, 25, 'any funny movie recommend?', 31, 'ZH', 1),
(151, 25, 'Hello how are you', 31, 'ZH', 1),
(152, 25, 'I am good thank you. I am looking for movies', 31, 'ZH', 1),
(153, 26, '我想看动作片', 32, 'ZH', 1),
(154, 26, '我想看动作片', 32, 'ZH', 1),
(155, 26, 'Hello How are you?', 32, 'ZH', 1),
(156, 26, 'Hello I am looking for movie', 32, 'ZH', 1),
(157, 26, 'Hello World', 32, 'ZH', 0),
(158, 26, 'Hello World', 32, 'ZH', 0),
(159, 26, 'Hello World', 32, 'ZH', 0),
(160, 26, 'Hello World', 32, 'ZH', 0),
(161, 26, 'Hello World', 32, 'ZH', 0),
(162, 26, 'Hello World', 32, 'ZH', 0),
(163, 26, 'Hello World', 32, 'EN', 0);

-- --------------------------------------------------------

--
-- Table structure for table `message`
--

CREATE TABLE `message` (
  `id` int NOT NULL,
  `chat_id` int DEFAULT NULL,
  `user_id` int DEFAULT NULL,
  `type` varchar(255) DEFAULT NULL,
  `content` text,
  `created_at` datetime NOT NULL DEFAULT CURRENT_TIMESTAMP
) ENGINE=InnoDB DEFAULT CHARSET=utf8mb4 COLLATE=utf8mb4_0900_ai_ci;

--
-- Dumping data for table `message`
--

INSERT INTO `message` (`id`, `chat_id`, `user_id`, `type`, `content`, `created_at`) VALUES
(1, 1, 2, 'text', '[Recommend]:\n卡里加里博士的小屋\n木乃伊（1999年斯蒂芬·索莫斯执导的电影）\n黑暗乡村\n灵幻夹克\n洛基恐怖秀\n四人餐桌\n美国黑帮\n盖棺了结\n诺斯费拉图（1979年维尔内纳·赫尔措格导演电影）\n费城故事（1940年乔治·丘克执导美国电影）\n', '2022-10-10 00:13:23'),
(2, 1, 2, 'text', '帮 我 把 这 个 小 妹 妹 换 衣 服 ， 可 是 我 有 点 吃 不 消 。', '2022-10-10 00:16:05'),
(3, 1, 1, 'text', '我想要恐怖片', '2022-10-10 00:22:31'),
(4, 1, 1, 'text', '[Recommend]:\n木乃伊（1999年斯蒂芬·索莫斯执导的电影）\n卡里加里博士的小屋\n旧日噩梦\n黑色安息日（意大利恐怖电影）\n新浪花金融道(0)\n致命切割\n鬼作秀2\n内陆（意大利2011年艾曼纽尔·克里亚勒斯执导电影）\n斯巴达克斯（2004年美国罗伯特·多恩海姆导演电影）\n重返奥兹国\n', '2022-10-10 00:23:05'),
(5, 1, 1, 'text', '还 有 租 车 的 时 候 太 难 骑 ， 太 怕 员 骄 傲 ， 想 要 搞 几 条 狗 ， 有 一 集 会 干', '2022-10-10 00:26:33'),
(6, 1, 1, 'text', '我想要爱情电影', '2022-10-10 00:33:46'),
(7, 1, 2, 'text', '[Recommend]:\n断背山（2005年李安执导美国电影）\n来电惊魂\n浓情巧克力（美国2000年朱丽叶·比诺什主演电影）\n神秘村\n堕入地狱\n花月佳期（1967年黄尧执导电影）\n见鬼\n战地情人\n绿卡（电影）\n湖边的少女\n', '2022-10-10 00:34:15'),
(8, 1, 2, 'text', '给 他 ， 让 他 软 玉 支 持 一 下 来 ， 让 他 软 玉 支 持 一 下 。', '2022-10-10 00:36:54'),
(9, 1, 1, 'text', '我想要爱情电影', '2022-10-10 00:44:03'),
(10, 1, 2, 'text', '[Recommend]:\n断背山（2005年李安执导美国电影）\n浓情巧克力（美国2000年朱丽叶·比诺什主演电影）\n猎头游戏\n当哈利遇到莎莉\n大叔，我爱你\n绿卡（电影）\n情书（1997年韩国电影）\n云上的日子（1995年法国米开朗基罗·安东尼奥尼执导电影）\n木乃伊（1999年斯蒂芬·索莫斯执导的电影）\n堕入地狱\n', '2022-10-10 00:44:30'),
(11, 1, 2, 'text', '找 男 朋 友 的 ， 但 是 他 的 心 都 有 了 ， 我 无 法 理 解 。', '2022-10-10 00:46:58'),
(12, 1, 1, 'text', '我想要爱情电影', '2022-10-10 00:49:07'),
(13, 1, 2, 'text', '[Recommend]:\n断背山（2005年李安执导美国电影）\n木乃伊（1999年斯蒂芬·索莫斯执导的电影）\n浓情巧克力（美国2000年朱丽叶·比诺什主演电影）\n神秘村\n绿卡（电影）\n云上的日子（1995年法国米开朗基罗·安东尼奥尼执导电影）\n爱情（1948年意大利电影）\n棺木\n圣体(2011)\n呼啸山庄（1954年版墨西哥电影）\n', '2022-10-10 00:49:35'),
(14, 1, 2, 'text', '却 偏 向 于 发 觉 他 非 常 珍 惜 ， 他 真 的 很 彻 底 ， 只 是 太 理 想 获 得 了 一 把', '2022-10-10 00:53:03'),
(15, 1, 1, 'text', 'action movie plz', '2022-10-10 00:53:22'),
(16, 1, 2, 'text', '[Recommend]:\n浓情巧克力（美国2000年朱丽叶·比诺什主演电影）\n怪兽电力公司\n罗马假日（1987年美国电视电影）\n两小无猜（2003年杨·塞谬尔导演电影）\n万有引力（2011年赵天宇导演电影）\n机器人之恋\n失乐园（张吉秀执导电影）\n米尔克（美国2008年Gus Van Sant执导电影）\n白雪公主斗牛记\n熊猫家族\n', '2022-10-10 00:53:51'),
(17, 1, 2, 'text', '。', '2022-10-10 00:54:18'),
(18, 1, 1, 'text', '我想要爱情电影', '2022-10-10 00:54:41'),
(19, 1, 2, 'text', '[Recommend]:\n小姐弟荒原历险\n花月佳期（1967年黄尧执导电影）\n浓情巧克力（美国2000年朱丽叶·比诺什主演电影）\n我心狂野（1990年大卫·林奇执导美国电影）\n大叔，我爱你\n怪物史莱克（2001年上映动画电影）\n理发师（2006年陈坤主演电影）\n咱们结婚吧（2015年刘江执导的爱情电影）\n来电惊魂\n当哈利遇到莎莉\n', '2022-10-10 00:55:09'),
(20, 1, 2, 'text', '一 般 都 是 按 照 一 定 程 度 的 ， 毕 竟 有 无 穷 无 穷 嘛 。', '2022-10-10 00:57:41'),
(21, 2, 1, 'text', '你好', '2022-10-12 22:42:34'),
(22, 2, 3, 'text', '[Recommend]:\n三十一\n美丽谎言（电影）\n内裤之穴\n猛鬼撞鬼\n罪与错\n魁拔Ⅲ战神崛起(2014)\n惊爆星期四\n雷诺阿（法国电影导演）\n九香\n三十八度\n', '2022-10-12 22:42:44'),
(23, 2, 3, 'text', '好 照 顾 自 己 的 小 女 孩 ， 哈 哈 哈 哈 哈 哈 哈 哈 哈 哈 哈 哈 哈 哈 哈 哈 哈 哈 哈', '2022-10-12 22:46:04'),
(24, 2, 1, 'text', '哈哈哈', '2022-10-12 22:48:00'),
(25, 2, 3, 'text', '[Recommend]:\n飞侠小白龙（1968年王风执导电影）\n幽灵僵尸\n三十八度\n魔棺\n莫小白的水怪日记\n生日快乐（2007年马楚成执导电影）\n迷失：过去，现在与未来(2008)\n败家仔\n“下次开船”港游记（1984年秦志钰执导电影）\n肥佬教授\n', '2022-10-12 22:48:09'),
(26, 2, 3, 'text', '哈 哈 哈 哈 哈 哈 哈 哈 哈 哈 哈 哈 哈 哈 哈 哈 哈 哈 哈 哈 哈 哈 哈 哈 哈 哈 哈 哈 哈', '2022-10-12 22:51:33'),
(27, 2, 1, 'text', '有电影推荐吗？', '2022-10-12 22:52:46'),
(28, 2, 3, 'text', '[Recommend]:\n穿越时光的地铁\n抗癌的我\n心底的逆流\n小城之春（1948年费穆执导电影）\n劳拉的星星（同名电影）\n移动迷宫3：死亡解药(2018)\n神父同志\n纽约，我爱你\n小马王\n狼的诱惑（韩国2004年姜栋元和李清娥主演爱情电影）\n', '2022-10-12 22:53:15'),
(29, 2, 1, 'text', '我爱你', '2022-10-12 22:55:06'),
(30, 2, 3, 'text', '[Recommend]:\n适合分手的季节\n幸福额度（2011年陈正道执导电影）\n伤心童话（2012年徐正超执导电影）\n烈火情人（英国1992年朱丽叶主演电影）\n酣歌畅戏\n台北异想\n暗恋桃花源（1992年林青霞主演电影）\n五百万美元的大丈夫\n天涯海角（1996年李志毅执导电影）\n新天生一对\n', '2022-10-12 22:55:29'),
(31, 2, 3, 'text', '的 我 吧 己 的 笑 。', '2022-10-12 22:56:31'),
(32, 2, 1, 'text', '我爱你', '2022-10-12 22:57:39'),
(33, 2, 3, 'text', '[Recommend]:\n酣歌畅戏\n傻瓜回忆录\n台北异想\n爆裂刑警\n冲向天外天\n适合分手的季节\n信天游（冯小宁执导电影）\n蒙娜丽莎（李缨执导电影）\n逆世界\n红河（2009年章家瑞执导电影）\n', '2022-10-12 22:58:02'),
(34, 2, 3, 'text', '的 爱 你 的 爱 你 的 爱 你 的 爱 我 的 爱 我 的 爱 我 的 爱 我 的 不 是 酸 ！', '2022-10-12 23:01:13'),
(35, 2, 1, 'text', '有动作片推荐吗？', '2022-10-12 23:02:09'),
(36, 1, 1, 'text', '有恐怖片推荐吗？', '2022-10-12 23:02:27'),
(37, 1, 2, 'text', '[Recommend]:\n双枪（2013年巴塔萨·科马库执导的美国电影）\n达拉斯买家俱乐部\n穿越时光的地铁\n杀破狼（2005年叶伟信执导电影）\n虎胆龙威5\n绝地战警2\n生死拳\n攻壳机动队SSS\n少林豪侠传\n剃头匠\n', '2022-10-12 23:02:36'),
(38, 2, 3, 'text', '[Recommend]:\n终结者2018\n终极斗士（1992年詹姆斯·马歇尔主演电影）\n双枪（2013年巴塔萨·科马库执导的美国电影）\n小城之春（1948年费穆执导电影）\n杀破狼（2005年叶伟信执导电影）\n武术之少年行\n皇家师姐2\n特工008\n剃头匠\n穿越时光的地铁\n', '2022-10-12 23:03:29'),
(39, 2, 1, 'text', '有动作片推荐吗？', '2022-10-12 23:04:32'),
(40, 1, 1, 'text', '我想要爱情电影', '2022-10-12 23:04:38'),
(41, 1, 2, 'text', '[Recommend]:\n云上的日子（1995年法国米开朗基罗·安东尼奥尼执导电影）\n断背山（2005年李安执导美国电影）\n浓情巧克力（美国2000年朱丽叶·比诺什主演电影）\n加勒比海盗3：世界的尽头\n绿卡（电影）\n廊桥遗梦（美国1995年克林特·伊斯特伍德执导爱情电影）\n婚姻生活（1970年弗朗索瓦·特吕弗导演电影）\n恋爱中的宝贝（2004年李少红执导电影）\n血与蜜之地\n命运呼叫转移\n', '2022-10-12 23:05:30'),
(42, 1, 2, 'text', '来 了 ， 你 有 什 么 指 望 吗 ？', '2022-10-12 23:06:54'),
(43, 2, 3, 'text', '[Recommend]:\n终结者2018\n武术之少年行\n通缉令（1984年金淑琪导演的电影）\n抗癌的我\n心底的逆流\n云上的日子（1995年法国米开朗基罗·安东尼奥尼执导电影）\n边境杀手\n剃头匠\n东方秃鹰\n变形金刚（2007年派拉蒙影业真人版电影）\n', '2022-10-12 23:07:20'),
(44, 2, 1, 'text', '有动作片推荐吗', '2022-10-12 23:08:26'),
(45, 2, 3, 'text', '[Recommend]:\n杀破狼（2005年叶伟信执导电影）\n武术之少年行\n拳霸（2003年拳霸系列电影的一部动作片）\n双枪（2013年巴塔萨·科马库执导的美国电影）\n机器人之恋\n狙击时刻(2014)\n公主日记2\n中环英雄（1991年香港电影）\n绝代双骄（1979年邵氏傅声、伍卫国主演的电影）\n虎胆龙威5\n', '2022-10-12 23:08:54'),
(46, 2, 3, 'text', '？', '2022-10-12 23:09:20'),
(47, 1, 1, 'text', '有婚姻片推荐吗', '2022-10-12 23:09:24'),
(48, 1, 2, 'text', '[Recommend]:\n当爱来的时候\n剃头匠\n婚姻生活（1970年弗朗索瓦·特吕弗导演电影）\n劳拉的星星（同名电影）\n心底的逆流\n游客（2014年法国喜剧电影）\n费城故事（1940年乔治·丘克执导美国电影）\n达拉斯买家俱乐部\n抗癌的我\n女友礼拜五\n', '2022-10-12 23:09:52'),
(49, 1, 2, 'text', '？', '2022-10-12 23:10:17'),
(50, 1, 1, 'text', '我想要婚姻片', '2022-10-12 23:10:56'),
(51, 1, 2, 'text', '[Recommend]:\n婚姻生活（1970年弗朗索瓦·特吕弗导演电影）\n泡妞达人\n游客（2014年法国喜剧电影）\n红楼梦Ⅲ 凤姐泼醋(0)\n萨凡纳（2013阿内特·霍华德-卡特导演美国电影）\n带子雄狼 父子连心(1972)\n我爱你（2011年秋昌民导演的韩国电影）\n杰克和露丝的情歌(2005)\n我的小小新娘\n卡米诺\n', '2022-10-12 23:11:28'),
(52, 1, 2, 'text', '， 你 帮 我 把 名 字 马 上 给 我 一 份 ， 我 不 贪 心 ， 我 不 太 担 心 ， 但 是 没 有', '2022-10-12 23:14:42'),
(53, 1, 1, 'text', '谢谢你', '2022-10-12 23:16:49'),
(54, 1, 2, 'text', '[Recommend]:\n天涯海角（1996年李志毅执导电影）\n泡妞达人\n我的小小新娘\n新郎上错床\n卡米诺\n女人的期待\n红楼梦Ⅲ 凤姐泼醋(0)\n冰血暴（美国1996年科恩兄弟执导电影）\n婚礼之后\n隔窗未了缘\n', '2022-10-12 23:17:04'),
(55, 1, 2, 'text', '， 我 要 我 心 情 不 安 ， 你 说 一 遍 不 激 的 。', '2022-10-12 23:18:54'),
(56, 3, 1, 'text', '你好我想要恐怖片', '2022-10-15 12:12:51'),
(57, 3, 4, 'text', '[Recommend]:\n木乃伊（1999年斯蒂芬·索莫斯执导的电影）\n卡里加里博士的小屋\n四人餐桌\n咒怨2 录像带版(2000)\n死寂（美国2007年詹姆斯·温执导电影）\n豹族(1942)\n超完美谋杀案\n洛基恐怖秀\n招魂（2005年大卫史密斯执导电影）\n致命切割\n', '2022-10-15 12:13:33'),
(58, 3, 4, 'text', '帮 我 把 这 个 老 失 败 告 一 下 ， 最 好 是 清 爽 的 那 种 带 来 了 灵 魂 无 穷 无 穷', '2022-10-15 12:17:21'),
(59, 3, 1, 'text', '有其他爱情电影吗', '2022-10-15 12:55:55'),
(60, 3, 4, 'text', '[Recommend]:\n神秘村\n致命切割\n旧日噩梦\n恋爱中的宝贝（2004年李少红执导电影）\n威尼斯疑魂\n盖棺了结\n机器人之恋\n罗马假日（1987年美国电视电影）\n三只猴子\n精灵鼠小弟（美国1999年E·B·怀特著童话改编好莱坞电影）\n', '2022-10-15 12:56:30'),
(61, 3, 4, 'text', '？', '2022-10-15 12:57:03'),
(62, 3, 1, 'text', '我想要其他动作片', '2022-10-15 12:57:44'),
(63, 3, 4, 'text', '[Recommend]:\n少林豪侠传\n碟中谍5：神秘国度(0)\n胖男孩快跑\n虎胆龙威（布鲁斯·威利斯主演虎胆龙威系列电影）\n蚁哥正传\n杀人三步曲\n虐童疑云\n僵尸大时代\n战士帮（1979年美国沃尔特·希尔执导电影）\n通缉令（1984年金淑琪导演的电影）\n', '2022-10-15 12:58:12'),
(64, 3, 4, 'text', '了 解 一 下 ， 不 太 真 实 ， 我 更 想 要 看 看 会 无 穷 好 吗 ？', '2022-10-15 13:00:42'),
(65, 2, 1, 'text', 'I want action movie', '2022-10-15 13:07:05'),
(66, 2, 3, 'text', '[Recommend]:\n悲惨世界（1934年的法国电影）\n列车惊魂\n亚特兰蒂斯之心（美国2001年斯科特·希克斯执导电影）\n火柴厂女工\n暗夜恐惧(0)\n简爱\n梦宅诡影\n跳支华尔兹\n我的童年（苏联1937年穆·顿斯柯依执导电影）\n小山回家\n', '2022-10-15 13:07:34'),
(67, 2, 3, 'text', '的 那 种 讲 脸 的 建 议 ， 毕 竟 血 溅 没 有 太 大 的 。', '2022-10-15 13:09:52'),
(68, 4, 1, 'text', '我想要恐怖片', '2022-10-15 14:27:21'),
(69, 4, 5, 'text', '[Recommend]:\n木乃伊（1999年斯蒂芬·索莫斯执导的电影）\n旧日噩梦\n独行杀手\n两杆大烟枪\n剃头匠\n命案目睹记(2004)\n非常舞者\n霓虹恶魔(2016)\n怒海沉尸\n暴饮暴食(1995)\n', '2022-10-15 14:27:55'),
(70, 4, 5, 'text', '， 你 就 得 逞 了 。', '2022-10-15 14:29:02'),
(71, 5, 1, 'text', '你好我想要恐怖片', '2022-10-15 14:31:26'),
(72, 5, 6, 'text', '[Recommend]:\n木乃伊（1999年斯蒂芬·索莫斯执导的电影）\n科学怪人（1910年的美国电影）\n伯爵夫人的耳环\n独行杀手\n旧日噩梦\n心理游戏（2004年汤浅政明执导日本动画电影）\n高潮\n杀人偶\n爱情万岁（周柏豪主演香港电影）\n蚁哥正传\n', '2022-10-15 14:32:07'),
(73, 5, 6, 'text', '。', '2022-10-15 14:32:47'),
(74, 5, 1, 'text', '我想要其他喜剧电影', '2022-10-15 14:37:31'),
(75, 5, 6, 'text', '[Recommend]:\n三个臭皮匠（帕特里克·华德执导电影）\n鬼妈妈（亨利·塞利克执导电影）\n心理游戏（2004年汤浅政明执导日本动画电影）\n来电惊魂\n伦巴（菲欧娜·戈登主演电影之一）\n战地情人\n死亡派对（2011年美国电影）\n大叔，我爱你\n火龙对决\n白色夹竹桃\n', '2022-10-15 14:38:05'),
(76, 5, 6, 'text', '。', '2022-10-15 14:38:38'),
(77, 5, 1, 'text', '有没有推荐的爱情电影', '2022-10-15 14:45:45'),
(78, 5, 6, 'text', '[Recommend]:\n鬼妈妈（亨利·塞利克执导电影）\n猎头游戏\n断背山（2005年李安执导美国电影）\n见鬼\n来电惊魂\n古镜怪谈\n三个臭皮匠（帕特里克·华德执导电影）\n年轻的亚当\n大白鲨（1978年美国吉诺特兹瓦克执导电影）\n我心狂野（1990年大卫·林奇执导美国电影）\n', '2022-10-15 14:46:26'),
(79, 5, 6, 'text', '。', '2022-10-15 14:47:05'),
(80, 6, 1, 'text', '我想要爱情电影', '2022-11-03 15:25:50'),
(81, 6, 10, 'text', '[Recommend]:\n婚姻生活（1970年弗朗索瓦·特吕弗导演电影）\n变形金刚（2007年派拉蒙影业真人版电影）\n加勒比海盗3：世界的尽头\n', '2022-11-03 15:26:17'),
(82, 6, 10, 'text', '来 了 ， 你 有 什 么 指 望 吗 ？', '2022-11-03 15:27:41'),
(83, 6, 1, 'text', '我想要爱情电影', '2022-11-03 15:31:21'),
(84, 6, 10, 'text', '[Recommend]:\n情书（1997年韩国电影）\n断背山（2005年李安执导美国电影）\n廊桥遗梦（美国1995年克林特·伊斯特伍德执导爱情电影）\n', '2022-11-03 15:31:49'),
(85, 6, 10, 'text', '[Response]:\n来 了 ， 你 有 什 么 指 望 吗 ？', '2022-11-03 15:33:15'),
(86, 6, 1, 'text', '我想要爱情电影', '2022-11-03 15:40:03'),
(87, 6, 10, 'text', '[Recommend]:\n云上的日子（1995年法国米开朗基罗·安东尼奥尼执导电影）\n断背山（2005年李安执导美国电影）\n血与蜜之地\n', '2022-11-03 15:40:32'),
(88, 6, 10, 'text', '[Response]:\n来 了 ， 你 有 什 么 指 望 吗 ？', '2022-11-03 15:41:57'),
(89, 6, 1, 'text', '我想要动作电影', '2022-11-03 15:44:01'),
(90, 6, 10, 'text', '[Recommend]:\n勇闯16街区\n', '2022-11-03 15:44:36'),
(91, 6, 10, 'text', '[Response]:\n来 了 ， 你 帮 我 一 起 看 呗 ， 我 正 在 想 怎 么 办 呢 ！', '2022-11-03 15:47:03'),
(92, 6, 1, 'text', '我想要爱情动作电影', '2022-11-03 16:18:29'),
(93, 6, 10, 'text', '[Recommend]:\n断背山（2005年李安执导美国电影）\n', '2022-11-03 16:19:03'),
(94, 6, 10, 'text', '[Response]:\n呢 ！', '2022-11-03 16:19:42'),
(95, 6, 1, 'text', '我想要动作电影', '2022-11-03 16:55:23'),
(96, 6, 10, 'text', '[Recommend]:\n通缉令（1984年金淑琪导演的电影）\n', '2022-11-03 16:55:58'),
(97, 6, 10, 'text', '[Response]:\n来 了 ， 你 帮 我 一 起 看 呗 ， 我 正 在 想 怎 么 办 呢 ！', '2022-11-03 16:58:23'),
(98, 6, 1, 'text', '你好我想要恐怖片', '2022-11-03 16:58:28'),
(99, 6, 10, 'text', '[Recommend]:\n木乃伊（1999年斯蒂芬·索莫斯执导的电影）\n', '2022-11-03 16:59:09'),
(100, 6, 10, 'text', '[Response]:\n的 照 片 ， 不 知 道 你 有 没 有 看 完 ， 我 很 想 要 。', '2022-11-03 17:01:37'),
(101, 6, 1, 'text', '有动作片推荐吗', '2022-11-03 17:02:08'),
(102, 6, 10, 'text', '[Recommend]:\n终结者2018\n', '2022-11-03 17:02:36'),
(103, 6, 10, 'text', '[Response]:\n？', '2022-11-03 17:03:02'),
(104, 6, 1, 'text', '我想要婚姻片', '2022-11-03 17:04:18'),
(105, 6, 10, 'text', '[Recommend]:\n杯酒人生\n', '2022-11-03 17:04:46'),
(106, 6, 10, 'text', '[Response]:\n！', '2022-11-03 17:05:13'),
(107, 6, 1, 'text', '我想要恐怖片', '2022-11-03 17:05:56'),
(108, 6, 10, 'text', '[Recommend]:\n剃头匠\n', '2022-11-03 17:06:31'),
(109, 6, 10, 'text', '[Response]:\n', '2022-11-03 17:07:05'),
(110, 6, 1, 'text', '我想要恐怖片', '2022-11-03 18:49:38'),
(111, 6, 10, 'text', '[Recommend]:\n木乃伊（1999年斯蒂芬·索莫斯执导的电影）\n', '2022-11-03 18:50:16'),
(112, 6, 10, 'recommend', '[Response]:\n帮 我 把 这 个 小 妹 妹 换 衣 服 ， 可 是 我 有 点 吃 不 消 。', '2022-11-03 18:53:03'),
(113, 6, 1, 'text', 'Sound Good', '2022-11-04 13:37:51'),
(114, 6, 1, 'text', '[Recommend]:\nA计划（中国1983年成龙执导的喜剧电影）\n', '2022-11-04 13:45:38'),
(115, 6, 1, 'recommend', '[Response]:\n忘 记 和 你 交 流 了 好 多 的 事 吗 ？', '2022-11-04 13:47:10'),
(116, 6, 1, 'text', '我想要恐怖片', '2022-11-04 13:48:54'),
(117, 6, 10, 'text', '[Recommend]:\n木乃伊（1999年斯蒂芬·索莫斯执导的电影）\n', '2022-11-04 13:50:21'),
(118, 6, 10, 'recommend', '[Response]:\n帮 我 把 这 个 小 妹 妹 换 衣 服 ， 可 是 我 有 点 吃 不 消 。', '2022-11-04 13:53:04'),
(119, 6, 1, 'text', 'I don\'t like it', '2022-11-04 13:53:09'),
(120, 6, 10, 'text', '[Recommend]:\n黑暗乡村\n', '2022-11-04 13:53:37'),
(121, 6, 10, 'recommend', '[Response]:\n淹 了 吧 哭 泣 一 个 我 的 大 猪 眼 ， 不 知 道 选 什 么 牌 子 。', '2022-11-04 13:56:20'),
(122, 6, 1, 'text', 'Sound Good', '2022-11-04 13:56:35'),
(123, 6, 10, 'text', '[Recommend]:\n死神来了2\n', '2022-11-04 13:56:49'),
(124, 6, 10, 'recommend', '[Response]:\n忘 记 丧 尸 了 吗 ？', '2022-11-04 13:57:44'),
(125, 6, 1, 'text', '忘记了', '2022-11-04 14:02:14'),
(126, 6, 10, 'text', '[Recommend]:\n隔山有眼2\n', '2022-11-04 14:02:29'),
(127, 6, 10, 'recommend', '[Response]:\n， 但 是 我 想 要 恐 怖 片 ！', '2022-11-04 14:03:36'),
(128, 6, 1, 'text', '我也想要恐怖片', '2022-11-04 14:04:46'),
(129, 6, 10, 'text', '[Recommend]:\nC 侦探\n', '2022-11-04 14:05:20'),
(130, 6, 10, 'recommend', '[Response]:\n。', '2022-11-04 14:05:54'),
(131, 6, 1, 'text', 'I don\'t like it', '2022-11-04 14:06:58'),
(132, 6, 10, 'text', '[Recommend]:\n鬼妈妈（亨利·塞利克执导电影）\n', '2022-11-04 14:07:27'),
(133, 6, 10, 'recommend', '[Response]:\n了 ， 但 是 没 看 够 ， 倒 是 有 点 吃 ， 有 点 吃 不 惯 。', '2022-11-04 14:09:40'),
(134, 6, 1, 'text', 'Sound Good', '2022-11-04 14:10:17'),
(135, 6, 10, 'text', '[Recommend]:\n小猪妈仔\n', '2022-11-04 14:10:32'),
(136, 6, 10, 'recommend', '[Response]:\n。', '2022-11-04 14:10:46'),
(137, 6, 1, 'text', 'I don\'t like it', '2022-11-04 14:10:49'),
(138, 6, 10, 'text', '[Recommend]:\n来电惊魂\n', '2022-11-04 14:11:18'),
(139, 6, 10, 'recommend', '[Response]:\n膜 膜 ！', '2022-11-04 14:11:59'),
(140, 6, 1, 'text', '我喜欢保罗·吉亚玛提的片', '2022-11-04 14:53:41'),
(141, 6, 10, 'text', '[Recommend]:\n第一夫人\n', '2022-11-04 14:54:18'),
(142, 6, 10, 'recommend', '[Response]:\n子 ， 我 喜 欢 金 匮 植 。', '2022-11-04 14:55:41'),
(143, 6, 1, 'text', 'Sound Good', '2022-11-04 15:14:21'),
(144, 6, 10, 'text', '[Recommend]:\n十月（1928年前苏联电影）\n', '2022-11-04 15:14:35'),
(145, 6, 10, 'recommend', '[Response]:\n。', '2022-11-04 15:14:49'),
(146, 6, 1, 'text', '我不喜欢', '2022-11-04 15:22:28'),
(147, 6, 10, 'text', '[Recommend]:\n湖边的少女\n', '2022-11-04 15:22:49'),
(148, 6, 10, 'recommend', '[Response]:\n违 花 薄 草 。', '2022-11-04 15:23:36'),
(149, 6, 1, 'text', '我喜欢', '2022-11-04 15:41:51'),
(150, 6, 10, 'text', '[Recommend]:\n看不见的客人\n', '2022-11-04 15:42:06'),
(151, 6, 10, 'recommend', '[Response]:\n金 · 纠 泽 。', '2022-11-04 15:42:40'),
(152, 7, 12, 'text', '你好', '2022-11-04 15:51:23'),
(153, 7, 13, 'text', '[Recommend]:\n幸福额度（2011年陈正道执导电影）\n', '2022-11-04 15:51:31'),
(154, 7, 13, 'recommend', '[Response]:\n徽 茵 衬 衫 裙 水 。', '2022-11-04 15:52:18'),
(155, 7, 12, 'text', '我喜欢', '2022-11-04 15:52:54'),
(156, 7, 13, 'text', '[Recommend]:\n三幕悲剧（1986年美国电视电影）\n', '2022-11-04 15:53:09'),
(157, 7, 13, 'recommend', '[Response]:\n违 花 羡 情 ， 我 喜 欢 ， 那 是 驱 捉 戛 然 开 朗 ~ 戛 然 开 朗 ~', '2022-11-04 15:55:29'),
(158, 6, 1, 'text', '我想要恐怖片', '2022-11-04 16:02:20'),
(159, 6, 10, 'text', '[Recommend]:\n布杜落水遇救记\n', '2022-11-04 16:02:54'),
(160, 6, 10, 'recommend', '[Response]:\n伤 害 你 好 點 意 思 ， 伐 嫌 弃 我 要 酋 旺 包 ， 你 太 不 可 能 酱 紫 了 。 你 要 是', '2022-11-04 16:06:17'),
(161, 8, 1, 'text', 'Hello', '2022-12-11 21:37:49'),
(162, 8, 14, 'text', '[Recommend]:\nA计划（中国1983年成龙执导的喜剧电影）\n', '2022-12-15 20:12:45'),
(163, 8, 14, 'recommend', '[Response]:\n照 顾 老 人 的 感 觉 是 不 是 很 美', '2022-12-15 20:13:37'),
(164, 8, 1, 'text', '我喜欢', '2022-12-15 20:31:46'),
(165, 8, 14, 'text', '[Recommend]:\n冰血暴（美国1996年科恩兄弟执导电影）\n', '2022-12-15 20:31:57'),
(166, 8, 14, 'recommend', '[Response]:\n的 东 西 ， 我 今 天 去 吃 了 两 个 晚 饭 ， 还 在 家 里 大 吃 大 喝 喝 了 好 久 吃 了', '2022-12-15 20:34:15'),
(167, 8, 1, 'text', '我喜欢', '2022-12-15 20:41:53'),
(168, 8, 14, 'text', '[Recommend]:\n52赫兹，我爱你\n', '2022-12-15 20:42:21'),
(169, 8, 14, 'recommend', '[Response]:\n的 东 西 ， 我 今 天 去 吃 了 两 个 晚 饭 ， 还 在 家 里 大 吃 大 喝 喝 了 好 久 吃 了', '2022-12-15 20:44:24'),
(170, 8, 1, 'text', 'Hello', '2022-12-15 20:46:20'),
(171, 8, 14, 'text', '[Recommend]:\nA计划（中国1983年成龙执导的喜剧电影）\n', '2022-12-15 20:46:41'),
(172, 8, 14, 'recommend', '[Response]:\n照 顾 老 人 的 感 觉 是 不 是 很 美', '2022-12-15 20:47:46'),
(173, 8, 1, 'text', '我喜欢恐怖片', '2022-12-15 20:48:33'),
(174, 8, 14, 'text', '[Recommend]:\n双面玛莎\n', '2022-12-15 20:49:01'),
(175, 8, 14, 'recommend', '[Response]:\n的 照 片 呢 ， 这 是 我 最 喜 欢 的 第 一 次 看 。', '2022-12-15 20:50:17'),
(176, 8, 1, 'text', '我喜欢', '2022-12-15 20:50:42'),
(177, 8, 14, 'text', '[Recommend]:\n致命切割\n', '2022-12-15 20:50:55'),
(178, 8, 14, 'recommend', '[Response]:\n的 。', '2022-12-15 20:51:12'),
(179, 8, 1, 'text', '我喜欢恐怖片', '2022-12-15 20:52:40'),
(180, 8, 14, 'text', '[Recommend]:\n战士帮（1979年美国沃尔特·希尔执导电影）\n', '2022-12-15 20:52:56'),
(181, 8, 14, 'recommend', '[Response]:\n的 照 片 呢 ， 这 是 我 最 喜 欢 的 第 一 次 看 。', '2022-12-15 20:53:11'),
(182, 8, 1, 'text', '我喜欢恐怖片', '2022-12-15 20:54:58'),
(183, 8, 14, 'text', '[Recommend]:\n致命切割\n', '2022-12-15 20:55:14'),
(184, 8, 14, 'recommend', '[Response]:\n的 照 片 呢 ， 这 是 我 最 喜 欢 的 第 一 次 看 。', '2022-12-15 20:55:29'),
(185, 8, 1, 'text', '我喜欢恐怖片', '2022-12-15 21:02:41'),
(186, 8, 14, 'text', '[Recommend]:\n致命切割\n', '2022-12-15 21:02:56'),
(187, 8, 14, 'recommend', '[Response]:\n的 照 片 ， 没 有 血 腥 。', '2022-12-15 21:03:08'),
(188, 8, 1, 'text', '我不喜欢', '2022-12-15 21:03:55'),
(189, 8, 14, 'text', '[Recommend]:\n双面玛莎\n', '2022-12-15 21:04:10'),
(190, 8, 14, 'recommend', '[Response]:\n， 但 是 我 感 觉 他 们 都 是 给 我 彻 底 享 受 各 种 类 型 的 。', '2022-12-15 21:04:23'),
(191, 8, 1, 'text', '我不喜欢', '2022-12-15 21:06:59'),
(192, 8, 14, 'text', '[Recommend]:\n婚姻生活（1970年弗朗索瓦·特吕弗导演电影）\n', '2022-12-15 21:07:34'),
(193, 8, 14, 'recommend', '[Response]:\n的 东 西 ， 你 也 是 有 捕 获 的 ， 都 是 有 眼 光 的 ， 都 是 有 爱 哇 ， 你 知 道 怎', '2022-12-15 21:07:49'),
(194, 8, 1, 'text', '我喜欢', '2022-12-15 21:10:23'),
(195, 8, 14, 'text', '[Recommend]:\n电锯惊魂（2004年电锯惊魂系列电影第一部）\n', '2022-12-15 21:10:33'),
(196, 8, 14, 'recommend', '[Response]:\n的 东 西 ， 我 们 去 旅 行 吧 ， 我 们 去 植 物 园 它 是 护 士 ！', '2022-12-15 21:10:43'),
(197, 8, 1, 'text', '我喜欢', '2022-12-15 21:10:58'),
(198, 8, 14, 'text', '[Recommend]:\n雨人（1969年美国电影）\n', '2022-12-15 21:11:09'),
(199, 8, 14, 'recommend', '[Response]:\n这 个 东 西 ， 我 喜 欢 这 个 东 西 ， 我 喜 欢 这 个 东 西 ， 我 喜 欢 这 个 季 节 奏', '2022-12-15 21:11:18'),
(200, 8, 1, 'text', '我喜欢', '2022-12-15 21:15:13'),
(201, 8, 14, 'text', '[Recommend]:\n为你钟情2\n', '2022-12-15 21:15:24'),
(202, 8, 14, 'recommend', '[Response]:\n', '2022-12-15 21:15:34'),
(203, 8, 1, 'text', '我喜欢恐怖片', '2022-12-15 21:16:04'),
(204, 8, 14, 'text', '[Recommend]:\n惊声尖叫3\n', '2022-12-15 21:16:18'),
(205, 8, 14, 'recommend', '[Response]:\n的 照 片 呢 ， 觉 得 好 像 我 以 前 看 过 一 样 。', '2022-12-15 21:16:30'),
(206, 8, 1, 'text', '我喜欢', '2022-12-15 21:44:27'),
(207, 8, 14, 'text', '[Recommend]:\n女人领地\n', '2022-12-17 20:29:25'),
(208, 8, 14, 'recommend', '[Response]:\n的 东 西 ， 我 今 天 去 吃 了 两 个 晚 饭 ， 还 在 家 里 大 吃 大 喝 喝 了 好 久 吃 了', '2022-12-17 20:29:34'),
(209, 8, 1, 'text', '我享受恐怖片', '2022-12-17 20:30:24'),
(210, 8, 14, 'text', '[Recommend]:\n豹族(1942)\n', '2022-12-17 20:30:45'),
(211, 8, 14, 'recommend', '[Response]:\n的 普 劝', '2022-12-17 20:31:03'),
(212, 8, 1, 'text', '有没有推荐的爱情电影', '2022-12-17 21:04:22'),
(213, 8, 14, 'text', '[Recommend]:\n浓情巧克力（美国2000年朱丽叶·比诺什主演电影）\n', '2022-12-17 21:04:51'),
(214, 8, 14, 'recommend', '[Response]:\n呢 ？', '2022-12-17 21:05:19'),
(215, 8, 1, 'text', '我喜欢恐怖片', '2022-12-17 21:44:02'),
(216, 8, 14, 'text', '[Recommend]:\n双面玛莎\n', '2022-12-17 21:44:18'),
(217, 8, 14, 'text', 'https://img-v.6789.com/covers/3f/ae/89001.jpg', '2022-12-17 21:44:19'),
(218, 8, 14, 'recommend', '[Response]:\n的 照 片 呢 ， 这 是 我 最 喜 欢 的 第 一 次 看 。', '2022-12-17 21:44:38'),
(219, 8, 1, 'text', '有没有推荐的爱情电影', '2022-12-17 21:47:42'),
(220, 8, 14, 'text', '[Recommend]:\n情书（1997年韩国电影）\n', '2022-12-17 21:48:09'),
(221, 8, 14, 'image', 'https://bkimg.cdn.bcebos.com/pic/42a98226cffc1e178a82b1d4aac4e103738da8774383?x-bce-process=image/crop,x_0,y_0,w_1187,h_1583/resize,m_lfit,h_436,limit_1/quality,Q_70', '2022-12-17 21:48:10'),
(222, 8, 14, 'recommend', '[Response]:\n呢 ？', '2022-12-17 21:48:37'),
(223, 8, 1, 'text', '有没有推荐的爱情电影', '2022-12-20 20:48:58'),
(224, 8, 14, 'text', '[Recommend]:\n情书（1997年韩国电影）\n', '2022-12-20 20:49:25'),
(225, 8, 14, 'image', 'https://bkimg.cdn.bcebos.com/pic/42a98226cffc1e178a82b1d4aac4e103738da8774383?x-bce-process=image/crop,x_0,y_0,w_1187,h_1583/resize,m_lfit,h_436,limit_1/quality,Q_70', '2022-12-20 20:49:26'),
(226, 8, 14, 'recommend', '[Response]:\n呢 ？', '2022-12-20 20:49:52'),
(227, 8, 1, 'text', '我喜欢', '2022-12-20 20:49:59'),
(228, 8, 14, 'text', '[Recommend]:\n骤雨（汤姆·菲茨杰拉德导演的电影）\n', '2022-12-20 20:50:10'),
(229, 8, 14, 'image', 'http://upload.wikimedia.org/wikipedia/commons/2/2f/Jessica_chastain_Cannes_2017_(cropped).jpg', '2022-12-20 20:50:10'),
(230, 8, 14, 'recommend', '[Response]:\n看 呢 ， 尤 其 是 那 种 很 美 的 动 画 片 ， 特 别 喜 欢 看 ， 里 面 带 着 笑 容 很 美', '2022-12-20 20:50:19'),
(231, 8, 1, 'text', '你說得對', '2022-12-20 20:53:15'),
(232, 8, 14, 'text', '[Recommend]:\n初恋战士\n', '2022-12-20 20:53:35'),
(233, 8, 14, 'text', 'https://upload.wikimedia.org/wikipedia/zh/thumb/2/25/Warrior_Nun_poster.jpg/220px-Warrior_Nun_poster.jpg', '2022-12-20 20:53:36'),
(234, 8, 14, 'recommend', '[Response]:\n玻 尿 酸 的 揭 帶 看 ?', '2022-12-20 20:53:53'),
(235, 8, 1, 'text', '有没有推荐的爱情电影', '2022-12-20 20:57:51'),
(236, 8, 14, 'text', '[Recommend]:\n云上的日子（1995年法国米开朗基罗·安东尼奥尼执导电影）\n', '2022-12-20 20:58:18'),
(237, 8, 14, 'image', 'https://upload.wikimedia.org/wikipedia/commons/thumb/c/c9/Michelangelo_Antonioni.jpg/200px-Michelangelo_Antonioni.jpg', '2022-12-20 20:58:19'),
(238, 8, 14, 'recommend', '[Response]:\n呢 ？', '2022-12-20 20:58:49'),
(239, 8, 1, 'text', '我喜欢', '2022-12-20 21:01:50'),
(240, 8, 14, 'text', '[Recommend]:\n恋爱中的宝贝（2004年李少红执导电影）\n', '2022-12-20 21:02:02'),
(241, 8, 14, 'image', 'https://pic3.zhimg.com/80/v2-28fb2b0e9a41e1ade3416c892d75510e_1440w.webp', '2022-12-20 21:02:03'),
(242, 8, 14, 'recommend', '[Response]:\n看 呢 ， 尤 其 是 那 种 很 美 的 动 画 片 ， 特 别 喜 欢 看 ， 里 面 带 着 笑 容 很 美', '2022-12-20 21:02:13'),
(243, 8, 1, 'text', '有没有推荐的爱情电影', '2022-12-20 21:15:17'),
(244, 8, 14, 'text', '[Recommend]:\n云上的日子（1995年法国米开朗基罗·安东尼奥尼执导电影）\n', '2022-12-20 21:15:44'),
(245, 8, 14, 'image', 'https://upload.wikimedia.org/wikipedia/commons/thumb/c/c9/Michelangelo_Antonioni.jpg/200px-Michelangelo_Antonioni.jpg', '2022-12-20 21:15:44'),
(246, 8, 14, 'text', '[Recommend]:\nA计划（中国1983年成龙执导的喜剧电影）\n', '2022-12-20 21:21:00'),
(247, 8, 14, 'image', 'https://d3tvwjfge35btc.cloudfront.net/Assets/07/053/L_p0017305307.jpg', '2022-12-20 21:21:01'),
(248, 8, 14, 'text', '[Recommend]:\n云上的日子（1995年法国米开朗基罗·安东尼奥尼执导电影）\n', '2022-12-26 15:04:56'),
(249, 8, 14, 'image', 'https://upload.wikimedia.org/wikipedia/commons/thumb/c/c9/Michelangelo_Antonioni.jpg/200px-Michelangelo_Antonioni.jpg', '2022-12-26 15:04:56'),
(250, 8, 14, 'recommend', '[Response]:\n呢 ？', '2022-12-26 15:05:19'),
(251, 9, 1, 'text', '有没有推荐的爱情电影', '2022-12-26 15:07:06'),
(252, 9, 15, 'text', '[Recommend]:\n断背山（2005年李安执导美国电影）\n', '2022-12-26 15:07:31'),
(253, 9, 15, 'image', 'https://pic4.zhimg.com/80/v2-9a04000ee8e7efcfd054e9f0645049ab_1440w.webp', '2022-12-26 15:07:32'),
(254, 9, 15, 'recommend', '[Response]:\n呀 ？', '2022-12-26 15:07:55'),
(255, 9, 1, 'text', '有没有推荐的爱情电影', '2022-12-26 15:12:28'),
(256, 9, 15, 'text', '[Recommend]:\n云上的日子（1995年法国米开朗基罗·安东尼奥尼执导电影）\n', '2022-12-26 15:12:52'),
(257, 9, 15, 'image', 'https://journal.yinfor.com/assets_c/2019/05/laoshihao-thumb-autox560-288.jpg', '2022-12-26 15:12:52'),
(258, 9, 15, 'recommend', '[Response]:\n呢 ？', '2022-12-26 15:13:15'),
(259, 9, 1, 'text', '云上的日子（1995年法国米开朗基罗·安东尼奥尼执导电影）', '2022-12-26 15:16:06'),
(260, 9, 15, 'text', '[Recommend]:\n蝴蝶（1975年瑞典电影）\n', '2022-12-26 15:16:38'),
(261, 9, 15, 'image', 'https://upload.wikimedia.org/wikipedia/zh/thumb/4/4d/Se_Jie_poster.jpg/220px-Se_Jie_poster.jpg', '2022-12-26 15:16:39'),
(262, 9, 15, 'recommend', '[Response]:\n我 有 看 场 戏 还 有 看 场 戏 还 有 待 意 ， 你 要 不 要 看 看 ？', '2022-12-26 15:17:09'),
(263, 9, 1, 'text', '有没有推荐的爱情电影', '2022-12-26 15:18:55'),
(264, 9, 15, 'text', '[Recommend]:\n战地情人\n', '2022-12-26 15:19:20'),
(265, 9, 15, 'image', 'https://gw.alicdn.com/imgextra/i3/680241233/O1CN01PSj1of1Kyl6xvoCUB_!!0-item_pic.jpg_Q75.jpg_.webp', '2022-12-26 15:19:21'),
(266, 9, 15, 'recommend', '[Response]:\n呢 ？', '2022-12-26 15:19:44'),
(267, 9, 1, 'text', '我喜欢', '2022-12-26 15:19:51'),
(268, 9, 15, 'text', '[Recommend]:\n云上的日子（1995年法国米开朗基罗·安东尼奥尼执导电影）\n', '2022-12-26 15:20:01'),
(269, 9, 15, 'image', 'http://www.sinaimg.cn/ent/m/2007-07-31/U1344P28T3D1659011F326DT20070731180952.jpg', '2022-12-26 15:20:01'),
(270, 9, 15, 'recommend', '[Response]:\n看 呢 ， 尤 其 是 那 种 很 美 的 动 画 片 ， 特 别 喜 欢 看 ， 里 面 带 着 笑 容 很 美', '2022-12-26 15:20:10'),
(271, 10, 1, 'text', '有没有推荐的恐怖电影', '2022-12-26 15:23:07'),
(272, 10, 16, 'text', '[Recommend]:\n卡里加里博士的小屋\n', '2022-12-26 15:23:30'),
(273, 10, 16, 'image', 'https://img01.sogoucdn.com/v2/thumb/resize/w/258/h/360/t/0/retype/ext/auto/q/75?appid=200839', '2022-12-26 15:23:30'),
(274, 10, 16, 'recommend', '[Response]:\n呢 ？', '2022-12-26 15:23:53'),
(275, 10, 1, 'text', '我喜欢', '2022-12-26 15:24:03'),
(276, 10, 16, 'text', '[Recommend]:\n致命切割\n', '2022-12-26 15:24:12'),
(277, 10, 16, 'image', 'https://upload.wikimedia.org/wikipedia/zh/5/54/Slice_movie.jpg', '2022-12-26 15:24:12'),
(278, 10, 16, 'recommend', '[Response]:\n看 呢 ， 尤 其 是 那 种 香 ， 你 知 道 的 那 种 看 了 会 更 有', '2022-12-26 15:24:21'),
(279, 11, 1, 'text', '有没有推荐的爱情电影', '2022-12-26 15:24:54'),
(280, 11, 17, 'text', '[Recommend]:\n木乃伊（1999年斯蒂芬·索莫斯执导的电影）\n', '2022-12-26 15:25:17'),
(281, 11, 17, 'image', 'https://img03.sogoucdn.com/v2/thumb/retype_exclude_gif/ext/auto/crop/xy/ai/w/1284/h/722?appid=200698', '2022-12-26 15:25:18'),
(282, 11, 17, 'recommend', '[Response]:\n啊 ？', '2022-12-26 15:25:40'),
(283, 11, 1, 'text', '我喜欢', '2022-12-26 15:26:34'),
(284, 11, 17, 'text', '[Recommend]:\n湖边的少女\n', '2022-12-26 15:26:43'),
(285, 11, 17, 'image', 'https://img01.sogoucdn.com/v2/thumb/resize/w/258/h/360/t/0/retype/ext/auto/q/75?appid=200839', '2022-12-26 15:26:44'),
(286, 11, 17, 'recommend', '[Response]:\n！', '2022-12-26 15:26:51'),
(287, 12, 1, 'text', '有没有推荐的爱情电影', '2022-12-26 15:27:43'),
(288, 12, 18, 'text', '[Recommend]:\n断背山（2005年李安执导美国电影）\n', '2022-12-26 15:28:07'),
(289, 12, 18, 'image', 'https://d3tvwjfge35btc.cloudfront.net/Assets/09/492/L_p0028349209.jpg', '2022-12-26 15:28:08'),
(290, 12, 18, 'recommend', '[Response]:\n呢 ？', '2022-12-26 15:28:30'),
(291, 12, 1, 'text', '我喜欢', '2022-12-26 15:29:18'),
(292, 12, 18, 'text', '[Recommend]:\n恋爱中的宝贝（2004年李少红执导电影）\n', '2022-12-26 15:29:28'),
(293, 12, 18, 'image', 'https://p2.itc.cn/images01/20210330/235315b7d1ab4161809a9cfe5cbecd9f.jpeg', '2022-12-26 15:29:29'),
(294, 12, 18, 'recommend', '[Response]:\n看 呢 ， 尤 其 是 那 种 很 美 的 动 画 片 ， 特 别 喜 欢 看 ， 里 面 带 着 笑 容 很 美', '2022-12-26 15:29:37'),
(295, 13, 1, 'text', '有没有推荐的爱情电影', '2023-01-01 23:09:07'),
(296, 13, 19, 'text', '[Recommend]:\n断背山（2005年李安执导美国电影）\n', '2023-01-01 23:09:32'),
(297, 13, 19, 'image', 'https://d3tvwjfge35btc.cloudfront.net/Assets/09/492/L_p0028349209.jpg', '2023-01-01 23:09:33'),
(298, 13, 19, 'recommend', '[Response]:\n呢 ？', '2023-01-01 23:09:57'),
(299, 13, 1, 'text', '我喜欢', '2023-01-01 23:10:22'),
(300, 13, 19, 'text', '[Recommend]:\n恋爱中的宝贝（2004年李少红执导电影）\n', '2023-01-01 23:10:32'),
(301, 13, 19, 'image', 'https://bkimg.cdn.bcebos.com/smart/a8ec8a13632762d09aca2051aeec08fa503dc66c-bkimg-process,v_1,rw_1,rh_1,pad_1,color_ffffff?x-bce-process=image/format,f_auto', '2023-01-01 23:10:33'),
(302, 13, 19, 'recommend', '[Response]:\n看 呢 ， 尤 其 是 那 种 很 美 的 动 画 片 ， 特 别 喜 欢 看 ， 里 面 带 着 笑 容 很 美', '2023-01-01 23:10:42'),
(303, 14, 1, 'text', '有没有推荐的恐怖电影', '2023-01-01 23:10:46'),
(304, 14, 20, 'text', '[Recommend]:\n断背山（2005年李安执导美国电影）\n', '2023-01-01 23:11:09'),
(305, 14, 20, 'image', 'https://d3tvwjfge35btc.cloudfront.net/Assets/09/492/L_p0028349209.jpg', '2023-01-01 23:11:09'),
(306, 14, 20, 'recommend', '[Response]:\n有 点 好 看 的 ， 我 想 看 了 ， 就 是 不 太 懂 什 么 叫 有 感 觉 的 ， 我 不 太 感 兴', '2023-01-01 23:11:32'),
(307, 14, 1, 'text', '我喜欢', '2023-01-01 23:11:56'),
(308, 14, 20, 'text', '[Recommend]:\n致命切割\n', '2023-01-01 23:12:07'),
(309, 14, 20, 'image', 'https://upload.wikimedia.org/wikipedia/zh/5/54/Slice_movie.jpg', '2023-01-01 23:12:07'),
(310, 14, 20, 'recommend', '[Response]:\n！', '2023-01-01 23:12:15'),
(311, 15, 1, 'text', '有没有推荐的爱情电影', '2023-01-01 23:13:05'),
(312, 15, 21, 'text', '[Recommend]:\n浓情巧克力（美国2000年朱丽叶·比诺什主演电影）\n', '2023-01-01 23:13:29'),
(313, 15, 21, 'image', 'https://bkimg.cdn.bcebos.com/pic/e49cf911f0f96397a7ef3fcc?x-bce-process=image/resize,m_lfit,w_353,h_500,limit_0/quality,Q_90', '2023-01-01 23:13:29'),
(314, 15, 21, 'recommend', '[Response]:\n。', '2023-01-01 23:13:52'),
(315, 15, 1, 'text', '我喜欢', '2023-01-01 23:21:50'),
(316, 15, 21, 'text', '[Recommend]:\n致命切割\n', '2023-01-01 23:22:00'),
(317, 15, 21, 'image', 'https://upload.wikimedia.org/wikipedia/zh/5/54/Slice_movie.jpg', '2023-01-01 23:22:00'),
(318, 15, 21, 'recommend', '[Response]:\n！', '2023-01-01 23:22:10'),
(319, 16, 1, 'text', '有没有推荐的恐怖电影', '2023-01-01 23:27:37'),
(320, 16, 22, 'text', '[Recommend]:\n木乃伊（1999年斯蒂芬·索莫斯执导的电影）\n', '2023-01-01 23:28:03'),
(321, 16, 22, 'image', 'https://img03.sogoucdn.com/v2/thumb/retype_exclude_gif/ext/auto/crop/xy/ai/w/1284/h/722?appid=200698', '2023-01-01 23:28:04'),
(322, 17, 1, 'text', '有没有推荐的恐怖电影', '2023-01-01 23:28:16'),
(323, 17, 23, 'recommend', '[Response]:\n呢 ？', '2023-01-01 23:28:29'),
(324, 16, 22, 'text', '[Recommend]:\n木乃伊（1999年斯蒂芬·索莫斯执导的电影）\n', '2023-01-01 23:28:55'),
(325, 16, 22, 'image', 'https://img03.sogoucdn.com/v2/thumb/retype_exclude_gif/ext/auto/crop/xy/ai/w/1284/h/722?appid=200698', '2023-01-01 23:28:55'),
(326, 16, 22, 'recommend', '[Response]:\n呀 ？', '2023-01-01 23:29:21'),
(327, 18, 1, 'text', '有没有推荐的爱情电影', '2023-01-01 23:32:20'),
(328, 18, 24, 'text', '[Recommend]:\n木乃伊（1999年斯蒂芬·索莫斯执导的电影）\n', '2023-01-01 23:32:46'),
(329, 18, 24, 'image', 'https://img03.sogoucdn.com/v2/thumb/retype_exclude_gif/ext/auto/crop/xy/ai/w/1284/h/722?appid=200698', '2023-01-01 23:32:46'),
(330, 18, 24, 'recommend', '[Response]:\n呢 ？', '2023-01-01 23:33:10'),
(331, 19, 1, 'text', '有什么喜剧电影推荐吗', '2023-01-01 23:34:19'),
(332, 19, 25, 'text', '[Recommend]:\n致命切割\n', '2023-01-01 23:34:44'),
(333, 19, 25, 'image', 'https://upload.wikimedia.org/wikipedia/zh/5/54/Slice_movie.jpg', '2023-01-01 23:34:45'),
(334, 19, 25, 'recommend', '[Response]:\n', '2023-01-01 23:35:08'),
(335, 19, 1, 'text', '有什么喜剧电影推荐吗', '2023-01-01 23:35:59'),
(336, 19, 25, 'text', '[Recommend]:\n东成西就（1993年刘镇伟执导电影）\n', '2023-01-01 23:36:24'),
(337, 19, 25, 'image', 'https://p8.itc.cn/images01/20220811/7a078e595e104b26a7c9be2c488dbf5a.jpeg', '2023-01-01 23:36:25'),
(338, 19, 25, 'recommend', '[Response]:\n？', '2023-01-01 23:36:49'),
(339, 21, 1, 'text', '我想看喜剧电影', '2023-01-01 23:37:36'),
(340, 21, 27, 'text', '[Recommend]:\n两杆大烟枪\n', '2023-01-01 23:37:58'),
(341, 21, 27, 'image', 'https://upload.wikimedia.org/wikipedia/zh/2/2f/Lock,_Stock_and_Two_Smoking_Barrels.jpg', '2023-01-01 23:37:59'),
(342, 21, 27, 'recommend', '[Response]:\n有 好 多 主 要 是 想 看 主 要 是 想 看 类 的 剧 照 但 是 都 有 点 摸 奇 的 那 种 。', '2023-01-01 23:38:19'),
(343, 21, 1, 'text', '我喜欢', '2023-01-01 23:39:36'),
(344, 21, 27, 'text', '[Recommend]:\n两杆大烟枪\n', '2023-01-01 23:39:45'),
(345, 21, 27, 'image', 'https://upload.wikimedia.org/wikipedia/zh/2/2f/Lock,_Stock_and_Two_Smoking_Barrels.jpg', '2023-01-01 23:39:46'),
(346, 21, 27, 'recommend', '[Response]:\n看 有 好 看 的 ， 一 会 儿 就 发 现 这 部 电 影 的 口 头 有 好 多 了 。', '2023-01-01 23:39:54'),
(347, 22, 1, 'text', '我想看喜剧电影', '2023-01-01 23:43:40'),
(348, 22, 28, 'text', '[Recommend]:\n两杆大烟枪\n', '2023-01-01 23:44:00'),
(349, 22, 28, 'image', 'https://upload.wikimedia.org/wikipedia/zh/2/2f/Lock,_Stock_and_Two_Smoking_Barrels.jpg', '2023-01-01 23:44:01'),
(350, 22, 28, 'recommend', '[Response]:\n了 ， 你 知 道 吗 ？ 我 知 道 大 家 都 在 看 ， 看 完 之 后 好 困 惑 了 ， 想 要 看 了', '2023-01-01 23:44:21'),
(351, 22, 1, 'text', '我喜欢', '2023-01-01 23:44:49'),
(352, 22, 28, 'text', '[Recommend]:\n两杆大烟枪\n', '2023-01-01 23:46:11'),
(353, 22, 28, 'image', 'https://upload.wikimedia.org/wikipedia/zh/2/2f/Lock,_Stock_and_Two_Smoking_Barrels.jpg', '2023-01-01 23:46:11'),
(354, 22, 28, 'recommend', '[Response]:\n看 一 下 分 析 才 能 鉴 定 一 切 ， 才 想 回 去 ！', '2023-01-01 23:46:20'),
(355, 23, 1, 'text', '我想看动作片', '2023-01-01 23:48:17'),
(356, 23, 29, 'text', '[Recommend]:\n两杆大烟枪\n', '2023-01-01 23:48:35'),
(357, 23, 29, 'image', 'https://upload.wikimedia.org/wikipedia/zh/2/2f/Lock,_Stock_and_Two_Smoking_Barrels.jpg', '2023-01-01 23:48:35'),
(358, 23, 29, 'recommend', '[Response]:\n真 正 规 署 。', '2023-01-01 23:48:51'),
(359, 23, 1, 'text', '我不喜欢', '2023-01-01 23:48:55'),
(360, 23, 29, 'text', '[Recommend]:\n早安（1959年小津安二郎执导日本电影）\n', '2023-01-01 23:49:21'),
(361, 23, 29, 'image', 'https://pic.baike.soso.com/ugc/baikepic2/22125/cut-20180925081203-327833880_jpg_595_396_34056.jpg/1284', '2023-01-01 23:49:22'),
(362, 23, 29, 'recommend', '[Response]:\n， 但 是 我 是 彻 头 彻 脑 洞 太 大 ， 觉 得 不 敢 看 这 个 ， 我 有 点 儿 胆 了 ， 我', '2023-01-01 23:49:34'),
(363, 24, 1, 'text', '我想看动作片', '2023-01-02 21:45:18'),
(364, 24, 30, 'text', '[Recommend]:\n赶尽杀绝（2007年迈克尔戴维斯执导电影）\n', '2023-01-02 21:45:36'),
(365, 24, 30, 'image', 'https://pic.baike.soso.com/ugc/baikepic2/19203/20220723161404-149495213_png_1222_815_864213.jpg/1284', '2023-01-02 21:45:37'),
(366, 24, 30, 'recommend', '[Response]:\n吧 ， 你 知 道 吗 ？ 我 记 得 是 在 看 剧 才 跟 着 兴 趣 。', '2023-01-02 21:45:52'),
(367, 25, 1, 'text', 'Testing', '2023-01-11 14:08:48'),
(368, 25, 31, 'text', '<http://dbpedia.org/resource/The_Mysteries_of_Harris_Burdick>', '2023-01-22 20:05:59'),
(369, 25, 31, 'text', '__start__ @77455 type of movies are you looking for ? merry', '2023-01-22 20:06:12'),
(370, 25, 1, 'text', 'I am looking for horror movie', '2023-01-22 20:06:40'),
(371, 25, 31, 'text', '<http://dbpedia.org/resource/Cumbria>', '2023-01-22 20:07:36'),
(372, 25, 31, 'text', '__start__ What type of movie can you looking for ?', '2023-01-22 20:08:29'),
(373, 25, 1, 'text', 'horror', '2023-01-22 20:09:00'),
(374, 25, 31, 'text', '<http://dbpedia.org/resource/Cumbria>', '2023-01-22 20:09:17'),
(375, 25, 31, 'text', '__start__ Have type of movie do you too for ?', '2023-01-22 20:09:33'),
(376, 25, 1, 'text', 'How are you?', '2023-01-26 15:25:18'),
(377, 25, 31, 'text', '<http://dbpedia.org/resource/The_Mysteries_of_Harris_Burdick>', '2023-01-26 15:25:49'),
(378, 25, 31, 'text', '__start__ Hi type of movies do you looking for ?', '2023-01-26 15:26:12'),
(379, 25, 1, 'text', 'I want some love movie.', '2023-01-26 15:26:38'),
(380, 25, 31, 'text', '<http://dbpedia.org/resource/Cumbria>', '2023-01-26 15:27:21'),
(381, 25, 31, 'text', '__start__ wow type of movie do you looking for ?', '2023-01-26 15:28:04'),
(382, 25, 1, 'text', 'Hello how are you?', '2023-01-26 16:24:21'),
(383, 25, 31, 'text', '<http://dbpedia.org/resource/The_Mysteries_of_Harris_Burdick>', '2023-01-26 16:25:11'),
(384, 25, 31, 'text', '<http://dbpedia.org/resource/The_Mysteries_of_Harris_Burdick>', '2023-01-26 16:25:12'),
(385, 25, 31, 'text', '__start__ Hello kind of movies are you looking for ?', '2023-01-26 16:25:50'),
(386, 25, 1, 'text', 'Hello how are you?', '2023-01-26 16:26:27'),
(387, 25, 31, 'text', '<http://dbpedia.org/resource/The_Mysteries_of_Harris_Burdick>', '2023-01-26 16:27:17'),
(388, 25, 31, 'text', '<http://dbpedia.org/resource/The_Mysteries_of_Harris_Burdick>', '2023-01-26 16:27:19'),
(389, 25, 31, 'text', '__start__ Good kind of movie do you looking for ?', '2023-01-26 16:28:07'),
(390, 25, 1, 'text', 'Hello I am looking for some comedy movie.', '2023-01-26 16:30:16'),
(391, 25, 31, 'text', '<http://dbpedia.org/resource/Cumbria>', '2023-01-26 16:31:27'),
(392, 25, 31, 'text', '__start__ Hi ! love great for a great marathon marathon Have', '2023-01-26 16:32:37'),
(393, 25, 1, 'text', 'I am looking for some comedy movie.', '2023-01-26 16:37:41'),
(394, 25, 31, 'text', '<http://dbpedia.org/resource/Cumbria>', '2023-01-26 16:38:39'),
(395, 25, 31, 'text', '__start__ Have love great for a great marathon marathon Have', '2023-01-26 16:39:35'),
(396, 25, 1, 'text', 'Hello', '2023-01-26 16:39:59'),
(397, 25, 31, 'text', '<http://dbpedia.org/resource/Cumbria>', '2023-01-26 16:40:12'),
(398, 25, 31, 'text', '__start__ Sure !', '2023-01-26 16:40:24'),
(399, 25, 1, 'text', 'do you have any comedy movie recommendation?', '2023-01-26 16:43:44'),
(400, 25, 31, 'text', '<http://dbpedia.org/resource/Cumbria>', '2023-01-26 16:45:00'),
(401, 25, 31, 'text', '__start__ wow n\'t like an popcorn recommendations recommendations ?', '2023-01-26 16:46:09'),
(402, 25, 1, 'text', 'movie please?', '2023-01-26 16:46:37'),
(403, 25, 31, 'text', '<http://dbpedia.org/resource/Cumbria>', '2023-01-26 16:47:04'),
(404, 25, 31, 'text', '__start__ Have seeker too', '2023-01-26 16:47:29'),
(405, 25, 1, 'text', 'Hello I am looking for some comedy movie.', '2023-01-26 16:54:18'),
(406, 25, 31, 'text', '<http://dbpedia.org/resource/Cumbria>', '2023-01-26 16:55:32'),
(407, 25, 31, 'text', '__start__ Have ! love great for a popcorn recommendations marathon Have', '2023-01-26 16:56:42'),
(408, 25, 1, 'text', 'I am looking for love movie.', '2023-01-26 16:57:48'),
(409, 25, 31, 'text', '<http://dbpedia.org/resource/Cumbria>', '2023-01-26 16:58:38'),
(410, 25, 31, 'text', '__start__ I assume assuming for an comedy marathon Have', '2023-01-26 16:59:28'),
(411, 25, 1, 'text', 'I am looking for love movie', '2023-01-26 17:01:51'),
(412, 25, 31, 'text', '<http://dbpedia.org/resource/Cumbria>', '2023-01-26 17:02:39'),
(413, 25, 31, 'text', '__start__ Hi love assuming for an anime !', '2023-01-26 17:03:25'),
(414, 25, 1, 'text', 'I am looking for love movie', '2023-01-26 17:06:16'),
(415, 25, 31, 'text', '<http://dbpedia.org/resource/Cumbria>', '2023-01-26 17:08:26'),
(416, 25, 31, 'text', '__start__ ok assume assuming for anime anime marathon', '2023-01-26 17:09:12'),
(417, 25, 1, 'text', 'I am looking for love movie', '2023-01-26 17:11:01'),
(418, 25, 31, 'text', '<http://dbpedia.org/resource/Cumbria>', '2023-01-26 17:11:51'),
(419, 25, 31, 'text', '__start__ ok love assuming for anime anime marathon', '2023-01-26 17:12:40'),
(420, 25, 1, 'text', 'looking for love movie', '2023-01-26 17:16:52'),
(421, 25, 31, 'text', '<http://dbpedia.org/resource/Cumbria>', '2023-01-26 17:17:33'),
(422, 25, 31, 'text', '__start__ @97413 for anime anime marathon', '2023-01-26 17:18:14'),
(423, 25, 1, 'text', 'I am also looking for comedy anime.', '2023-01-26 17:18:34'),
(424, 25, 31, 'text', '<http://dbpedia.org/resource/Cumbria>', '2023-01-26 17:19:32'),
(425, 25, 31, 'text', '__start__ Have love assuming sure for something and and Have', '2023-01-26 17:20:31'),
(426, 25, 1, 'text', 'I am looking for comedy anime.', '2023-01-26 17:28:10'),
(427, 25, 1, 'text', 'I am looking for comedy anime.', '2023-01-26 17:32:09'),
(428, 25, 31, 'text', '<http://dbpedia.org/resource/The_Mysteries_of_Harris_Burdick>', '2023-01-26 19:45:14'),
(429, 25, 31, 'text', '<http://dbpedia.org/resource/The_Mysteries_of_Harris_Burdick>', '2023-01-26 19:57:40'),
(430, 25, 31, 'text', '__start__ Hi love so for a and and Have', '2023-01-26 19:58:29'),
(431, 25, 31, 'text', '<http://dbpedia.org/resource/The_Mysteries_of_Harris_Burdick>', '2023-01-26 20:01:31'),
(432, 25, 31, 'text', '<http://dbpedia.org/resource/The_Mysteries_of_Harris_Burdick>', '2023-01-26 20:02:48'),
(433, 25, 31, 'text', '<http://dbpedia.org/resource/The_Mysteries_of_Harris_Burdick>', '2023-01-26 20:06:11'),
(434, 25, 31, 'text', '__start__ Hello \'m so for a and and Have', '2023-01-26 20:06:59'),
(435, 25, 1, 'text', 'Is there any comedy movie?', '2023-01-26 20:07:49'),
(436, 25, 31, 'text', '<http://dbpedia.org/resource/Cumbria>', '2023-01-26 20:08:35'),
(437, 25, 31, 'text', '__start__ Have that you other recommendations you', '2023-01-26 20:09:17'),
(438, 25, 1, 'text', 'any funny movie recommend?', '2023-01-26 20:18:47'),
(439, 25, 31, 'text', '<http://dbpedia.org/resource/Cumbria>', '2023-01-26 20:19:31'),
(440, 25, 31, 'text', '__start__ Have preference you you me', '2023-01-26 20:20:15'),
(441, 25, 1, 'text', 'I am looking for comedy movie.', '2023-01-26 20:20:32'),
(442, 25, 31, 'text', '<http://dbpedia.org/resource/Cumbria>', '2023-01-26 20:21:25'),
(443, 25, 31, 'text', '__start__ Have love great for an too marathon', '2023-01-26 20:22:16'),
(444, 25, 1, 'text', 'I am looking for comedy movie.', '2023-01-26 20:27:05'),
(445, 25, 31, 'text', '<http://dbpedia.org/resource/Cumbria>', '2023-01-26 20:27:56'),
(446, 25, 31, 'text', '__start__ I am looking for comedy movie .', '2023-01-26 20:28:46'),
(447, 25, 1, 'text', 'I am looking for love movie.', '2023-01-26 20:32:11'),
(448, 25, 31, 'text', '<http://dbpedia.org/resource/Cumbria>', '2023-01-26 20:33:01'),
(449, 25, 31, 'text', '__start__ wow assume assuming for a anime recommendations Have', '2023-01-26 20:33:51'),
(450, 25, 1, 'text', 'I am looking for love movie.', '2023-01-26 20:35:01'),
(451, 25, 31, 'text', '<http://dbpedia.org/resource/Cumbria>', '2023-01-26 20:35:53'),
(452, 25, 31, 'text', '__start__ Have love assuming for a anime marathon Have', '2023-01-26 20:36:43'),
(453, 25, 1, 'text', 'any funny movie recommend?', '2023-01-26 20:38:15'),
(454, 25, 31, 'text', '<http://dbpedia.org/resource/Cumbria>', '2023-01-26 20:38:58'),
(455, 25, 31, 'text', '__start__ Have specific movies you me', '2023-01-26 20:39:40'),
(456, 25, 1, 'text', 'any funny movie recommend?', '2023-01-26 20:41:08'),
(457, 25, 1, 'text', 'any funny movie recommend?', '2023-01-26 20:41:08'),
(458, 25, 1, 'text', 'any funny movie recommend?', '2023-01-26 20:41:09'),
(459, 25, 1, 'text', 'any funny movie recommend?', '2023-01-26 20:41:09'),
(460, 25, 1, 'text', 'any funny movie recommend?', '2023-01-26 20:41:10'),
(461, 25, 1, 'text', 'any funny movie recommend?', '2023-01-26 20:41:10'),
(462, 25, 1, 'text', 'any funny movie recommend?', '2023-01-26 20:41:11'),
(463, 25, 1, 'text', 'any funny movie recommend?', '2023-01-26 20:41:11'),
(464, 25, 1, 'text', 'any funny movie recommend?', '2023-01-26 20:41:12'),
(465, 25, 1, 'text', 'any funny movie recommend?', '2023-01-26 20:41:12'),
(466, 25, 31, 'text', '<http://dbpedia.org/resource/Cumbria>', '2023-01-26 20:41:54'),
(467, 25, 31, 'text', '__start__ ok specific and marathon me', '2023-01-26 20:42:39'),
(468, 25, 31, 'text', '<http://dbpedia.org/resource/Cumbria>', '2023-01-26 20:43:21'),
(469, 25, 31, 'text', '__start__ Have specific movies choices me', '2023-01-26 20:44:04'),
(470, 25, 31, 'text', '<http://dbpedia.org/resource/Cumbria>', '2023-01-26 20:44:49'),
(471, 25, 31, 'text', '__start__ Have specific and you and', '2023-01-26 20:45:33'),
(472, 25, 31, 'text', '<http://dbpedia.org/resource/Cumbria>', '2023-01-26 20:46:19'),
(473, 25, 31, 'text', '__start__ Have specific ones marathon me', '2023-01-26 20:47:02'),
(474, 25, 31, 'text', '<http://dbpedia.org/resource/Cumbria>', '2023-01-26 20:47:47'),
(475, 25, 31, 'text', '__start__ Have specific movies marathon me', '2023-01-26 20:48:30'),
(476, 25, 31, 'text', '<http://dbpedia.org/resource/Cumbria>', '2023-01-26 20:49:14'),
(477, 25, 31, 'text', '__start__ Have specific and marathon ?', '2023-01-26 20:49:57'),
(478, 25, 31, 'text', '<http://dbpedia.org/resource/Cumbria>', '2023-01-26 20:50:43'),
(479, 25, 31, 'text', '__start__ Have specific and you me', '2023-01-26 20:51:26'),
(480, 25, 31, 'text', '<http://dbpedia.org/resource/Cumbria>', '2023-01-26 20:52:11'),
(481, 25, 31, 'text', '__start__ Have specific and and me', '2023-01-26 20:52:56'),
(482, 25, 31, 'text', '<http://dbpedia.org/resource/Cumbria>', '2023-01-26 20:53:41'),
(483, 25, 31, 'text', '__start__ I specific movies you me', '2023-01-26 20:54:24'),
(484, 25, 31, 'text', '<http://dbpedia.org/resource/Cumbria>', '2023-01-26 20:55:10'),
(485, 25, 31, 'text', '__start__ Have of ? please me', '2023-01-26 20:55:54'),
(486, 25, 1, 'text', 'Hello how are you', '2023-01-27 15:39:29'),
(487, 25, 31, 'text', '<http://dbpedia.org/resource/The_Mysteries_of_Harris_Burdick>', '2023-01-27 15:41:06'),
(488, 25, 31, 'text', '__start__ Hello ! are you ?', '2023-01-27 15:41:46'),
(489, 25, 1, 'text', 'I am good thank you. I am looking for movies', '2023-01-27 15:43:03'),
(490, 25, 31, 'text', '<http://dbpedia.org/resource/The_Mysteries_of_Harris_Burdick>', '2023-01-27 15:44:33'),
(491, 25, 31, 'text', '__start__ Have love great too you ! Have love so for a to', '2023-01-27 15:45:59'),
(492, 26, 1, 'text', '我想看动作片', '2023-01-27 21:20:50'),
(493, 26, 32, 'text', '[Recommend]:\n天地逃生\n', '2023-01-27 21:22:00'),
(494, 26, 32, 'image', 'https://upload.wikimedia.org/wikipedia/zh/thumb/d/d8/Gamer_poster.jpg/220px-Gamer_poster.jpg', '2023-01-27 21:22:00'),
(495, 26, 32, 'recommend', '[Response]:\n吧 ， 你 知 道 吗 ？ 我 记 得 是 在 看 剧 才 跟 着 兴 趣 。', '2023-01-27 21:22:16'),
(496, 26, 1, 'text', '我想看动作片', '2023-01-27 21:23:10'),
(497, 26, 32, 'text', '[Recommend]:\n赶尽杀绝（2007年迈克尔戴维斯执导电影）\n', '2023-01-27 21:23:40'),
(498, 26, 32, 'image', 'http://img1.gamersky.com/image2018/04/20180414_hc_44_3/image017_S.jpg', '2023-01-27 21:23:41'),
(499, 26, 32, 'recommend', '[Response]:\n吧 ， 你 知 道 我 知 道 的 。', '2023-01-27 21:23:56'),
(500, 26, 1, 'text', 'Hello How are you?', '2023-01-27 21:36:41'),
(501, 26, 32, 'text', '<http://dbpedia.org/resource/French_Sign_Language_family>', '2023-01-27 21:37:19'),
(502, 26, 32, 'text', '__start__ What ! about you ?', '2023-01-27 21:37:57'),
(503, 26, 1, 'text', 'Hello I am looking for movie', '2023-01-27 21:42:00'),
(504, 26, 32, 'text', '<http://dbpedia.org/resource/French_Sign_Language_family>', '2023-01-27 21:42:55'),
(505, 26, 32, 'text', '__start__ __start__ ! hope glad for something !', '2023-01-27 21:43:46'),
(506, 26, 1, 'text', 'Hello World', '2023-01-27 22:06:16'),
(507, 26, 1, 'text', 'Hello World', '2023-01-27 22:07:14'),
(508, 26, 1, 'text', 'Hello World', '2023-01-27 22:07:52'),
(509, 26, 1, 'text', 'Hello World', '2023-01-27 22:09:04'),
(510, 26, 1, 'text', 'Hello World', '2023-01-27 22:10:26'),
(511, 26, 1, 'text', 'Hello World', '2023-01-27 22:12:32'),
(512, 26, 1, 'text', 'Hello World', '2023-01-27 22:13:50');

-- --------------------------------------------------------

--
-- Table structure for table `user`
--

CREATE TABLE `user` (
  `id` int NOT NULL,
  `username` varchar(255) DEFAULT NULL,
  `email` text,
  `password` text
) ENGINE=InnoDB DEFAULT CHARSET=utf8mb4 COLLATE=utf8mb4_0900_ai_ci;

--
-- Dumping data for table `user`
--

INSERT INTO `user` (`id`, `username`, `email`, `password`) VALUES
(1, 'Jacky', 'test@test.com', '123456'),
(2, 'SystemUser10173', 'SystemUser10173@crs.com', '123456'),
(3, 'SystemUser28509', 'SystemUser28509@crs.com', '123456'),
(4, 'SystemUser57717', 'SystemUser57717@crs.com', '123456'),
(5, 'SystemUser95106', 'SystemUser95106@crs.com', '123456'),
(6, 'SystemUser76284', 'SystemUser76284@crs.com', '123456'),
(7, 'ABC', 'abc@abc.com', '12345'),
(8, '1234', 'test123@test.com', '123456'),
(9, 'Test', 'test31@test.com', '123456'),
(10, 'SystemUser61005', 'SystemUser61005@crs.com', '123456'),
(11, 'test1', 'test1@test.com', '123456'),
(12, 'Test333', 'test3@test.com', '123456'),
(13, 'SystemUser50414', 'SystemUser50414@crs.com', '123456'),
(14, 'SystemUser67570', 'SystemUser67570@crs.com', '123456'),
(15, 'SystemUser41221', 'SystemUser41221@crs.com', '123456'),
(16, 'SystemUser84696', 'SystemUser84696@crs.com', '123456'),
(17, 'SystemUser15671', 'SystemUser15671@crs.com', '123456'),
(18, 'SystemUser20419', 'SystemUser20419@crs.com', '123456'),
(19, 'SystemUser47618', 'SystemUser47618@crs.com', '123456'),
(20, 'SystemUser90175', 'SystemUser90175@crs.com', '123456'),
(21, 'SystemUser61754', 'SystemUser61754@crs.com', '123456'),
(22, 'SystemUser77036', 'SystemUser77036@crs.com', '123456'),
(23, 'SystemUser58191', 'SystemUser58191@crs.com', '123456'),
(24, 'SystemUser56709', 'SystemUser56709@crs.com', '123456'),
(25, 'SystemUser78889', 'SystemUser78889@crs.com', '123456'),
(26, 'SystemUser74082', 'SystemUser74082@crs.com', '123456'),
(27, 'SystemUser15189', 'SystemUser15189@crs.com', '123456'),
(28, 'SystemUser25996', 'SystemUser25996@crs.com', '123456'),
(29, 'SystemUser97066', 'SystemUser97066@crs.com', '123456'),
(30, 'SystemUser34628', 'SystemUser34628@crs.com', '123456'),
(31, 'SystemUser38183', 'SystemUser38183@crs.com', '123456'),
(32, 'SystemUser73175', 'SystemUser73175@crs.com', '123456');

--
-- Indexes for dumped tables
--

--
-- Indexes for table `chat`
--
ALTER TABLE `chat`
  ADD PRIMARY KEY (`id`);

--
-- Indexes for table `input_queue`
--
ALTER TABLE `input_queue`
  ADD PRIMARY KEY (`id`);

--
-- Indexes for table `message`
--
ALTER TABLE `message`
  ADD PRIMARY KEY (`id`);

--
-- Indexes for table `user`
--
ALTER TABLE `user`
  ADD PRIMARY KEY (`id`);

--
-- AUTO_INCREMENT for dumped tables
--

--
-- AUTO_INCREMENT for table `chat`
--
ALTER TABLE `chat`
  MODIFY `id` int NOT NULL AUTO_INCREMENT, AUTO_INCREMENT=27;

--
-- AUTO_INCREMENT for table `input_queue`
--
ALTER TABLE `input_queue`
  MODIFY `id` int NOT NULL AUTO_INCREMENT, AUTO_INCREMENT=164;

--
-- AUTO_INCREMENT for table `message`
--
ALTER TABLE `message`
  MODIFY `id` int NOT NULL AUTO_INCREMENT, AUTO_INCREMENT=513;

--
-- AUTO_INCREMENT for table `user`
--
ALTER TABLE `user`
  MODIFY `id` int NOT NULL AUTO_INCREMENT, AUTO_INCREMENT=33;
COMMIT;

/*!40101 SET CHARACTER_SET_CLIENT=@OLD_CHARACTER_SET_CLIENT */;
/*!40101 SET CHARACTER_SET_RESULTS=@OLD_CHARACTER_SET_RESULTS */;
/*!40101 SET COLLATION_CONNECTION=@OLD_COLLATION_CONNECTION */;
