-- phpMyAdmin SQL Dump
-- version 5.2.0
-- https://www.phpmyadmin.net/
--
-- Host: db
-- Generation Time: Mar 26, 2023 at 12:57 PM
-- Server version: 8.0.31
-- PHP Version: 8.0.26

SET SQL_MODE = "NO_AUTO_VALUE_ON_ZERO";
START TRANSACTION;
SET time_zone = "+00:00";


/*!40101 SET @OLD_CHARACTER_SET_CLIENT=@@CHARACTER_SET_CLIENT */;
/*!40101 SET @OLD_CHARACTER_SET_RESULTS=@@CHARACTER_SET_RESULTS */;
/*!40101 SET @OLD_COLLATION_CONNECTION=@@COLLATION_CONNECTION */;
/*!40101 SET NAMES utf8mb4 */;

--
-- Database: `crs`
--

-- --------------------------------------------------------

--
-- Table structure for table `chat`
--

CREATE TABLE `chat` (
  `id` int NOT NULL,
  `user_a_id` int DEFAULT NULL,
  `user_b_id` int DEFAULT NULL
) ENGINE=InnoDB DEFAULT CHARSET=utf8mb4 COLLATE=utf8mb4_0900_ai_ci;

--
-- Dumping data for table `chat`
--

INSERT INTO `chat` (`id`, `user_a_id`, `user_b_id`) VALUES
(1, 1, 2),
(2, 1, 3),
(3, 1, 4),
(4, 1, 5),
(5, 1, 6),
(6, 1, 10),
(7, 12, 13),
(8, 1, 14),
(9, 1, 15),
(10, 1, 16),
(11, 1, 17),
(12, 1, 18),
(13, 1, 19),
(14, 1, 20),
(15, 1, 21),
(16, 1, 22),
(17, 1, 23),
(18, 1, 24),
(19, 1, 25),
(20, 1, 26),
(21, 1, 27),
(22, 1, 28),
(23, 1, 29),
(24, 1, 30),
(25, 1, 31),
(26, 1, 32),
(27, 1, 33),
(28, 1, 34),
(29, 1, 35),
(30, 1, 36),
(31, 1, 37),
(32, 1, 38),
(33, 1, 39),
(34, 1, 40),
(35, 1, 41),
(36, 1, 42),
(37, 1, 43),
(38, 1, 44),
(39, 1, 45),
(40, 1, 46),
(41, 1, 47),
(42, 1, 48),
(43, 1, 49),
(44, 1, 51),
(45, 1, 52),
(46, 1, 53),
(47, 1, 54),
(48, 1, 55),
(49, 1, 56),
(50, 1, 57),
(51, 1, 58),
(52, 1, 59),
(53, 1, 61),
(54, 1, 60),
(55, 1, 62),
(56, 1, 63),
(57, 1, 64),
(58, 1, 66),
(59, 1, 65),
(60, 1, 68),
(61, 1, 67),
(62, 1, 69),
(63, 1, 70),
(64, 1, 71),
(65, 1, 72),
(66, 1, 73),
(67, 1, 74),
(68, 1, 75),
(69, 1, 76),
(70, 1, 77),
(71, 1, 78),
(72, 1, 79),
(73, 1, 80),
(74, 1, 81),
(75, 1, 82),
(76, 1, 83),
(77, 1, 84),
(78, 1, 85),
(79, 1, 86),
(80, 1, 87),
(81, 1, 88),
(82, 1, 89),
(83, 1, 90),
(84, 1, 91),
(85, 1, 92),
(86, 1, 93),
(87, 1, 94),
(88, 1, 95),
(89, 1, 96),
(90, 1, 97),
(91, 1, 98),
(92, 1, 99),
(93, 1, 100),
(94, 1, 101),
(95, 1, 102),
(96, 1, 103),
(97, 1, 104),
(98, 1, 105),
(99, 1, 106),
(100, 1, 107),
(101, 1, 108),
(102, 1, 109),
(103, 1, 110),
(104, 1, 111),
(105, 1, 112),
(106, 1, 113),
(107, 1, 114),
(108, 1, 115),
(109, 1, 116),
(110, 1, 117);

-- --------------------------------------------------------

--
-- Table structure for table `extractEntity`
--

CREATE TABLE `extractEntity` (
  `id` int NOT NULL,
  `token` varchar(255) DEFAULT NULL,
  `word` text
) ENGINE=InnoDB DEFAULT CHARSET=utf8mb4 COLLATE=utf8mb4_0900_ai_ci;

--
-- Dumping data for table `extractEntity`
--

INSERT INTO `extractEntity` (`id`, `token`, `word`) VALUES
(334, 'Hello', '<http://dbpedia.org/resource/Hello_Herman>'),
(335, 'how', ''),
(336, 'are', ''),
(337, 'you', ''),
(338, '?', ''),
(339, 'What', ''),
(340, 'kind', ''),
(341, 'of', ''),
(342, 'movies', '<http://dbpedia.org/resource/Sky_Movies>'),
(343, 'interested', ''),
(344, 'in', ''),
(345, 'I', ''),
(346, 'am', ''),
(347, 'into', ''),
(348, 'horror', '<http://dbpedia.org/resource/Gothic_horror>'),
(349, 'movie', '<http://dbpedia.org/resource/Movie_Box>'),
(350, '.', ''),
(351, 'Have', ''),
(352, 'seen', ''),
(353, 'the', ''),
(354, 'night', '<http://dbpedia.org/resource/Eric_Knight>'),
(355, 'No', ''),
(356, 'did', ''),
(357, 'n\'t', ''),
(358, 'is', ''),
(359, 'it', ''),
(360, 'about', ''),
(361, 'that', ''),
(362, 'one', ''),
(363, '\'ll', ''),
(364, 'to', ''),
(365, 'check', ''),
(366, '!', ''),
(367, 'like', ''),
(368, 'too', ''),
(369, 'looking', ''),
(370, 'for', ''),
(371, 'scary', '<http://dbpedia.org/resource/Scary_Movie>'),
(372, 'and', ''),
(373, 'Hi', ''),
(374, 'wo', ''),
(375, 'be', ''),
(376, 'disappointed', ''),
(377, 'would', ''),
(378, 'watch', '<http://dbpedia.org/resource/Watchmen>'),
(379, 'a', ''),
(380, 'fantasy', '<http://dbpedia.org/resource/Fantasy_(genre)>'),
(381, 'this', ''),
(382, 'Casey', '<http://dbpedia.org/resource/Daniel_Casey>'),
(383, 'Afleck', ''),
(384, 'was', ''),
(385, 'good', ''),
(386, 'new', ''),
(387, '[', ''),
(388, 'romantic', '<http://dbpedia.org/resource/Romanticism>'),
(389, 'but', ''),
(390, 'seems', ''),
(391, 'Do', ''),
(392, 'other', '<http://dbpedia.org/resource/Motherwell>'),
(393, 'recommendation', ''),
(394, 'need', ''),
(395, 'when', ''),
(396, 'heard', '<http://dbpedia.org/resource/Overheard_3>'),
(397, 'many', ''),
(398, 'were', ''),
(399, 'really', '<http://dbpedia.org/resource/I_Am_Really_Sorry>'),
(400, 'Yes', ''),
(401, 'Thank', ''),
(402, 'honestly', ''),
(403, '\'m', ''),
(404, 'thanks', '<http://dbpedia.org/resource/ThanksKilling>'),
(405, 'any', ''),
(406, 'not', ''),
(407, 'glad', ''),
(408, 'help', ''),
(409, 'out', ''),
(410, 'comedy', '<http://dbpedia.org/resource/Comedy_novel>'),
(411, 'sure', ''),
(412, 'will', ''),
(413, 'them', '<http://dbpedia.org/resource/Them!>'),
(414, 'ok', ''),
(415, ',', ''),
(416, 'give', ''),
(417, 'then', ''),
(418, 'tonight', '<http://dbpedia.org/resource/The_Tonight_Show_Band>'),
(419, 'love', '<http://www.loverslabel.com/>'),
(420, 'Nice', '<http://dbpedia.org/resource/Nice>'),
(421, 'yay', ''),
(422, 'Happy', '<http://dbpedia.org/resource/Happy_Feet>'),
(423, 'watching', ''),
(424, 'Goodbye', '<http://dbpedia.org/resource/Goodbye_Again_(1933_film)>'),
(425, 'bte', ''),
(426, '\'s', ''),
(427, 'great', '<http://dbpedia.org/resource/Great_Bowden>'),
(428, 'day', ''),
(429, 'Youre', ''),
(430, 'welcome', '<http://dbpedia.org/resource/Welcome_to_Me>'),
(431, 'used', ''),
(432, 'assistance', '<http://dbpedia.org/resource/Assistance_(play)>'),
(433, 'recommend', '<http://dbpedia.org/resource/Recommended_Records>'),
(434, 'its', ''),
(435, 'spoof', ''),
(436, 'series', '<http://dbpedia.org/resource/Monk_(TV_series)>'),
(437, 'soon', ''),
(438, 'pick', ''),
(439, 'more', ''),
(440, 'recommendations', ''),
(441, 'me', ''),
(442, 'bye', ''),
(443, 'Can', ''),
(444, 'suggest', ''),
(445, 'thriller', '<http://dbpedia.org/resource/Psychological_thriller>'),
(446, 'released', ''),
(447, 'past', ''),
(448, 'year', ''),
(449, '\'ve', ''),
(450, 'Shutter', '<http://dbpedia.org/resource/Shutter_(2008_film)>'),
(451, 'Island', '<http://dbpedia.org/resource/Jeju_Island>'),
(452, 'thought', '<http://dbpedia.org/resource/Mortal_Thoughts>'),
(453, 'However', ''),
(454, 'actually', '<http://dbpedia.org/resource/Love_Actually>'),
(455, 'asking', '<http://dbpedia.org/resource/The_Unmasking>'),
(456, 'another', '<http://dbpedia.org/resource/Not_Another_Teen_Movie>'),
(457, 'fits', ''),
(458, 'criteria', ''),
(459, 'my', ''),
(460, 'all', ''),
(461, 'time', ''),
(462, 'sorry', ''),
(463, 'there', '<http://dbpedia.org/resource/Theremin>'),
(464, 'misunderstanding', ''),
(465, '``', ''),
(466, 'Get', ''),
(467, 'Job', ''),
(468, '\'\'', ''),
(469, 'If', ''),
(470, '\'re', ''),
(471, 'still', '<http://dbpedia.org/resource/Ben_Stillman>'),
(472, 'from', ''),
(473, 'Invisible', '<http://dbpedia.org/resource/Invisible_Records>'),
(474, 'Man', ''),
(475, '(', ''),
(476, '2020', '192020'),
(477, ')', ''),
(478, 'which', ''),
(479, 'suspenseful', ''),
(480, 'well-reviewed', ''),
(481, 'information', ''),
(482, 'or', ''),
(483, 'preferences', ''),
(484, '\'d', ''),
(485, 'consider', ''),
(486, 'hope', ''),
(487, 'enough', '<http://dbpedia.org/resource/Enough_(film)>'),
(488, 'drama', '<http://dbpedia.org/resource/Teen_drama>'),
(489, 'newest', ''),
(490, 'version', ''),
(491, 'Funny', '<http://dbpedia.org/resource/Funny_People>'),
(492, 'Games', '<http://dbpedia.org/resource/Midway_Games>'),
(493, 'yet', ''),
(494, 'think', '<http://dbpedia.org/resource/ThinkFilm>'),
(495, 'as', ''),
(496, 'original', '<http://dbpedia.org/resource/Star_Trek:_The_Original_Series>'),
(497, '1997', ''),
(498, 'Housebound', '<http://dbpedia.org/resource/Housebound>'),
(499, 'horror-comedy', ''),
(500, 'has', ''),
(501, 'received', ''),
(502, 'positive', '<http://dbpedia.org/resource/Positive_psychology>'),
(503, 'reviews', ''),
(504, 'critics', '<http://dbpedia.org/resource/Shanghai_Film_Critics_Awards>'),
(505, 'audiences', ''),
(506, 'alike', ''),
(507, 'Let', ''),
(508, 'know', ''),
(509, 'different', '<http://dbpedia.org/resource/Same_Kind_of_Different_as_Me_(film)>'),
(510, 'genre', '<http://dbpedia.org/resource/Drama_(genre)>'),
(511, 'mentioned', ''),
(512, 'they', ''),
(513, 'very', ''),
(514, 'well', ''),
(515, 'action', '<http://dbpedia.org/resource/Last_Action_Hero>'),
(516, 'see', ''),
(517, 'Please', '<http://dbpedia.org/resource/Donald_Pleasence__1>'),
(518, 'lot', ''),
(519, 'Killing', '<http://dbpedia.org/resource/The_Killing_Fields_(film)>'),
(520, 'Zoe', ''),
(521, 'crime', '<http://dbpedia.org/resource/High_Crimes>'),
(522, 'been', ''),
(523, 'well-received', ''),
(524, 'by', ''),
(525, 'definitely', '<http://dbpedia.org/resource/Definitely,_Maybe>'),
(526, 'checking', '<http://dbpedia.org/resource/Checking_Out_(2005_film)>'),
(527, 'genres', '<http://dbpedia.org/resource/Comedic_genres>'),
(528, 'explore', '<http://dbpedia.org/resource/Explorers_(film)>'),
(529, 'should', ''),
(530, 'romance', '<http://dbpedia.org/resource/Romance_languages>'),
(531, 'so', ''),
(532, 'find', ''),
(533, 'Yeah', ''),
(534, 'Steel', '<http://dbpedia.org/resource/Allen_Steele>'),
(535, 'Panther', '<http://dbpedia.org/resource/The_Black_Panther_Warriors>'),
(536, '..', ''),
(537, 'thing', '<http://dbpedia.org/resource/Withington>'),
(538, 'taste', '<http://dbpedia.org/resource/Bad_Taste>'),
(539, 'row', ''),
(540, 'haha', ''),
(541, 'song', ''),
(542, '17', '81702'),
(543, 'girls', '<http://dbpedia.org/resource/Lost_Girls>'),
(544, 'go', ''),
(545, 'adam', ''),
(546, 'sandler', '<http://dbpedia.org/resource/Jackie_Sandler>'),
(547, 'enjoy', ''),
(548, 'looks', ''),
(549, '我', '我'),
(550, '想', '再一次想你'),
(551, '看', '看书吧'),
(552, '喜剧', '喜剧'),
(553, '电影', '天翻地覆（1952年香港电影）'),
(554, '了', '死神来了2'),
(555, '你', '你好，忧愁'),
(556, '知', '不知为什么'),
(557, '道', '街道'),
(558, '吗', '记得吗'),
(559, '大', '八大巨星'),
(560, '家', '我的家庭'),
(561, '都', '都安瑶族自治县'),
(562, '在', '在回忆中'),
(563, '完', '完美启示录'),
(564, '之', '歌女之歌'),
(565, '后', '毒后秘史'),
(566, '好', '你好，忧愁'),
(567, '困', '爱的困惑'),
(568, '惑', '爱的困惑'),
(569, '要', '我要（美国电影）'),
(570, '才', '漫才'),
(571, '能', '能量饮料'),
(572, '为', '不知为什么'),
(573, '什', '不知为什么'),
(574, '么', '么？'),
(575, '打', '打喷嚏'),
(576, '分', '操行零分'),
(577, '钟', '伯爵（钟表品牌）'),
(578, '呢', '你还有我呢'),
(579, 'aasdas', ''),
(580, 'never', '<http://dbpedia.org/resource/Neverwhere>'),
(581, 'dsa', ''),
(582, 'fun', ''),
(583, 'an', ''),
(584, 'spelled', ''),
(585, 'actor', '<http://dbpedia.org/resource/Actor>'),
(586, 'asd', ''),
(587, 'with', ''),
(588, 'Tina', ''),
(589, 'Fey', ''),
(590, 'anything', '<http://dbpedia.org/resource/Anything_Goes_(1956_film)>'),
(591, 'suggestions', ''),
(592, 'asda', ''),
(593, 'asdasd', ''),
(594, 'al', ''),
(595, 'sadas', ''),
(596, 'hiu', ''),
(597, '321', '113216'),
(598, 'sdasda', ''),
(599, 'asdkad', ''),
(600, 'l', ''),
(601, 'hell', ''),
(602, 'world', '<http://dbpedia.org/resource/World-music>'),
(603, '有没有推荐的爱情电影', ''),
(604, 'test', ''),
(605, '喜欢', '我喜欢（同名歌曲）'),
(606, '一', '那年夏天的第一次'),
(607, '下', '床下魔怪'),
(608, '析', '买房（词语解析）'),
(609, '鉴', '鉴证实录II'),
(610, '定', '墨菲定律'),
(611, '切', '切基·卡尤'),
(612, '回', '在回忆中'),
(613, '去', '约她去看崩世光景'),
(614, 'hoped', ''),
(615, 'add', ''),
(616, '但', '但丁01'),
(617, '是', '不是所有'),
(618, '的', '愉快的假期'),
(619, '时', '时光骇客'),
(620, '候', '我们小的时候'),
(621, '因', '不开心的基因'),
(622, '觉', '黄觉'),
(623, '得', '舍不得哥哥'),
(624, '到', '活到老学到老'),
(625, '34', '83343'),
(626, '12', '101247'),
(627, '56', '99560'),
(628, 'doing', ''),
(629, 'terror', '<http://dbpedia.org/resource/Tombstone_Terror>'),
(630, 'morning', '<http://dbpedia.org/resource/On_the_Pulse_of_Morning>'),
(631, 'ho', ''),
(632, 'things', '<http://dbpedia.org/resource/Very_Bad_Things>'),
(633, 'test1234', ''),
(634, 'test1', '');

-- --------------------------------------------------------

--
-- Table structure for table `extractWord`
--

CREATE TABLE `extractWord` (
  `id` int NOT NULL,
  `token` varchar(255) DEFAULT NULL,
  `word` varchar(255) DEFAULT NULL
) ENGINE=InnoDB DEFAULT CHARSET=utf8mb4 COLLATE=utf8mb4_0900_ai_ci;

--
-- Dumping data for table `extractWord`
--

INSERT INTO `extractWord` (`id`, `token`, `word`) VALUES
(365, 'Hello', 'hello'),
(366, 'how', 'how'),
(367, 'are', 'are'),
(368, 'you', 'you'),
(369, '?', ''),
(370, 'What', 'what'),
(371, 'kind', 'kind'),
(372, 'of', 'of'),
(373, 'movies', 'movies'),
(374, 'interested', 'te'),
(375, 'in', 'in'),
(376, 'I', 'i'),
(377, 'am', 'am'),
(378, 'into', 'into'),
(379, 'horror', 'horror'),
(380, 'movie', 'movie'),
(381, '.', ''),
(382, 'Have', 'have'),
(383, 'seen', 'en'),
(384, 'the', 'the'),
(385, 'night', 'night'),
(386, 'No', 'no'),
(387, 'did', 'di'),
(388, 'n\'t', 'n\'t'),
(389, 'is', 'is'),
(390, 'it', 'it'),
(391, 'about', 'about'),
(392, 'that', 'that'),
(393, 'one', 'one'),
(394, '\'ll', 'disillusioned'),
(395, 'to', 'to'),
(396, 'check', 'check'),
(397, '!', ''),
(398, 'like', 'like'),
(399, 'too', 'too'),
(400, 'looking', 'looking'),
(401, 'for', 'for'),
(402, 'scary', 'scary'),
(403, 'and', 'and'),
(404, 'Hi', 'hi'),
(405, 'wo', 'wo'),
(406, 'be', 'be'),
(407, 'disappointed', 'disappointed'),
(408, 'would', 'ou'),
(409, 'watch', 'watch'),
(410, 'a', 'a'),
(411, 'fantasy', 'fantasy'),
(412, 'this', 'this'),
(413, 'Casey', 'casey'),
(414, 'Afleck', 'affleck'),
(415, 'was', 'was'),
(416, 'good', 'good'),
(417, 'new', 'new'),
(418, '[', ''),
(419, 'romantic', 'romantic'),
(420, 'but', 'but'),
(421, 'seems', 'em'),
(422, 'Do', 'do'),
(423, 'other', 'other'),
(424, 'recommendation', 'recommendation'),
(425, 'heard', 'heard'),
(426, 'many', 'many'),
(427, 'were', 'were'),
(428, 'really', 'really'),
(429, 'need', 'need'),
(430, 'Yes', 'yes'),
(431, 'Thank', 'thank'),
(432, 'honestly', 'honestly'),
(433, '\'m', 'm'),
(434, 'thanks', 'thanks'),
(435, 'any', 'any'),
(436, 'not', 'not'),
(437, 'glad', 'glad'),
(438, 'help', 'help'),
(439, 'out', 'out'),
(440, 'comedy', 'comedy'),
(441, 'sure', 'sure'),
(442, 'will', 'will'),
(443, 'them', 'them'),
(444, 'ok', 'ok'),
(445, ',', ''),
(446, 'give', 'give'),
(447, 'then', 'then'),
(448, 'tonight', 'tonight'),
(449, 'love', 'love'),
(450, 'Nice', 'nice'),
(451, 'yay', 'yay'),
(452, 'Happy', 'happy'),
(453, 'watching', 'watching'),
(454, 'Goodbye', 'goodbye'),
(455, 'bte', 'indebted'),
(456, '\'s', 's'),
(457, 'great', 'great'),
(458, 'day', 'day'),
(459, 'Youre', 'yo'),
(460, 'welcome', 'welcome'),
(461, 'recommend', 'recommend'),
(462, 'its', 'its'),
(463, 'spoof', 'spoof'),
(464, 'series', 'series'),
(465, 'soon', 'oo'),
(466, 'pick', 'pick'),
(467, 'more', 'more'),
(468, 'recommendations', 'recommendations'),
(469, 'me', 'me'),
(470, 'bye', 'bye'),
(471, 'Can', 'can'),
(472, 'suggest', 'suggest'),
(473, 'thriller', 'thriller'),
(474, 'released', 'released'),
(475, 'past', 'past'),
(476, 'year', 'year'),
(477, '\'ve', 'levels'),
(478, 'Shutter', 'shutter'),
(479, 'Island', 'island'),
(480, 'thought', 'thought'),
(481, 'However', 'ow'),
(482, 'actually', 'actually'),
(483, 'asking', 'asking'),
(484, 'another', 'another'),
(485, 'fits', 'fits'),
(486, 'criteria', 'criteria'),
(487, 'my', 'amy'),
(488, 'all', 'all'),
(489, 'time', 'time'),
(490, 'sorry', 'sorry'),
(491, 'there', 'there'),
(492, 'misunderstanding', 'misunderstanding'),
(493, '``', ''),
(494, 'Get', 'get'),
(495, 'Job', 'job'),
(496, '\'\'', ''),
(497, 'If', 'if'),
(498, '\'re', 're'),
(499, 'still', 'still'),
(500, 'from', 'from'),
(501, 'Invisible', 'invisible'),
(502, 'Man', 'man'),
(503, '(', ''),
(504, '2020', '2'),
(505, ')', ''),
(506, 'which', 'ic'),
(507, 'suspenseful', 'suspenseful'),
(508, 'well-reviewed', 'reviewed'),
(509, 'information', 'information'),
(510, 'or', 'or'),
(511, 'preferences', 'preferences'),
(512, '\'d', 'd'),
(513, 'consider', 'consider'),
(514, 'hope', 'hope'),
(515, 'enough', 'enough'),
(516, 'drama', 'drama'),
(517, 'newest', 'wes'),
(518, 'version', 'version'),
(519, 'Funny', 'funny'),
(520, 'Games', 'games'),
(521, 'yet', 'yet'),
(522, 'When', 'when'),
(523, 'think', 'think'),
(524, 'as', 'as'),
(525, 'original', 'original'),
(526, '1997', '19'),
(527, 'Housebound', 'bound'),
(528, 'horror-comedy', 'horror'),
(529, 'has', 'chases'),
(530, 'received', 'received'),
(531, 'positive', 'positive'),
(532, 'reviews', 'reviews'),
(533, 'critics', 'critics'),
(534, 'audiences', 'audiences'),
(535, 'alike', 'alike'),
(536, 'Let', 'let'),
(537, 'know', 'know'),
(538, 'different', 'different'),
(539, 'genre', 'genre'),
(540, 'mentioned', 'mentioned'),
(541, 'action', 'action'),
(542, 'see', 'see'),
(543, 'Please', 'please'),
(544, 'lot', 'lot'),
(545, 'Killing', 'killing'),
(546, 'Zoe', 'zoe'),
(547, 'crime', 'crime'),
(548, 'been', 'been'),
(549, 'well-received', 'ce'),
(550, 'by', 'by'),
(551, 'definitely', 'definitely'),
(552, 'checking', 'checking'),
(553, 'genres', 'genres'),
(554, 'explore', 'explore'),
(555, 'should', 'shoul'),
(556, 'romance', 'romance'),
(557, 'so', 'so'),
(558, 'find', 'find'),
(559, 'Yeah', 'yeah'),
(560, 'Steel', 'steel'),
(561, 'Panther', 'panther'),
(562, '..', ''),
(563, 'thing', 'thing'),
(564, 'taste', 'taste'),
(565, 'row', 'row'),
(566, 'haha', 'haha'),
(567, 'song', 'song'),
(568, '17', '17'),
(569, 'girls', 'girls'),
(570, 'go', 'go'),
(571, 'adam', 'adam'),
(572, 'sandler', 'sandler'),
(573, 'enjoy', 'enjoy'),
(574, 'looks', 'oo'),
(575, '我', '我'),
(576, '想', '想'),
(577, '看', '看'),
(578, '喜剧', '喜剧'),
(579, '电影', '电影'),
(580, '了', '了'),
(581, '你', '你的最爱'),
(582, '知', '知'),
(583, '道', '道'),
(584, '吗', '你好吗'),
(585, '大', '大'),
(586, '家', '家'),
(587, '都', '都'),
(588, '在', '在'),
(589, '完', '完'),
(590, '之', '之'),
(591, '后', '后'),
(592, '好', '好'),
(593, '困', '困'),
(594, '惑', '惑'),
(595, '要', '要'),
(596, '才', '才'),
(597, '能', '能'),
(598, '为', '为'),
(599, 'aasdas', 'aa'),
(600, '什', '什'),
(601, '么', '怎么样'),
(602, '打', '打'),
(603, '分', '分'),
(604, '钟', '钟'),
(605, '呢', '花呢'),
(606, 'never', 'never'),
(607, 'dsa', 'lindsay'),
(608, 'fun', 'fun'),
(609, 'an', 'an'),
(610, 'spelled', 'spelled'),
(611, 'actor', 'actor'),
(612, 'assistance', 'assistance'),
(613, 'asd', 'sd'),
(614, 'with', 'with'),
(615, 'Tina', 'tina'),
(616, 'Fey', 'fey'),
(617, 'anything', 'anything'),
(618, 'suggestions', 'suggestions'),
(619, 'asda', 'da'),
(620, 'asdasd', 'da'),
(621, 'al', 'al'),
(622, 'sadas', 'sad'),
(623, 'hiu', 'iu'),
(624, '321', '2'),
(625, 'sdasda', 'da'),
(626, 'asdkad', 'sd'),
(627, 'l', 'cocktail'),
(628, 'hell', 'hell'),
(629, 'world', 'world'),
(630, '有没有推荐的爱情电影', ''),
(631, 'test', 'test'),
(632, '喜欢', '喜欢'),
(633, '一', '一碧无际'),
(634, '下', '下'),
(635, '析', '析'),
(636, '鉴', '鉴'),
(637, '定', '定'),
(638, '切', '切'),
(639, '回', '回'),
(640, 'hoped', 'hoped'),
(641, 'add', 'add'),
(642, '但', '不但'),
(643, '34', '3'),
(644, '是', '是'),
(645, '的', '好样儿的'),
(646, '时', '时'),
(647, '候', '候'),
(648, '因', '因'),
(649, '觉', '觉'),
(650, '得', '得'),
(651, '12', '12'),
(652, '到', '到'),
(653, '56', '6'),
(654, 'doing', 'doing'),
(655, 'well', 'well'),
(656, 'terror', 'terror'),
(657, 'morning', 'morning'),
(658, 'ho', 'ho'),
(659, 'things', 'things'),
(660, 'test1234', 'te'),
(661, 'test1', 'te');

-- --------------------------------------------------------

--
-- Table structure for table `input_queue`
--

CREATE TABLE `input_queue` (
  `id` int NOT NULL,
  `chat_id` int DEFAULT NULL,
  `message` text,
  `user_id` int DEFAULT NULL,
  `language` varchar(255) NOT NULL DEFAULT 'ZH',
  `done` tinyint NOT NULL DEFAULT '0'
) ENGINE=InnoDB DEFAULT CHARSET=utf8mb4 COLLATE=utf8mb4_0900_ai_ci;

--
-- Dumping data for table `input_queue`
--

INSERT INTO `input_queue` (`id`, `chat_id`, `message`, `user_id`, `language`, `done`) VALUES
(3, 1, '我想要恐怖片', 2, 'ZH', 1),
(4, 1, '我想要恐怖片', 1, 'ZH', 1),
(5, 1, '我想要爱情电影', 2, 'ZH', 1),
(6, 1, '我想要爱情电影', 2, 'ZH', 1),
(7, 1, '我想要爱情电影', 2, 'ZH', 1),
(8, 1, 'action movie plz', 2, 'ZH', 1),
(9, 1, '我想要爱情电影', 2, 'ZH', 1),
(10, 2, '你好', 3, 'ZH', 1),
(11, 2, '哈哈哈', 3, 'ZH', 1),
(12, 2, '有电影推荐吗？', 3, 'ZH', 1),
(13, 2, '我爱你', 3, 'ZH', 1),
(14, 2, '我爱你', 3, 'ZH', 1),
(15, 2, '有动作片推荐吗？', 3, 'ZH', 1),
(16, 1, '有恐怖片推荐吗？', 2, 'ZH', 1),
(17, 2, '有动作片推荐吗？', 3, 'ZH', 1),
(18, 1, '我想要爱情电影', 2, 'ZH', 1),
(19, 2, '有动作片推荐吗', 3, 'ZH', 1),
(20, 1, '有婚姻片推荐吗', 2, 'ZH', 1),
(21, 1, '我想要婚姻片', 2, 'ZH', 1),
(22, 1, '谢谢你', 2, 'ZH', 1),
(23, 3, '你好我想要恐怖片', 4, 'ZH', 1),
(24, 3, '有其他爱情电影吗', 4, 'ZH', 1),
(25, 3, '我想要其他动作片', 4, 'ZH', 1),
(26, 2, 'I want action movie', 3, 'ZH', 1),
(27, 4, '我想要恐怖片', 5, 'ZH', 1),
(28, 5, '你好我想要恐怖片', 6, 'ZH', 1),
(29, 5, '我想要其他喜剧电影', 6, 'ZH', 1),
(30, 5, '有没有推荐的爱情电影', 6, 'ZH', 1),
(31, 6, '我想要爱情电影', 10, 'ZH', 1),
(32, 6, '我想要爱情电影', 10, 'ZH', 1),
(33, 6, '我想要爱情电影', 10, 'ZH', 1),
(34, 6, '我想要动作电影', 10, 'ZH', 1),
(35, 6, '我想要爱情动作电影', 10, 'ZH', 1),
(36, 6, '我想要动作电影', 10, 'ZH', 1),
(37, 6, '你好我想要恐怖片', 10, 'ZH', 1),
(38, 6, '有动作片推荐吗', 10, 'ZH', 1),
(39, 6, '我想要婚姻片', 10, 'ZH', 1),
(40, 6, '我想要恐怖片', 10, 'ZH', 1),
(41, 6, '我想要恐怖片', 10, 'ZH', 1),
(42, 6, 'Sound Good', 1, 'ZH', 1),
(43, 6, '我想要恐怖片', 10, 'ZH', 1),
(44, 6, 'I don\'t like it', 10, 'ZH', 1),
(45, 6, 'Sound Good', 10, 'ZH', 1),
(46, 6, '忘记了', 10, 'ZH', 1),
(47, 6, '我也想要恐怖片', 10, 'ZH', 1),
(48, 6, 'I don\'t like it', 10, 'ZH', 1),
(49, 6, 'Sound Good', 10, 'ZH', 1),
(50, 6, 'I don\'t like it', 10, 'ZH', 1),
(51, 6, '我喜欢保罗·吉亚玛提的片', 10, 'ZH', 1),
(52, 6, 'Sound Good', 10, 'ZH', 1),
(53, 6, '我不喜欢', 10, 'ZH', 1),
(54, 6, '我喜欢', 10, 'ZH', 1),
(55, 7, '你好', 13, 'ZH', 1),
(56, 7, '我喜欢', 13, 'ZH', 1),
(57, 6, '我想要恐怖片', 10, 'ZH', 1),
(58, 8, 'Hello', 14, 'ZH', 1),
(59, 8, '我喜欢', 14, 'ZH', 1),
(60, 8, '我喜欢', 14, 'ZH', 1),
(61, 8, 'Hello', 14, 'ZH', 1),
(62, 8, '我喜欢恐怖片', 14, 'ZH', 1),
(63, 8, '我喜欢', 14, 'ZH', 1),
(64, 8, '我喜欢恐怖片', 14, 'ZH', 1),
(65, 8, '我喜欢恐怖片', 14, 'ZH', 1),
(66, 8, '我喜欢恐怖片', 14, 'ZH', 1),
(67, 8, '我不喜欢', 14, 'ZH', 1),
(68, 8, '我不喜欢', 14, 'ZH', 1),
(69, 8, '我喜欢', 14, 'ZH', 1),
(70, 8, '我喜欢', 14, 'ZH', 1),
(71, 8, '我喜欢', 14, 'ZH', 1),
(72, 8, '我喜欢恐怖片', 14, 'ZH', 1),
(73, 8, '我喜欢', 14, 'ZH', 1),
(74, 8, '我享受恐怖片', 14, 'ZH', 1),
(75, 8, '有没有推荐的爱情电影', 14, 'ZH', 1),
(76, 8, '我喜欢恐怖片', 14, 'ZH', 1),
(77, 8, '有没有推荐的爱情电影', 14, 'ZH', 1),
(78, 8, '有没有推荐的爱情电影', 14, 'ZH', 1),
(79, 8, '我喜欢', 14, 'ZH', 1),
(80, 8, '你說得對', 14, 'ZH', 1),
(81, 8, '有没有推荐的爱情电影', 14, 'ZH', 1),
(82, 8, '我喜欢', 14, 'ZH', 1),
(83, 8, '有没有推荐的爱情电影', 14, 'ZH', 1),
(84, 9, '有没有推荐的爱情电影', 15, 'ZH', 1),
(85, 9, '有没有推荐的爱情电影', 15, 'ZH', 1),
(86, 9, '云上的日子（1995年法国米开朗基罗·安东尼奥尼执导电影）', 15, 'ZH', 1),
(87, 9, '有没有推荐的爱情电影', 15, 'ZH', 1),
(88, 9, '我喜欢', 15, 'ZH', 1),
(89, 10, '有没有推荐的恐怖电影', 16, 'ZH', 1),
(90, 10, '我喜欢', 16, 'ZH', 1),
(91, 11, '有没有推荐的爱情电影', 17, 'ZH', 1),
(92, 11, '我喜欢', 17, 'ZH', 1),
(93, 12, '有没有推荐的爱情电影', 18, 'ZH', 1),
(94, 12, '我喜欢', 18, 'ZH', 1),
(95, 13, '有没有推荐的爱情电影', 19, 'ZH', 1),
(96, 13, '我喜欢', 19, 'ZH', 1),
(97, 14, '有没有推荐的恐怖电影', 20, 'ZH', 1),
(98, 14, '我喜欢', 20, 'ZH', 1),
(99, 15, '有没有推荐的爱情电影', 21, 'ZH', 1),
(100, 15, '我喜欢', 21, 'ZH', 1),
(101, 16, '有没有推荐的恐怖电影', 22, 'ZH', 1),
(102, 17, '有没有推荐的恐怖电影', 23, 'ZH', 1),
(103, 18, '有没有推荐的爱情电影', 24, 'ZH', 1),
(104, 19, '有什么喜剧电影推荐吗', 25, 'ZH', 1),
(105, 19, '有什么喜剧电影推荐吗', 25, 'ZH', 1),
(106, 21, '我想看喜剧电影', 27, 'ZH', 1),
(107, 21, '我喜欢', 27, 'ZH', 1),
(108, 22, '我想看喜剧电影', 28, 'ZH', 1),
(109, 22, '我喜欢', 28, 'ZH', 1),
(110, 23, '我想看动作片', 29, 'ZH', 1),
(111, 23, '我不喜欢', 29, 'ZH', 1),
(112, 24, '我想看动作片', 30, 'ZH', 1),
(113, 25, 'Testing', 31, 'ZH', 1),
(114, 25, 'I am looking for horror movie', 31, 'ZH', 1),
(115, 25, 'horror', 31, 'ZH', 1),
(116, 25, 'How are you?', 31, 'ZH', 1),
(117, 25, 'I want some love movie.', 31, 'ZH', 1),
(118, 25, 'Hello how are you?', 31, 'ZH', 1),
(119, 25, 'Hello how are you?', 31, 'ZH', 1),
(120, 25, 'Hello I am looking for some comedy movie.', 31, 'ZH', 1),
(121, 25, 'I am looking for some comedy movie.', 31, 'ZH', 1),
(122, 25, 'Hello', 31, 'ZH', 1),
(123, 25, 'do you have any comedy movie recommendation?', 31, 'ZH', 1),
(124, 25, 'movie please?', 31, 'ZH', 1),
(125, 25, 'Hello I am looking for some comedy movie.', 31, 'ZH', 1),
(126, 25, 'I am looking for love movie.', 31, 'ZH', 1),
(127, 25, 'I am looking for love movie', 31, 'ZH', 1),
(128, 25, 'I am looking for love movie', 31, 'ZH', 1),
(129, 25, 'I am looking for love movie', 31, 'ZH', 1),
(130, 25, 'looking for love movie', 31, 'ZH', 1),
(131, 25, 'I am also looking for comedy anime.', 31, 'ZH', 1),
(132, 25, 'I am looking for comedy anime.', 31, 'ZH', 1),
(133, 25, 'I am looking for comedy anime.', 31, 'ZH', 1),
(134, 25, 'Is there any comedy movie?', 31, 'ZH', 1),
(135, 25, 'any funny movie recommend?', 31, 'ZH', 1),
(136, 25, 'I am looking for comedy movie.', 31, 'ZH', 1),
(137, 25, 'I am looking for comedy movie.', 31, 'ZH', 1),
(138, 25, 'I am looking for love movie.', 31, 'ZH', 1),
(139, 25, 'I am looking for love movie.', 31, 'ZH', 1),
(140, 25, 'any funny movie recommend?', 31, 'ZH', 1),
(141, 25, 'any funny movie recommend?', 31, 'ZH', 1),
(142, 25, 'any funny movie recommend?', 31, 'ZH', 1),
(143, 25, 'any funny movie recommend?', 31, 'ZH', 1),
(144, 25, 'any funny movie recommend?', 31, 'ZH', 1),
(145, 25, 'any funny movie recommend?', 31, 'ZH', 1),
(146, 25, 'any funny movie recommend?', 31, 'ZH', 1),
(147, 25, 'any funny movie recommend?', 31, 'ZH', 1),
(148, 25, 'any funny movie recommend?', 31, 'ZH', 1),
(149, 25, 'any funny movie recommend?', 31, 'ZH', 1),
(150, 25, 'any funny movie recommend?', 31, 'ZH', 1),
(151, 25, 'Hello how are you', 31, 'ZH', 1),
(152, 25, 'I am good thank you. I am looking for movies', 31, 'ZH', 1),
(153, 26, '我想看动作片', 32, 'ZH', 1),
(154, 26, '我想看动作片', 32, 'ZH', 1),
(155, 26, 'Hello How are you?', 32, 'ZH', 1),
(156, 26, 'Hello I am looking for movie', 32, 'ZH', 1),
(157, 26, 'Hello World', 32, 'ZH', 1),
(158, 26, 'Hello World', 32, 'ZH', 1),
(159, 26, 'Hello World', 32, 'ZH', 1),
(160, 26, 'Hello World', 32, 'ZH', 1),
(161, 26, 'Hello World', 32, 'ZH', 1),
(162, 26, 'Hello World', 32, 'ZH', 1),
(163, 26, 'Hello World', 32, 'EN', 1),
(164, 26, 'Hello World', 32, 'EN', 1),
(165, 26, 'How are you', 32, 'EN', 1),
(166, 26, '我想看动作片', 32, 'ZH', 1),
(167, 26, '我想看动作片', 32, 'ZH', 1),
(168, 26, 'I am looking for movies', 32, 'EN', 1),
(169, 26, 'I am looking for movies', 32, 'EN', 1),
(170, 26, 'Hello I am looking for funny movies', 32, 'EN', 1),
(171, 26, 'Hello I am looking for funny movies', 32, 'EN', 1),
(172, 26, 'funny movies?', 32, 'EN', 1),
(173, 26, 'Nice', 32, 'EN', 1),
(174, 26, 'do you have more movies?', 32, 'EN', 1),
(175, 26, 'Do you have nice films?', 32, 'EN', 1),
(176, 26, 'I am looking for some movies', 32, 'EN', 1),
(177, 26, 'I would like to watch a fantasy movie.', 32, 'EN', 1),
(178, 26, 'I have seen these, they are very good. Do you give another recommendation?', 32, 'EN', 1),
(179, 26, 'yes please', 32, 'EN', 1),
(180, 26, 'Great! We share the same taste.', 32, 'EN', 1),
(181, 26, 'I would like to watch an action movie.', 32, 'EN', 1),
(182, 26, 'I would like to watch an action movie.', 32, 'EN', 1),
(183, 26, 'I would like to watch a fantasy anime.', 32, 'EN', 1),
(184, 26, '我想看动作片', 32, 'ZH', 1),
(185, 26, 'Hello', 32, 'EN', 1),
(186, 26, '我想看动作片', 32, 'ZH', 1),
(187, 26, '我喜欢', 32, 'ZH', 1),
(188, 27, 'I am looking for action movie', 33, 'EN', 1),
(189, 27, 'I am looking for action movie', 33, 'EN', 1),
(190, 27, 'I have seen these, they are very good. Do you give another recommendation?', 33, 'EN', 1),
(191, 27, 'Great! We share the same taste.', 33, 'EN', 1),
(192, 28, 'I am looking for movie', 34, 'EN', 1),
(193, 28, 'I am looking for action movie', 34, 'EN', 1),
(194, 28, '我喜欢', 34, 'ZH', 1),
(195, 29, 'I am looking for action movie', 35, 'EN', 1),
(196, 29, 'I am looking for action movie', 35, 'EN', 1),
(197, 29, 'I am looking for action movie', 35, 'EN', 1),
(198, 29, 'I am looking for action movie', 35, 'EN', 1),
(199, 29, 'I am looking for action movie', 35, 'EN', 1),
(200, 29, 'I like it.', 35, 'EN', 1),
(201, 29, 'I have seen these, they are very good. Do you give another recommendation?', 35, 'EN', 1),
(202, 29, 'Great! We share the same taste.', 35, 'EN', 1),
(203, 30, 'I am looking for love movie', 36, 'EN', 1),
(204, 30, 'I like it', 36, 'EN', 1),
(205, 30, 'I have seen these, they are very good. Do you give another recommendation?', 36, 'EN', 1),
(206, 30, 'Do you have any any action movie recommend?', 36, 'EN', 1),
(207, 30, 'No do you have other action movie?', 36, 'EN', 1),
(208, 31, 'I am looking for love movieI am looking for love movie', 37, 'EN', 1),
(209, 31, 'I am looking for funny movie', 37, 'EN', 1),
(210, 31, 'I like it', 37, 'EN', 1),
(211, 31, 'Do you have any action movie recommend as well?', 37, 'EN', 1),
(212, 31, 'I am looking for funny movie', 37, 'EN', 1),
(213, 31, 'I am looking for funny movie', 37, 'EN', 1),
(214, 31, 'I am looking for funny movie', 37, 'EN', 1),
(215, 31, 'I like it. Do you have any action movie recommend as well?', 37, 'EN', 1),
(216, 31, 'I am looking for panda action movie.', 37, 'EN', 1),
(217, 31, 'I am looking for romance movie.', 37, 'EN', 1),
(218, 32, 'I am looking for funny hero movie', 38, 'EN', 1),
(219, 32, 'I have seen these, they are very good. Do you give another recommendation?', 38, 'EN', 1),
(220, 32, 'Great! We share the same taste.', 38, 'EN', 1),
(221, 33, 'Train: 1. the 	21. at 	41. there 	61. some 	81. my 2. of 	22. be 	42. use 	62. her 	82. than 3. and 	23. this 	43. an 	63. would 	83. first 4. a 	24. have 	44. each 	64. make 	84. water 5. to 	25. from 	45. which 	65. like 	85. been 6. in 	26. or 	46. she 	66. him 	86. call 7. is 	27. one 	47. do 	67. into 	87. who 8. you 	28. had 	48. how 	68. time 	88. oil 9. that 	29. by 	49. their 	69. has 	89. its 10. it 	30. word 	50. if 	70. look 	90. now 11. he 	31. but 	51. will 	71. two 	91. find 12. was 	32. not 	52. up 	72. more 	92. long 13. for 	33. what 	53. other 	73. write 	93. down 14. on 	34. all 	54. about 	74. go 	94. day 15. are 	35. were 	55. out 	75. see 	95. did 16. as 	36. we 	56. many 	76. number 	96. get 17. with 	37. when 	57. then 	77. no 	97. come 18. his 	38. your 	58. them 	78. way 	98. made 19. they 	39. can 	59. these 	79. could 	99. may 20. I 	40. said 	60. so 	80. people 	100. part', 39, 'EN', 1),
(222, 33, 'Hi I am looking for disney movie', 39, 'EN', 1),
(223, 33, 'I like it', 39, 'EN', 1),
(224, 33, 'Do you have other funny action movie?', 39, 'EN', 1),
(225, 33, 'I have seen this. Do you have any cute animal film?', 39, 'EN', 1),
(226, 33, 'Cool Thank you', 39, 'EN', 1),
(227, 34, 'Hi I am looking for mystery science fiction film', 40, 'EN', 1),
(228, 34, 'I have seen these, they are very good. Do you give another recommendation?', 40, 'EN', 1),
(229, 34, 'I like it thank you', 40, 'EN', 1),
(230, 35, 'Primary film genres include action, adventure, comedy, drama, fantasy, horror, musicals, mystery, romance, science fiction, sports, thriller, and Western.', 41, 'EN', 1),
(231, 35, 'Hi I am looking for horror film', 41, 'EN', 1),
(232, 35, 'I like it. Do you have another recommendation?', 41, 'EN', 1),
(233, 35, 'I like it', 41, 'EN', 1),
(234, 36, 'I am looking for sports movie', 42, 'EN', 1),
(235, 36, 'No I don\'t like it', 42, 'EN', 1),
(236, 36, 'I am looking for film about sports and football', 42, 'EN', 1),
(237, 36, 'sport film?', 42, 'EN', 1),
(238, 36, 'No. Please give me something about Science for Exercise and Sport', 42, 'EN', 1),
(239, 36, 'Fiction movie or film please', 42, 'EN', 1),
(240, 36, 'How about musical film?', 42, 'EN', 1),
(241, 37, 'I would like to watch a fantasy movie.', 43, 'EN', 1),
(242, 37, 'I like it', 43, 'EN', 1),
(243, 37, 'I would like to watch a fantasy movie.', 43, 'EN', 1),
(244, 37, 'I like it', 43, 'EN', 1),
(245, 37, 'do you have other recommendation?', 43, 'EN', 1),
(246, 37, 'I would like to watch a fantasy movie.', 43, 'EN', 1),
(247, 37, 'I like it. do you have other recommendation?', 43, 'EN', 1),
(248, 37, 'I like it. I am also looking for mystery science fiction film', 43, 'EN', 1),
(249, 37, 'I would like to watch a fantasy movie.', 43, 'EN', 1),
(250, 37, 'I would like to watch a fantasy movie.', 43, 'EN', 1),
(251, 37, 'I like it. do you have other recommendation?', 43, 'EN', 1),
(252, 37, 'I like it', 43, 'EN', 1),
(253, 37, 'I would like to watch a fantasy movie.', 43, 'EN', 1),
(254, 37, 'I like it', 43, 'EN', 1),
(255, 37, 'I like it. do you have other recommendation?', 43, 'EN', 1),
(256, 37, 'I would like to watch a fantasy movie.', 43, 'EN', 1),
(257, 37, 'I like it. Do you have any love movie as well?', 43, 'EN', 1),
(258, 37, 'I do not like it', 43, 'EN', 1),
(259, 37, 'I am looking for mystery science fiction film as well', 43, 'EN', 1),
(260, 37, 'I like it', 43, 'EN', 1),
(261, 38, '我想看动作片', 44, 'ZH', 1),
(262, 38, 'I like it', 44, 'EN', 1),
(263, 38, '有没有推荐的爱情电影', 44, 'ZH', 1),
(264, 38, '有没有推荐的爱情电影', 44, 'ZH', 1),
(265, 38, '我喜欢', 44, 'ZH', 1),
(266, 38, '我喜欢', 44, 'ZH', 1),
(267, 39, '有没有推荐的爱情电影', 45, 'ZH', 1),
(268, 40, 'I am looking for love movie', 46, 'EN', 1),
(269, 40, 'I do not like it', 46, 'EN', 1),
(270, 41, 'Hi I am looking for comedy movie', 47, 'EN', 1),
(271, 41, 'I like it', 47, 'EN', 1),
(272, 42, 'Hi I am looking for comedy movie', 48, 'EN', 1),
(273, 42, 'I like it. Do you have other recommendation?', 48, 'EN', 1),
(274, 42, 'I would like to watch a fantasy movie.', 48, 'EN', 1),
(275, 42, 'Hi I am looking for horror film', 48, 'EN', 1),
(276, 42, 'I like it. Do you have other recommendation?', 48, 'EN', 1),
(277, 42, 'Hi I am looking for horror film', 48, 'EN', 1),
(278, 43, '有没有推荐的恐怖电影', 49, 'ZH', 1),
(279, 43, '有没有推荐的恐怖电影', 49, 'ZH', 1),
(280, 43, '有没有推荐的爱情电影', 49, 'ZH', 1),
(281, 43, '有没有推荐的爱情电影', 49, 'ZH', 1),
(282, 43, 'I like it', 49, 'EN', 1),
(283, 43, '有没有推荐的爱情电影', 49, 'ZH', 1),
(284, 43, 'I like it', 49, 'EN', 1),
(285, 43, 'I like it', 49, 'EN', 1),
(286, 43, '有没有推荐的爱情电影', 49, 'ZH', 1),
(287, 43, '我喜欢', 49, 'ZH', 1),
(288, 43, '我不喜欢', 49, 'ZH', 1),
(289, 43, 'test', 49, 'EN', 1),
(290, 43, 'test1', 49, 'EN', 1),
(291, 43, 'test1234', 49, 'EN', 1),
(292, 44, 'hi', 51, 'EN', 1),
(293, 45, 'ho', 52, 'EN', 1),
(294, 45, 'a', 52, 'EN', 1),
(295, 42, 'I like it.', 48, 'EN', 1),
(296, 42, 'test', 48, 'EN', 1),
(297, 47, '34', 53, 'EN', 1),
(298, 48, '56', 54, 'EN', 1),
(299, 48, '12', 55, 'EN', 1),
(300, 48, '34', 55, 'EN', 1),
(301, 54, '有没有推荐的爱情电影?', 57, 'EN', 1),
(302, 54, 'I am looking for scary and horror movie.', 57, 'EN', 1),
(303, 54, '我想看喜剧电影', 57, 'ZH', 1),
(304, 54, 'I would like to watch a fantasy movie.', 57, 'EN', 1),
(305, 54, 'I am looking for scary and horror movie.', 57, 'EN', 1),
(306, 54, '有没有推荐的爱情电影?', 57, 'EN', 1),
(307, 54, 'I would like to watch a fantasy movie.', 57, 'EN', 1),
(308, 54, '我想看喜剧电影', 57, 'ZH', 1),
(309, 66, 'I am looking for scary and horror movie.', 73, 'EN', 1),
(310, 66, 'hi', 73, 'EN', 1),
(311, 68, '我想看喜剧电影', 75, 'ZH', 1),
(312, 69, 'hi', 76, 'EN', 1),
(313, 6, '我喜欢', 10, 'ZH', 1),
(314, 6, 'test', 10, 'EN', 1),
(315, 70, 'I am looking for scary and horror movie.', 77, 'EN', 1),
(316, 71, 'I would like to watch a fantasy movie.', 78, 'EN', 1),
(317, 72, '有没有推荐的爱情电影?', 79, 'EN', 1),
(318, 73, '我想看喜剧电影', 80, 'ZH', 1),
(319, 74, 'hello', 81, 'EN', 1),
(320, 74, 'hi', 81, 'EN', 1),
(321, 74, 'hi', 81, 'EN', 1),
(322, 74, 'hello world', 81, 'EN', 1),
(323, 74, 'hell', 81, 'EN', 1),
(324, 74, 'l', 81, 'EN', 1),
(325, 74, 'asdkad', 81, 'EN', 1),
(326, 74, 'sdasda', 81, 'EN', 1),
(327, 74, 'asdasd', 81, 'EN', 1),
(328, 74, 'asd', 81, 'EN', 1),
(329, 74, 'asd', 81, 'EN', 1),
(330, 74, '321', 81, 'EN', 1),
(331, 76, 'hi', 83, 'EN', 1),
(332, 77, 'Hi', 84, 'EN', 1),
(333, 78, 'hiu', 85, 'EN', 1),
(334, 78, 'asd', 85, 'EN', 1),
(335, 78, 'sadas', 85, 'EN', 1),
(336, 80, 'hi', 87, 'EN', 1),
(337, 80, 'al', 87, 'EN', 1),
(338, 80, 'asdasd', 87, 'EN', 1),
(339, 80, 'asda', 87, 'EN', 1),
(340, 80, 'hi', 87, 'EN', 1),
(341, 80, 'asd', 87, 'EN', 1),
(342, 80, 'dsa', 87, 'EN', 1),
(343, 80, 'a', 87, 'EN', 1),
(344, 80, 'a', 87, 'EN', 1),
(345, 80, 'a', 87, 'EN', 1),
(346, 80, 'a', 87, 'EN', 1),
(347, 80, 'aasdas', 87, 'EN', 1),
(348, 80, 'hello', 87, 'EN', 1),
(349, 81, '我想看喜剧电影', 88, 'ZH', 1),
(350, 82, 'te', 89, 'EN', 1),
(351, 83, 'I am looking for scary and horror movie.', 90, 'EN', 1),
(352, 84, 'Test', 91, 'EN', 1),
(353, 84, 'a', 91, 'EN', 1),
(354, 84, 'sadij', 91, 'EN', 1),
(355, 84, 'sad', 91, 'EN', 1),
(356, 84, 'asd', 91, 'EN', 1),
(357, 82, 'test', 89, 'EN', 1),
(358, 82, 'Hello how are you?', 89, 'EN', 1),
(359, 82, 'I am interested into horror movie.', 89, 'EN', 1),
(360, 82, 'No i didn\'t. What is it about?', 89, 'EN', 1),
(361, 82, 'I like it.', 89, 'EN', 1),
(362, 75, 'I am looking for scary and horror movie.', 82, 'EN', 1),
(363, 20, 'I would like to watch a fantasy movie.', 26, 'EN', 1),
(364, 20, 'I would like to watch a fantasy movie.', 26, 'EN', 1),
(365, 20, 'I would like to watch a horror movie.', 26, 'EN', 1),
(366, 20, 'I like it.', 26, 'EN', 1),
(367, 20, '[', 26, 'EN', 1),
(368, 20, 'I would like to watch a horror movie.', 26, 'EN', 1),
(369, 20, 'I would like to watch a horror movie.', 26, 'EN', 1),
(370, 20, 'I would like to watch a romantic movie.', 26, 'EN', 1),
(371, 20, 'No but it seems good. Do you have other recommendation?', 26, 'EN', 1),
(372, 20, 'I would like to watch a romantic movie.', 26, 'EN', 1),
(373, 20, 'No but it seems good. Do you have other recommendation?', 26, 'EN', 1),
(374, 20, 'I like it.', 26, 'EN', 1),
(375, 20, 'Yes Thank you', 26, 'EN', 1),
(376, 20, 'Hello how are you', 26, 'EN', 1),
(377, 20, 'Do you have any romantic movie recommendation?', 26, 'EN', 1),
(378, 20, 'I like it.', 26, 'EN', 1),
(379, 86, 'I would like to watch a fantasy movie.', 93, 'EN', 1),
(380, 86, 'No but I do not like it.', 93, 'EN', 1),
(381, 86, 'I like it.', 93, 'EN', 1),
(382, 89, 'I would like to watch a fantasy movie.', 96, 'EN', 1),
(383, 89, 'I would like to watch a comedy movie.', 96, 'EN', 1),
(384, 90, 'I would like to watch a fantasy movie.', 97, 'EN', 1),
(385, 90, 'I would like to watch a fantasy movie.', 97, 'EN', 1),
(386, 90, 'I would like to watch a fantasy movie.', 97, 'EN', 1),
(387, 90, 'I would like to watch a fantasy movie.', 97, 'EN', 1),
(388, 90, 'I would like to watch a fantasy movie.', 97, 'EN', 1),
(389, 90, 'I would like to watch a fantasy movie.', 97, 'EN', 1),
(390, 90, 'I would like to watch a fantasy movie.', 97, 'EN', 1),
(391, 90, 'Nice', 97, 'EN', 1),
(392, 90, 'bte', 97, 'EN', 1),
(393, 91, 'I would like to watch a fantasy movie.', 98, 'EN', 1),
(395, 91, 'I am looking for scary and horror movie.', 98, 'EN', 1),
(396, 91, 'I am looking for scary and horror movie.', 98, 'EN', 1),
(397, 92, 'I am looking for scary and horror movie.', 99, 'EN', 1),
(398, 92, 'I am looking for scary and horror movie.', 99, 'EN', 1),
(399, 92, 'I am looking for scary and horror movie.', 99, 'EN', 1),
(400, 92, 'I like it.', 99, 'EN', 1),
(401, 93, 'I would like to watch a fantasy movie.', 100, 'EN', 1),
(402, 93, 'I would like to watch a fantasy movie.', 100, 'EN', 1),
(403, 93, 'I like it.', 100, 'EN', 1),
(404, 93, 'I like it.', 100, 'EN', 1),
(405, 93, 'I like it.', 100, 'EN', 1),
(406, 93, 'Thank you', 100, 'EN', 1),
(407, 93, 'Nice', 100, 'EN', 1),
(408, 93, 'I like it.', 100, 'EN', 1),
(409, 93, 'I like it.', 100, 'EN', 1),
(410, 93, 'nice', 100, 'EN', 1),
(411, 93, 'I like it.', 100, 'EN', 1),
(412, 93, 'I like it.', 100, 'EN', 1),
(413, 93, 'I like it.', 100, 'EN', 1),
(414, 93, 'I like it.', 100, 'EN', 1),
(415, 94, 'Hello', 101, 'EN', 1),
(416, 94, 'I would like to watch comedy movie', 101, 'EN', 1),
(417, 94, 'No but I like it. Do you have more recommendations?', 101, 'EN', 1),
(418, 95, 'hi', 102, 'EN', 1),
(419, 95, 'hi', 102, 'EN', 1),
(420, 95, 'Comedy movie', 102, 'EN', 1),
(421, 95, 'I like it.', 102, 'EN', 1),
(422, 95, 'What is it about?', 102, 'EN', 1),
(423, 95, 'no', 102, 'EN', 1),
(424, 95, 'me too. bye', 102, 'EN', 1),
(425, 96, 'Can you suggest a good thriller movie that was released in the past year?', 103, 'EN', 1),
(426, 96, 'Yes, I\'ve seen Shutter Island and I thought it was a great thriller movie! However, I was actually asking for a recommendation of a movie that was released in the past year. Can you suggest another movie that fits that criteria?', 103, 'EN', 1),
(427, 96, 'I\'m sorry, but it seems like there was a misunderstanding. \"Get a Job\" is actually a comedy movie, not a thriller. If you\'re still interested in a thriller movie recommendation from the past year, I can suggest \"The Invisible Man\" (2020), which is a suspenseful and well-reviewed movie. Would you like me to give you more information about that movie or do you have any other preferences you\'d like me to consider?', 103, 'EN', 1),
(428, 97, 'Hello how are you', 104, 'EN', 1),
(429, 97, 'Can you recommend a good drama movie?', 104, 'EN', 1),
(430, 97, 'Actually, I haven\'t seen the newest version of \"Funny Games\" yet. When was it released? And do you think it\'s as good as the original 1997 version?', 104, 'EN', 1),
(431, 97, 'You\'re welcome! \"Housebound\" is a great horror-comedy movie that has received positive reviews from critics and audiences alike. Let me know if you need any more information about the movie or if you\'d like me to recommend another movie in a different genre.', 104, 'EN', 1),
(432, 98, 'Can you recommend a good action movie?', 105, 'EN', 1),
(433, 98, 'Can you recommend a good action movie?', 105, 'EN', 1),
(434, 100, 'Can you recommend a good action movie?', 107, 'EN', 1),
(435, 100, 'Please recommend a good action movie for me to watch.', 107, 'EN', 1),
(436, 100, 'Thanks for the recommendation! \"Killing Zoe\" is a crime thriller that has been well-received by audiences and critics. I haven\'t seen it yet, but I\'m definitely interested in checking it out. Do you have any other recommendations in the action genre or any other genres you\'d like to explore?', 107, 'EN', 1),
(437, 101, 'Can you recommend a good romance movie?', 108, 'EN', 1),
(438, 101, 'Can you recommend a good romance movie?', 108, 'EN', 1),
(439, 101, 'Can you recommend a good romance movie?', 108, 'EN', 1),
(440, 102, 'Can you recommend a good comedy movie?', 109, 'EN', 1),
(441, 102, 'No but I like it. Do you have another recommendation?', 109, 'EN', 1),
(442, 102, 'I like it.', 109, 'EN', 1),
(443, 103, 'I am looking for scary and horror movie.', 110, 'EN', 1),
(444, 103, 'I like it.', 110, 'EN', 1),
(445, 104, 'I would like to watch a fantasy movie.', 111, 'EN', 1),
(446, 104, 'I like it.', 111, 'EN', 1),
(447, 104, 'This looks great. Thank you', 111, 'EN', 1),
(448, 105, 'hello', 112, 'EN', 1),
(449, 105, 'hello', 112, 'EN', 1),
(450, 107, '我想看喜剧电影', 114, 'ZH', 1),
(451, 109, 'hi', 116, 'EN', 1);

-- --------------------------------------------------------

--
-- Table structure for table `message`
--

CREATE TABLE `message` (
  `id` int NOT NULL,
  `chat_id` int DEFAULT NULL,
  `user_id` int DEFAULT NULL,
  `type` varchar(255) DEFAULT NULL,
  `content` text,
  `created_at` datetime NOT NULL DEFAULT CURRENT_TIMESTAMP
) ENGINE=InnoDB DEFAULT CHARSET=utf8mb4 COLLATE=utf8mb4_0900_ai_ci;

--
-- Dumping data for table `message`
--

INSERT INTO `message` (`id`, `chat_id`, `user_id`, `type`, `content`, `created_at`) VALUES
(1, 1, 2, 'text', '[Recommend]:\n卡里加里博士的小屋\n木乃伊（1999年斯蒂芬·索莫斯执导的电影）\n黑暗乡村\n灵幻夹克\n洛基恐怖秀\n四人餐桌\n美国黑帮\n盖棺了结\n诺斯费拉图（1979年维尔内纳·赫尔措格导演电影）\n费城故事（1940年乔治·丘克执导美国电影）\n', '2022-10-10 00:13:23'),
(2, 1, 2, 'text', '帮 我 把 这 个 小 妹 妹 换 衣 服 ， 可 是 我 有 点 吃 不 消 。', '2022-10-10 00:16:05'),
(3, 1, 1, 'text', '我想要恐怖片', '2022-10-10 00:22:31'),
(4, 1, 1, 'text', '[Recommend]:\n木乃伊（1999年斯蒂芬·索莫斯执导的电影）\n卡里加里博士的小屋\n旧日噩梦\n黑色安息日（意大利恐怖电影）\n新浪花金融道(0)\n致命切割\n鬼作秀2\n内陆（意大利2011年艾曼纽尔·克里亚勒斯执导电影）\n斯巴达克斯（2004年美国罗伯特·多恩海姆导演电影）\n重返奥兹国\n', '2022-10-10 00:23:05'),
(5, 1, 1, 'text', '还 有 租 车 的 时 候 太 难 骑 ， 太 怕 员 骄 傲 ， 想 要 搞 几 条 狗 ， 有 一 集 会 干', '2022-10-10 00:26:33'),
(6, 1, 1, 'text', '我想要爱情电影', '2022-10-10 00:33:46'),
(7, 1, 2, 'text', '[Recommend]:\n断背山（2005年李安执导美国电影）\n来电惊魂\n浓情巧克力（美国2000年朱丽叶·比诺什主演电影）\n神秘村\n堕入地狱\n花月佳期（1967年黄尧执导电影）\n见鬼\n战地情人\n绿卡（电影）\n湖边的少女\n', '2022-10-10 00:34:15'),
(8, 1, 2, 'text', '给 他 ， 让 他 软 玉 支 持 一 下 来 ， 让 他 软 玉 支 持 一 下 。', '2022-10-10 00:36:54'),
(9, 1, 1, 'text', '我想要爱情电影', '2022-10-10 00:44:03'),
(10, 1, 2, 'text', '[Recommend]:\n断背山（2005年李安执导美国电影）\n浓情巧克力（美国2000年朱丽叶·比诺什主演电影）\n猎头游戏\n当哈利遇到莎莉\n大叔，我爱你\n绿卡（电影）\n情书（1997年韩国电影）\n云上的日子（1995年法国米开朗基罗·安东尼奥尼执导电影）\n木乃伊（1999年斯蒂芬·索莫斯执导的电影）\n堕入地狱\n', '2022-10-10 00:44:30'),
(11, 1, 2, 'text', '找 男 朋 友 的 ， 但 是 他 的 心 都 有 了 ， 我 无 法 理 解 。', '2022-10-10 00:46:58'),
(12, 1, 1, 'text', '我想要爱情电影', '2022-10-10 00:49:07'),
(13, 1, 2, 'text', '[Recommend]:\n断背山（2005年李安执导美国电影）\n木乃伊（1999年斯蒂芬·索莫斯执导的电影）\n浓情巧克力（美国2000年朱丽叶·比诺什主演电影）\n神秘村\n绿卡（电影）\n云上的日子（1995年法国米开朗基罗·安东尼奥尼执导电影）\n爱情（1948年意大利电影）\n棺木\n圣体(2011)\n呼啸山庄（1954年版墨西哥电影）\n', '2022-10-10 00:49:35'),
(14, 1, 2, 'text', '却 偏 向 于 发 觉 他 非 常 珍 惜 ， 他 真 的 很 彻 底 ， 只 是 太 理 想 获 得 了 一 把', '2022-10-10 00:53:03'),
(15, 1, 1, 'text', 'action movie plz', '2022-10-10 00:53:22'),
(16, 1, 2, 'text', '[Recommend]:\n浓情巧克力（美国2000年朱丽叶·比诺什主演电影）\n怪兽电力公司\n罗马假日（1987年美国电视电影）\n两小无猜（2003年杨·塞谬尔导演电影）\n万有引力（2011年赵天宇导演电影）\n机器人之恋\n失乐园（张吉秀执导电影）\n米尔克（美国2008年Gus Van Sant执导电影）\n白雪公主斗牛记\n熊猫家族\n', '2022-10-10 00:53:51'),
(17, 1, 2, 'text', '。', '2022-10-10 00:54:18'),
(18, 1, 1, 'text', '我想要爱情电影', '2022-10-10 00:54:41'),
(19, 1, 2, 'text', '[Recommend]:\n小姐弟荒原历险\n花月佳期（1967年黄尧执导电影）\n浓情巧克力（美国2000年朱丽叶·比诺什主演电影）\n我心狂野（1990年大卫·林奇执导美国电影）\n大叔，我爱你\n怪物史莱克（2001年上映动画电影）\n理发师（2006年陈坤主演电影）\n咱们结婚吧（2015年刘江执导的爱情电影）\n来电惊魂\n当哈利遇到莎莉\n', '2022-10-10 00:55:09'),
(20, 1, 2, 'text', '一 般 都 是 按 照 一 定 程 度 的 ， 毕 竟 有 无 穷 无 穷 嘛 。', '2022-10-10 00:57:41'),
(21, 2, 1, 'text', '你好', '2022-10-12 22:42:34'),
(22, 2, 3, 'text', '[Recommend]:\n三十一\n美丽谎言（电影）\n内裤之穴\n猛鬼撞鬼\n罪与错\n魁拔Ⅲ战神崛起(2014)\n惊爆星期四\n雷诺阿（法国电影导演）\n九香\n三十八度\n', '2022-10-12 22:42:44'),
(23, 2, 3, 'text', '好 照 顾 自 己 的 小 女 孩 ， 哈 哈 哈 哈 哈 哈 哈 哈 哈 哈 哈 哈 哈 哈 哈 哈 哈 哈 哈', '2022-10-12 22:46:04'),
(24, 2, 1, 'text', '哈哈哈', '2022-10-12 22:48:00'),
(25, 2, 3, 'text', '[Recommend]:\n飞侠小白龙（1968年王风执导电影）\n幽灵僵尸\n三十八度\n魔棺\n莫小白的水怪日记\n生日快乐（2007年马楚成执导电影）\n迷失：过去，现在与未来(2008)\n败家仔\n“下次开船”港游记（1984年秦志钰执导电影）\n肥佬教授\n', '2022-10-12 22:48:09'),
(26, 2, 3, 'text', '哈 哈 哈 哈 哈 哈 哈 哈 哈 哈 哈 哈 哈 哈 哈 哈 哈 哈 哈 哈 哈 哈 哈 哈 哈 哈 哈 哈 哈', '2022-10-12 22:51:33'),
(27, 2, 1, 'text', '有电影推荐吗？', '2022-10-12 22:52:46'),
(28, 2, 3, 'text', '[Recommend]:\n穿越时光的地铁\n抗癌的我\n心底的逆流\n小城之春（1948年费穆执导电影）\n劳拉的星星（同名电影）\n移动迷宫3：死亡解药(2018)\n神父同志\n纽约，我爱你\n小马王\n狼的诱惑（韩国2004年姜栋元和李清娥主演爱情电影）\n', '2022-10-12 22:53:15'),
(29, 2, 1, 'text', '我爱你', '2022-10-12 22:55:06'),
(30, 2, 3, 'text', '[Recommend]:\n适合分手的季节\n幸福额度（2011年陈正道执导电影）\n伤心童话（2012年徐正超执导电影）\n烈火情人（英国1992年朱丽叶主演电影）\n酣歌畅戏\n台北异想\n暗恋桃花源（1992年林青霞主演电影）\n五百万美元的大丈夫\n天涯海角（1996年李志毅执导电影）\n新天生一对\n', '2022-10-12 22:55:29'),
(31, 2, 3, 'text', '的 我 吧 己 的 笑 。', '2022-10-12 22:56:31'),
(32, 2, 1, 'text', '我爱你', '2022-10-12 22:57:39'),
(33, 2, 3, 'text', '[Recommend]:\n酣歌畅戏\n傻瓜回忆录\n台北异想\n爆裂刑警\n冲向天外天\n适合分手的季节\n信天游（冯小宁执导电影）\n蒙娜丽莎（李缨执导电影）\n逆世界\n红河（2009年章家瑞执导电影）\n', '2022-10-12 22:58:02'),
(34, 2, 3, 'text', '的 爱 你 的 爱 你 的 爱 你 的 爱 我 的 爱 我 的 爱 我 的 爱 我 的 不 是 酸 ！', '2022-10-12 23:01:13'),
(35, 2, 1, 'text', '有动作片推荐吗？', '2022-10-12 23:02:09'),
(36, 1, 1, 'text', '有恐怖片推荐吗？', '2022-10-12 23:02:27'),
(37, 1, 2, 'text', '[Recommend]:\n双枪（2013年巴塔萨·科马库执导的美国电影）\n达拉斯买家俱乐部\n穿越时光的地铁\n杀破狼（2005年叶伟信执导电影）\n虎胆龙威5\n绝地战警2\n生死拳\n攻壳机动队SSS\n少林豪侠传\n剃头匠\n', '2022-10-12 23:02:36'),
(38, 2, 3, 'text', '[Recommend]:\n终结者2018\n终极斗士（1992年詹姆斯·马歇尔主演电影）\n双枪（2013年巴塔萨·科马库执导的美国电影）\n小城之春（1948年费穆执导电影）\n杀破狼（2005年叶伟信执导电影）\n武术之少年行\n皇家师姐2\n特工008\n剃头匠\n穿越时光的地铁\n', '2022-10-12 23:03:29'),
(39, 2, 1, 'text', '有动作片推荐吗？', '2022-10-12 23:04:32'),
(40, 1, 1, 'text', '我想要爱情电影', '2022-10-12 23:04:38'),
(41, 1, 2, 'text', '[Recommend]:\n云上的日子（1995年法国米开朗基罗·安东尼奥尼执导电影）\n断背山（2005年李安执导美国电影）\n浓情巧克力（美国2000年朱丽叶·比诺什主演电影）\n加勒比海盗3：世界的尽头\n绿卡（电影）\n廊桥遗梦（美国1995年克林特·伊斯特伍德执导爱情电影）\n婚姻生活（1970年弗朗索瓦·特吕弗导演电影）\n恋爱中的宝贝（2004年李少红执导电影）\n血与蜜之地\n命运呼叫转移\n', '2022-10-12 23:05:30'),
(42, 1, 2, 'text', '来 了 ， 你 有 什 么 指 望 吗 ？', '2022-10-12 23:06:54'),
(43, 2, 3, 'text', '[Recommend]:\n终结者2018\n武术之少年行\n通缉令（1984年金淑琪导演的电影）\n抗癌的我\n心底的逆流\n云上的日子（1995年法国米开朗基罗·安东尼奥尼执导电影）\n边境杀手\n剃头匠\n东方秃鹰\n变形金刚（2007年派拉蒙影业真人版电影）\n', '2022-10-12 23:07:20'),
(44, 2, 1, 'text', '有动作片推荐吗', '2022-10-12 23:08:26'),
(45, 2, 3, 'text', '[Recommend]:\n杀破狼（2005年叶伟信执导电影）\n武术之少年行\n拳霸（2003年拳霸系列电影的一部动作片）\n双枪（2013年巴塔萨·科马库执导的美国电影）\n机器人之恋\n狙击时刻(2014)\n公主日记2\n中环英雄（1991年香港电影）\n绝代双骄（1979年邵氏傅声、伍卫国主演的电影）\n虎胆龙威5\n', '2022-10-12 23:08:54'),
(46, 2, 3, 'text', '？', '2022-10-12 23:09:20'),
(47, 1, 1, 'text', '有婚姻片推荐吗', '2022-10-12 23:09:24'),
(48, 1, 2, 'text', '[Recommend]:\n当爱来的时候\n剃头匠\n婚姻生活（1970年弗朗索瓦·特吕弗导演电影）\n劳拉的星星（同名电影）\n心底的逆流\n游客（2014年法国喜剧电影）\n费城故事（1940年乔治·丘克执导美国电影）\n达拉斯买家俱乐部\n抗癌的我\n女友礼拜五\n', '2022-10-12 23:09:52'),
(49, 1, 2, 'text', '？', '2022-10-12 23:10:17'),
(50, 1, 1, 'text', '我想要婚姻片', '2022-10-12 23:10:56'),
(51, 1, 2, 'text', '[Recommend]:\n婚姻生活（1970年弗朗索瓦·特吕弗导演电影）\n泡妞达人\n游客（2014年法国喜剧电影）\n红楼梦Ⅲ 凤姐泼醋(0)\n萨凡纳（2013阿内特·霍华德-卡特导演美国电影）\n带子雄狼 父子连心(1972)\n我爱你（2011年秋昌民导演的韩国电影）\n杰克和露丝的情歌(2005)\n我的小小新娘\n卡米诺\n', '2022-10-12 23:11:28'),
(52, 1, 2, 'text', '， 你 帮 我 把 名 字 马 上 给 我 一 份 ， 我 不 贪 心 ， 我 不 太 担 心 ， 但 是 没 有', '2022-10-12 23:14:42'),
(53, 1, 1, 'text', '谢谢你', '2022-10-12 23:16:49'),
(54, 1, 2, 'text', '[Recommend]:\n天涯海角（1996年李志毅执导电影）\n泡妞达人\n我的小小新娘\n新郎上错床\n卡米诺\n女人的期待\n红楼梦Ⅲ 凤姐泼醋(0)\n冰血暴（美国1996年科恩兄弟执导电影）\n婚礼之后\n隔窗未了缘\n', '2022-10-12 23:17:04'),
(55, 1, 2, 'text', '， 我 要 我 心 情 不 安 ， 你 说 一 遍 不 激 的 。', '2022-10-12 23:18:54'),
(56, 3, 1, 'text', '你好我想要恐怖片', '2022-10-15 12:12:51'),
(57, 3, 4, 'text', '[Recommend]:\n木乃伊（1999年斯蒂芬·索莫斯执导的电影）\n卡里加里博士的小屋\n四人餐桌\n咒怨2 录像带版(2000)\n死寂（美国2007年詹姆斯·温执导电影）\n豹族(1942)\n超完美谋杀案\n洛基恐怖秀\n招魂（2005年大卫史密斯执导电影）\n致命切割\n', '2022-10-15 12:13:33'),
(58, 3, 4, 'text', '帮 我 把 这 个 老 失 败 告 一 下 ， 最 好 是 清 爽 的 那 种 带 来 了 灵 魂 无 穷 无 穷', '2022-10-15 12:17:21'),
(59, 3, 1, 'text', '有其他爱情电影吗', '2022-10-15 12:55:55'),
(60, 3, 4, 'text', '[Recommend]:\n神秘村\n致命切割\n旧日噩梦\n恋爱中的宝贝（2004年李少红执导电影）\n威尼斯疑魂\n盖棺了结\n机器人之恋\n罗马假日（1987年美国电视电影）\n三只猴子\n精灵鼠小弟（美国1999年E·B·怀特著童话改编好莱坞电影）\n', '2022-10-15 12:56:30'),
(61, 3, 4, 'text', '？', '2022-10-15 12:57:03'),
(62, 3, 1, 'text', '我想要其他动作片', '2022-10-15 12:57:44'),
(63, 3, 4, 'text', '[Recommend]:\n少林豪侠传\n碟中谍5：神秘国度(0)\n胖男孩快跑\n虎胆龙威（布鲁斯·威利斯主演虎胆龙威系列电影）\n蚁哥正传\n杀人三步曲\n虐童疑云\n僵尸大时代\n战士帮（1979年美国沃尔特·希尔执导电影）\n通缉令（1984年金淑琪导演的电影）\n', '2022-10-15 12:58:12'),
(64, 3, 4, 'text', '了 解 一 下 ， 不 太 真 实 ， 我 更 想 要 看 看 会 无 穷 好 吗 ？', '2022-10-15 13:00:42'),
(65, 2, 1, 'text', 'I want action movie', '2022-10-15 13:07:05'),
(66, 2, 3, 'text', '[Recommend]:\n悲惨世界（1934年的法国电影）\n列车惊魂\n亚特兰蒂斯之心（美国2001年斯科特·希克斯执导电影）\n火柴厂女工\n暗夜恐惧(0)\n简爱\n梦宅诡影\n跳支华尔兹\n我的童年（苏联1937年穆·顿斯柯依执导电影）\n小山回家\n', '2022-10-15 13:07:34'),
(67, 2, 3, 'text', '的 那 种 讲 脸 的 建 议 ， 毕 竟 血 溅 没 有 太 大 的 。', '2022-10-15 13:09:52'),
(68, 4, 1, 'text', '我想要恐怖片', '2022-10-15 14:27:21'),
(69, 4, 5, 'text', '[Recommend]:\n木乃伊（1999年斯蒂芬·索莫斯执导的电影）\n旧日噩梦\n独行杀手\n两杆大烟枪\n剃头匠\n命案目睹记(2004)\n非常舞者\n霓虹恶魔(2016)\n怒海沉尸\n暴饮暴食(1995)\n', '2022-10-15 14:27:55'),
(70, 4, 5, 'text', '， 你 就 得 逞 了 。', '2022-10-15 14:29:02'),
(71, 5, 1, 'text', '你好我想要恐怖片', '2022-10-15 14:31:26'),
(72, 5, 6, 'text', '[Recommend]:\n木乃伊（1999年斯蒂芬·索莫斯执导的电影）\n科学怪人（1910年的美国电影）\n伯爵夫人的耳环\n独行杀手\n旧日噩梦\n心理游戏（2004年汤浅政明执导日本动画电影）\n高潮\n杀人偶\n爱情万岁（周柏豪主演香港电影）\n蚁哥正传\n', '2022-10-15 14:32:07'),
(73, 5, 6, 'text', '。', '2022-10-15 14:32:47'),
(74, 5, 1, 'text', '我想要其他喜剧电影', '2022-10-15 14:37:31'),
(75, 5, 6, 'text', '[Recommend]:\n三个臭皮匠（帕特里克·华德执导电影）\n鬼妈妈（亨利·塞利克执导电影）\n心理游戏（2004年汤浅政明执导日本动画电影）\n来电惊魂\n伦巴（菲欧娜·戈登主演电影之一）\n战地情人\n死亡派对（2011年美国电影）\n大叔，我爱你\n火龙对决\n白色夹竹桃\n', '2022-10-15 14:38:05'),
(76, 5, 6, 'text', '。', '2022-10-15 14:38:38'),
(77, 5, 1, 'text', '有没有推荐的爱情电影', '2022-10-15 14:45:45'),
(78, 5, 6, 'text', '[Recommend]:\n鬼妈妈（亨利·塞利克执导电影）\n猎头游戏\n断背山（2005年李安执导美国电影）\n见鬼\n来电惊魂\n古镜怪谈\n三个臭皮匠（帕特里克·华德执导电影）\n年轻的亚当\n大白鲨（1978年美国吉诺特兹瓦克执导电影）\n我心狂野（1990年大卫·林奇执导美国电影）\n', '2022-10-15 14:46:26'),
(79, 5, 6, 'text', '。', '2022-10-15 14:47:05'),
(80, 6, 1, 'text', '我想要爱情电影', '2022-11-03 15:25:50'),
(81, 6, 10, 'text', '[Recommend]:\n婚姻生活（1970年弗朗索瓦·特吕弗导演电影）\n变形金刚（2007年派拉蒙影业真人版电影）\n加勒比海盗3：世界的尽头\n', '2022-11-03 15:26:17'),
(82, 6, 10, 'text', '来 了 ， 你 有 什 么 指 望 吗 ？', '2022-11-03 15:27:41'),
(83, 6, 1, 'text', '我想要爱情电影', '2022-11-03 15:31:21'),
(84, 6, 10, 'text', '[Recommend]:\n情书（1997年韩国电影）\n断背山（2005年李安执导美国电影）\n廊桥遗梦（美国1995年克林特·伊斯特伍德执导爱情电影）\n', '2022-11-03 15:31:49'),
(85, 6, 10, 'text', '[Response]:\n来 了 ， 你 有 什 么 指 望 吗 ？', '2022-11-03 15:33:15'),
(86, 6, 1, 'text', '我想要爱情电影', '2022-11-03 15:40:03'),
(87, 6, 10, 'text', '[Recommend]:\n云上的日子（1995年法国米开朗基罗·安东尼奥尼执导电影）\n断背山（2005年李安执导美国电影）\n血与蜜之地\n', '2022-11-03 15:40:32'),
(88, 6, 10, 'text', '[Response]:\n来 了 ， 你 有 什 么 指 望 吗 ？', '2022-11-03 15:41:57'),
(89, 6, 1, 'text', '我想要动作电影', '2022-11-03 15:44:01'),
(90, 6, 10, 'text', '[Recommend]:\n勇闯16街区\n', '2022-11-03 15:44:36'),
(91, 6, 10, 'text', '[Response]:\n来 了 ， 你 帮 我 一 起 看 呗 ， 我 正 在 想 怎 么 办 呢 ！', '2022-11-03 15:47:03'),
(92, 6, 1, 'text', '我想要爱情动作电影', '2022-11-03 16:18:29'),
(93, 6, 10, 'text', '[Recommend]:\n断背山（2005年李安执导美国电影）\n', '2022-11-03 16:19:03'),
(94, 6, 10, 'text', '[Response]:\n呢 ！', '2022-11-03 16:19:42'),
(95, 6, 1, 'text', '我想要动作电影', '2022-11-03 16:55:23'),
(96, 6, 10, 'text', '[Recommend]:\n通缉令（1984年金淑琪导演的电影）\n', '2022-11-03 16:55:58'),
(97, 6, 10, 'text', '[Response]:\n来 了 ， 你 帮 我 一 起 看 呗 ， 我 正 在 想 怎 么 办 呢 ！', '2022-11-03 16:58:23'),
(98, 6, 1, 'text', '你好我想要恐怖片', '2022-11-03 16:58:28'),
(99, 6, 10, 'text', '[Recommend]:\n木乃伊（1999年斯蒂芬·索莫斯执导的电影）\n', '2022-11-03 16:59:09'),
(100, 6, 10, 'text', '[Response]:\n的 照 片 ， 不 知 道 你 有 没 有 看 完 ， 我 很 想 要 。', '2022-11-03 17:01:37'),
(101, 6, 1, 'text', '有动作片推荐吗', '2022-11-03 17:02:08'),
(102, 6, 10, 'text', '[Recommend]:\n终结者2018\n', '2022-11-03 17:02:36'),
(103, 6, 10, 'text', '[Response]:\n？', '2022-11-03 17:03:02'),
(104, 6, 1, 'text', '我想要婚姻片', '2022-11-03 17:04:18'),
(105, 6, 10, 'text', '[Recommend]:\n杯酒人生\n', '2022-11-03 17:04:46'),
(106, 6, 10, 'text', '[Response]:\n！', '2022-11-03 17:05:13'),
(107, 6, 1, 'text', '我想要恐怖片', '2022-11-03 17:05:56'),
(108, 6, 10, 'text', '[Recommend]:\n剃头匠\n', '2022-11-03 17:06:31'),
(109, 6, 10, 'text', '[Response]:\n', '2022-11-03 17:07:05'),
(110, 6, 1, 'text', '我想要恐怖片', '2022-11-03 18:49:38'),
(111, 6, 10, 'text', '[Recommend]:\n木乃伊（1999年斯蒂芬·索莫斯执导的电影）\n', '2022-11-03 18:50:16'),
(112, 6, 10, 'recommend', '[Response]:\n帮 我 把 这 个 小 妹 妹 换 衣 服 ， 可 是 我 有 点 吃 不 消 。', '2022-11-03 18:53:03'),
(113, 6, 1, 'text', 'Sound Good', '2022-11-04 13:37:51'),
(114, 6, 1, 'text', '[Recommend]:\nA计划（中国1983年成龙执导的喜剧电影）\n', '2022-11-04 13:45:38'),
(115, 6, 1, 'recommend', '[Response]:\n忘 记 和 你 交 流 了 好 多 的 事 吗 ？', '2022-11-04 13:47:10'),
(116, 6, 1, 'text', '我想要恐怖片', '2022-11-04 13:48:54'),
(117, 6, 10, 'text', '[Recommend]:\n木乃伊（1999年斯蒂芬·索莫斯执导的电影）\n', '2022-11-04 13:50:21'),
(118, 6, 10, 'recommend', '[Response]:\n帮 我 把 这 个 小 妹 妹 换 衣 服 ， 可 是 我 有 点 吃 不 消 。', '2022-11-04 13:53:04'),
(119, 6, 1, 'text', 'I don\'t like it', '2022-11-04 13:53:09'),
(120, 6, 10, 'text', '[Recommend]:\n黑暗乡村\n', '2022-11-04 13:53:37'),
(121, 6, 10, 'recommend', '[Response]:\n淹 了 吧 哭 泣 一 个 我 的 大 猪 眼 ， 不 知 道 选 什 么 牌 子 。', '2022-11-04 13:56:20'),
(122, 6, 1, 'text', 'Sound Good', '2022-11-04 13:56:35'),
(123, 6, 10, 'text', '[Recommend]:\n死神来了2\n', '2022-11-04 13:56:49'),
(124, 6, 10, 'recommend', '[Response]:\n忘 记 丧 尸 了 吗 ？', '2022-11-04 13:57:44'),
(125, 6, 1, 'text', '忘记了', '2022-11-04 14:02:14'),
(126, 6, 10, 'text', '[Recommend]:\n隔山有眼2\n', '2022-11-04 14:02:29'),
(127, 6, 10, 'recommend', '[Response]:\n， 但 是 我 想 要 恐 怖 片 ！', '2022-11-04 14:03:36'),
(128, 6, 1, 'text', '我也想要恐怖片', '2022-11-04 14:04:46'),
(129, 6, 10, 'text', '[Recommend]:\nC 侦探\n', '2022-11-04 14:05:20'),
(130, 6, 10, 'recommend', '[Response]:\n。', '2022-11-04 14:05:54'),
(131, 6, 1, 'text', 'I don\'t like it', '2022-11-04 14:06:58'),
(132, 6, 10, 'text', '[Recommend]:\n鬼妈妈（亨利·塞利克执导电影）\n', '2022-11-04 14:07:27'),
(133, 6, 10, 'recommend', '[Response]:\n了 ， 但 是 没 看 够 ， 倒 是 有 点 吃 ， 有 点 吃 不 惯 。', '2022-11-04 14:09:40'),
(134, 6, 1, 'text', 'Sound Good', '2022-11-04 14:10:17'),
(135, 6, 10, 'text', '[Recommend]:\n小猪妈仔\n', '2022-11-04 14:10:32'),
(136, 6, 10, 'recommend', '[Response]:\n。', '2022-11-04 14:10:46'),
(137, 6, 1, 'text', 'I don\'t like it', '2022-11-04 14:10:49'),
(138, 6, 10, 'text', '[Recommend]:\n来电惊魂\n', '2022-11-04 14:11:18'),
(139, 6, 10, 'recommend', '[Response]:\n膜 膜 ！', '2022-11-04 14:11:59'),
(140, 6, 1, 'text', '我喜欢保罗·吉亚玛提的片', '2022-11-04 14:53:41'),
(141, 6, 10, 'text', '[Recommend]:\n第一夫人\n', '2022-11-04 14:54:18'),
(142, 6, 10, 'recommend', '[Response]:\n子 ， 我 喜 欢 金 匮 植 。', '2022-11-04 14:55:41'),
(143, 6, 1, 'text', 'Sound Good', '2022-11-04 15:14:21'),
(144, 6, 10, 'text', '[Recommend]:\n十月（1928年前苏联电影）\n', '2022-11-04 15:14:35'),
(145, 6, 10, 'recommend', '[Response]:\n。', '2022-11-04 15:14:49'),
(146, 6, 1, 'text', '我不喜欢', '2022-11-04 15:22:28'),
(147, 6, 10, 'text', '[Recommend]:\n湖边的少女\n', '2022-11-04 15:22:49'),
(148, 6, 10, 'recommend', '[Response]:\n违 花 薄 草 。', '2022-11-04 15:23:36'),
(149, 6, 1, 'text', '我喜欢', '2022-11-04 15:41:51'),
(150, 6, 10, 'text', '[Recommend]:\n看不见的客人\n', '2022-11-04 15:42:06'),
(151, 6, 10, 'recommend', '[Response]:\n金 · 纠 泽 。', '2022-11-04 15:42:40'),
(152, 7, 12, 'text', '你好', '2022-11-04 15:51:23'),
(153, 7, 13, 'text', '[Recommend]:\n幸福额度（2011年陈正道执导电影）\n', '2022-11-04 15:51:31'),
(154, 7, 13, 'recommend', '[Response]:\n徽 茵 衬 衫 裙 水 。', '2022-11-04 15:52:18'),
(155, 7, 12, 'text', '我喜欢', '2022-11-04 15:52:54'),
(156, 7, 13, 'text', '[Recommend]:\n三幕悲剧（1986年美国电视电影）\n', '2022-11-04 15:53:09'),
(157, 7, 13, 'recommend', '[Response]:\n违 花 羡 情 ， 我 喜 欢 ， 那 是 驱 捉 戛 然 开 朗 ~ 戛 然 开 朗 ~', '2022-11-04 15:55:29'),
(158, 6, 1, 'text', '我想要恐怖片', '2022-11-04 16:02:20'),
(159, 6, 10, 'text', '[Recommend]:\n布杜落水遇救记\n', '2022-11-04 16:02:54'),
(160, 6, 10, 'recommend', '[Response]:\n伤 害 你 好 點 意 思 ， 伐 嫌 弃 我 要 酋 旺 包 ， 你 太 不 可 能 酱 紫 了 。 你 要 是', '2022-11-04 16:06:17'),
(161, 8, 1, 'text', 'Hello', '2022-12-11 21:37:49'),
(162, 8, 14, 'text', '[Recommend]:\nA计划（中国1983年成龙执导的喜剧电影）\n', '2022-12-15 20:12:45'),
(163, 8, 14, 'recommend', '[Response]:\n照 顾 老 人 的 感 觉 是 不 是 很 美', '2022-12-15 20:13:37'),
(164, 8, 1, 'text', '我喜欢', '2022-12-15 20:31:46'),
(165, 8, 14, 'text', '[Recommend]:\n冰血暴（美国1996年科恩兄弟执导电影）\n', '2022-12-15 20:31:57'),
(166, 8, 14, 'recommend', '[Response]:\n的 东 西 ， 我 今 天 去 吃 了 两 个 晚 饭 ， 还 在 家 里 大 吃 大 喝 喝 了 好 久 吃 了', '2022-12-15 20:34:15'),
(167, 8, 1, 'text', '我喜欢', '2022-12-15 20:41:53'),
(168, 8, 14, 'text', '[Recommend]:\n52赫兹，我爱你\n', '2022-12-15 20:42:21'),
(169, 8, 14, 'recommend', '[Response]:\n的 东 西 ， 我 今 天 去 吃 了 两 个 晚 饭 ， 还 在 家 里 大 吃 大 喝 喝 了 好 久 吃 了', '2022-12-15 20:44:24'),
(170, 8, 1, 'text', 'Hello', '2022-12-15 20:46:20'),
(171, 8, 14, 'text', '[Recommend]:\nA计划（中国1983年成龙执导的喜剧电影）\n', '2022-12-15 20:46:41'),
(172, 8, 14, 'recommend', '[Response]:\n照 顾 老 人 的 感 觉 是 不 是 很 美', '2022-12-15 20:47:46'),
(173, 8, 1, 'text', '我喜欢恐怖片', '2022-12-15 20:48:33'),
(174, 8, 14, 'text', '[Recommend]:\n双面玛莎\n', '2022-12-15 20:49:01'),
(175, 8, 14, 'recommend', '[Response]:\n的 照 片 呢 ， 这 是 我 最 喜 欢 的 第 一 次 看 。', '2022-12-15 20:50:17'),
(176, 8, 1, 'text', '我喜欢', '2022-12-15 20:50:42'),
(177, 8, 14, 'text', '[Recommend]:\n致命切割\n', '2022-12-15 20:50:55'),
(178, 8, 14, 'recommend', '[Response]:\n的 。', '2022-12-15 20:51:12'),
(179, 8, 1, 'text', '我喜欢恐怖片', '2022-12-15 20:52:40'),
(180, 8, 14, 'text', '[Recommend]:\n战士帮（1979年美国沃尔特·希尔执导电影）\n', '2022-12-15 20:52:56'),
(181, 8, 14, 'recommend', '[Response]:\n的 照 片 呢 ， 这 是 我 最 喜 欢 的 第 一 次 看 。', '2022-12-15 20:53:11'),
(182, 8, 1, 'text', '我喜欢恐怖片', '2022-12-15 20:54:58'),
(183, 8, 14, 'text', '[Recommend]:\n致命切割\n', '2022-12-15 20:55:14'),
(184, 8, 14, 'recommend', '[Response]:\n的 照 片 呢 ， 这 是 我 最 喜 欢 的 第 一 次 看 。', '2022-12-15 20:55:29'),
(185, 8, 1, 'text', '我喜欢恐怖片', '2022-12-15 21:02:41'),
(186, 8, 14, 'text', '[Recommend]:\n致命切割\n', '2022-12-15 21:02:56'),
(187, 8, 14, 'recommend', '[Response]:\n的 照 片 ， 没 有 血 腥 。', '2022-12-15 21:03:08'),
(188, 8, 1, 'text', '我不喜欢', '2022-12-15 21:03:55'),
(189, 8, 14, 'text', '[Recommend]:\n双面玛莎\n', '2022-12-15 21:04:10'),
(190, 8, 14, 'recommend', '[Response]:\n， 但 是 我 感 觉 他 们 都 是 给 我 彻 底 享 受 各 种 类 型 的 。', '2022-12-15 21:04:23'),
(191, 8, 1, 'text', '我不喜欢', '2022-12-15 21:06:59'),
(192, 8, 14, 'text', '[Recommend]:\n婚姻生活（1970年弗朗索瓦·特吕弗导演电影）\n', '2022-12-15 21:07:34'),
(193, 8, 14, 'recommend', '[Response]:\n的 东 西 ， 你 也 是 有 捕 获 的 ， 都 是 有 眼 光 的 ， 都 是 有 爱 哇 ， 你 知 道 怎', '2022-12-15 21:07:49'),
(194, 8, 1, 'text', '我喜欢', '2022-12-15 21:10:23'),
(195, 8, 14, 'text', '[Recommend]:\n电锯惊魂（2004年电锯惊魂系列电影第一部）\n', '2022-12-15 21:10:33'),
(196, 8, 14, 'recommend', '[Response]:\n的 东 西 ， 我 们 去 旅 行 吧 ， 我 们 去 植 物 园 它 是 护 士 ！', '2022-12-15 21:10:43'),
(197, 8, 1, 'text', '我喜欢', '2022-12-15 21:10:58'),
(198, 8, 14, 'text', '[Recommend]:\n雨人（1969年美国电影）\n', '2022-12-15 21:11:09'),
(199, 8, 14, 'recommend', '[Response]:\n这 个 东 西 ， 我 喜 欢 这 个 东 西 ， 我 喜 欢 这 个 东 西 ， 我 喜 欢 这 个 季 节 奏', '2022-12-15 21:11:18'),
(200, 8, 1, 'text', '我喜欢', '2022-12-15 21:15:13'),
(201, 8, 14, 'text', '[Recommend]:\n为你钟情2\n', '2022-12-15 21:15:24'),
(202, 8, 14, 'recommend', '[Response]:\n', '2022-12-15 21:15:34'),
(203, 8, 1, 'text', '我喜欢恐怖片', '2022-12-15 21:16:04'),
(204, 8, 14, 'text', '[Recommend]:\n惊声尖叫3\n', '2022-12-15 21:16:18'),
(205, 8, 14, 'recommend', '[Response]:\n的 照 片 呢 ， 觉 得 好 像 我 以 前 看 过 一 样 。', '2022-12-15 21:16:30'),
(206, 8, 1, 'text', '我喜欢', '2022-12-15 21:44:27'),
(207, 8, 14, 'text', '[Recommend]:\n女人领地\n', '2022-12-17 20:29:25'),
(208, 8, 14, 'recommend', '[Response]:\n的 东 西 ， 我 今 天 去 吃 了 两 个 晚 饭 ， 还 在 家 里 大 吃 大 喝 喝 了 好 久 吃 了', '2022-12-17 20:29:34'),
(209, 8, 1, 'text', '我享受恐怖片', '2022-12-17 20:30:24'),
(210, 8, 14, 'text', '[Recommend]:\n豹族(1942)\n', '2022-12-17 20:30:45'),
(211, 8, 14, 'recommend', '[Response]:\n的 普 劝', '2022-12-17 20:31:03'),
(212, 8, 1, 'text', '有没有推荐的爱情电影', '2022-12-17 21:04:22'),
(213, 8, 14, 'text', '[Recommend]:\n浓情巧克力（美国2000年朱丽叶·比诺什主演电影）\n', '2022-12-17 21:04:51'),
(214, 8, 14, 'recommend', '[Response]:\n呢 ？', '2022-12-17 21:05:19'),
(215, 8, 1, 'text', '我喜欢恐怖片', '2022-12-17 21:44:02'),
(216, 8, 14, 'text', '[Recommend]:\n双面玛莎\n', '2022-12-17 21:44:18'),
(217, 8, 14, 'text', 'https://img-v.6789.com/covers/3f/ae/89001.jpg', '2022-12-17 21:44:19'),
(218, 8, 14, 'recommend', '[Response]:\n的 照 片 呢 ， 这 是 我 最 喜 欢 的 第 一 次 看 。', '2022-12-17 21:44:38'),
(219, 8, 1, 'text', '有没有推荐的爱情电影', '2022-12-17 21:47:42'),
(220, 8, 14, 'text', '[Recommend]:\n情书（1997年韩国电影）\n', '2022-12-17 21:48:09'),
(221, 8, 14, 'image', 'https://bkimg.cdn.bcebos.com/pic/42a98226cffc1e178a82b1d4aac4e103738da8774383?x-bce-process=image/crop,x_0,y_0,w_1187,h_1583/resize,m_lfit,h_436,limit_1/quality,Q_70', '2022-12-17 21:48:10'),
(222, 8, 14, 'recommend', '[Response]:\n呢 ？', '2022-12-17 21:48:37'),
(223, 8, 1, 'text', '有没有推荐的爱情电影', '2022-12-20 20:48:58'),
(224, 8, 14, 'text', '[Recommend]:\n情书（1997年韩国电影）\n', '2022-12-20 20:49:25'),
(225, 8, 14, 'image', 'https://bkimg.cdn.bcebos.com/pic/42a98226cffc1e178a82b1d4aac4e103738da8774383?x-bce-process=image/crop,x_0,y_0,w_1187,h_1583/resize,m_lfit,h_436,limit_1/quality,Q_70', '2022-12-20 20:49:26'),
(226, 8, 14, 'recommend', '[Response]:\n呢 ？', '2022-12-20 20:49:52'),
(227, 8, 1, 'text', '我喜欢', '2022-12-20 20:49:59'),
(228, 8, 14, 'text', '[Recommend]:\n骤雨（汤姆·菲茨杰拉德导演的电影）\n', '2022-12-20 20:50:10'),
(229, 8, 14, 'image', 'http://upload.wikimedia.org/wikipedia/commons/2/2f/Jessica_chastain_Cannes_2017_(cropped).jpg', '2022-12-20 20:50:10'),
(230, 8, 14, 'recommend', '[Response]:\n看 呢 ， 尤 其 是 那 种 很 美 的 动 画 片 ， 特 别 喜 欢 看 ， 里 面 带 着 笑 容 很 美', '2022-12-20 20:50:19'),
(231, 8, 1, 'text', '你說得對', '2022-12-20 20:53:15'),
(232, 8, 14, 'text', '[Recommend]:\n初恋战士\n', '2022-12-20 20:53:35'),
(233, 8, 14, 'text', 'https://upload.wikimedia.org/wikipedia/zh/thumb/2/25/Warrior_Nun_poster.jpg/220px-Warrior_Nun_poster.jpg', '2022-12-20 20:53:36'),
(234, 8, 14, 'recommend', '[Response]:\n玻 尿 酸 的 揭 帶 看 ?', '2022-12-20 20:53:53'),
(235, 8, 1, 'text', '有没有推荐的爱情电影', '2022-12-20 20:57:51'),
(236, 8, 14, 'text', '[Recommend]:\n云上的日子（1995年法国米开朗基罗·安东尼奥尼执导电影）\n', '2022-12-20 20:58:18'),
(237, 8, 14, 'image', 'https://upload.wikimedia.org/wikipedia/commons/thumb/c/c9/Michelangelo_Antonioni.jpg/200px-Michelangelo_Antonioni.jpg', '2022-12-20 20:58:19'),
(238, 8, 14, 'recommend', '[Response]:\n呢 ？', '2022-12-20 20:58:49'),
(239, 8, 1, 'text', '我喜欢', '2022-12-20 21:01:50'),
(240, 8, 14, 'text', '[Recommend]:\n恋爱中的宝贝（2004年李少红执导电影）\n', '2022-12-20 21:02:02'),
(241, 8, 14, 'image', 'https://pic3.zhimg.com/80/v2-28fb2b0e9a41e1ade3416c892d75510e_1440w.webp', '2022-12-20 21:02:03'),
(242, 8, 14, 'recommend', '[Response]:\n看 呢 ， 尤 其 是 那 种 很 美 的 动 画 片 ， 特 别 喜 欢 看 ， 里 面 带 着 笑 容 很 美', '2022-12-20 21:02:13'),
(243, 8, 1, 'text', '有没有推荐的爱情电影', '2022-12-20 21:15:17'),
(244, 8, 14, 'text', '[Recommend]:\n云上的日子（1995年法国米开朗基罗·安东尼奥尼执导电影）\n', '2022-12-20 21:15:44'),
(245, 8, 14, 'image', 'https://upload.wikimedia.org/wikipedia/commons/thumb/c/c9/Michelangelo_Antonioni.jpg/200px-Michelangelo_Antonioni.jpg', '2022-12-20 21:15:44'),
(246, 8, 14, 'text', '[Recommend]:\nA计划（中国1983年成龙执导的喜剧电影）\n', '2022-12-20 21:21:00'),
(247, 8, 14, 'image', 'https://d3tvwjfge35btc.cloudfront.net/Assets/07/053/L_p0017305307.jpg', '2022-12-20 21:21:01'),
(248, 8, 14, 'text', '[Recommend]:\n云上的日子（1995年法国米开朗基罗·安东尼奥尼执导电影）\n', '2022-12-26 15:04:56'),
(249, 8, 14, 'image', 'https://upload.wikimedia.org/wikipedia/commons/thumb/c/c9/Michelangelo_Antonioni.jpg/200px-Michelangelo_Antonioni.jpg', '2022-12-26 15:04:56'),
(250, 8, 14, 'recommend', '[Response]:\n呢 ？', '2022-12-26 15:05:19'),
(251, 9, 1, 'text', '有没有推荐的爱情电影', '2022-12-26 15:07:06'),
(252, 9, 15, 'text', '[Recommend]:\n断背山（2005年李安执导美国电影）\n', '2022-12-26 15:07:31'),
(253, 9, 15, 'image', 'https://pic4.zhimg.com/80/v2-9a04000ee8e7efcfd054e9f0645049ab_1440w.webp', '2022-12-26 15:07:32'),
(254, 9, 15, 'recommend', '[Response]:\n呀 ？', '2022-12-26 15:07:55'),
(255, 9, 1, 'text', '有没有推荐的爱情电影', '2022-12-26 15:12:28'),
(256, 9, 15, 'text', '[Recommend]:\n云上的日子（1995年法国米开朗基罗·安东尼奥尼执导电影）\n', '2022-12-26 15:12:52'),
(257, 9, 15, 'image', 'https://journal.yinfor.com/assets_c/2019/05/laoshihao-thumb-autox560-288.jpg', '2022-12-26 15:12:52'),
(258, 9, 15, 'recommend', '[Response]:\n呢 ？', '2022-12-26 15:13:15'),
(259, 9, 1, 'text', '云上的日子（1995年法国米开朗基罗·安东尼奥尼执导电影）', '2022-12-26 15:16:06'),
(260, 9, 15, 'text', '[Recommend]:\n蝴蝶（1975年瑞典电影）\n', '2022-12-26 15:16:38'),
(261, 9, 15, 'image', 'https://upload.wikimedia.org/wikipedia/zh/thumb/4/4d/Se_Jie_poster.jpg/220px-Se_Jie_poster.jpg', '2022-12-26 15:16:39'),
(262, 9, 15, 'recommend', '[Response]:\n我 有 看 场 戏 还 有 看 场 戏 还 有 待 意 ， 你 要 不 要 看 看 ？', '2022-12-26 15:17:09'),
(263, 9, 1, 'text', '有没有推荐的爱情电影', '2022-12-26 15:18:55'),
(264, 9, 15, 'text', '[Recommend]:\n战地情人\n', '2022-12-26 15:19:20'),
(265, 9, 15, 'image', 'https://gw.alicdn.com/imgextra/i3/680241233/O1CN01PSj1of1Kyl6xvoCUB_!!0-item_pic.jpg_Q75.jpg_.webp', '2022-12-26 15:19:21'),
(266, 9, 15, 'recommend', '[Response]:\n呢 ？', '2022-12-26 15:19:44'),
(267, 9, 1, 'text', '我喜欢', '2022-12-26 15:19:51'),
(268, 9, 15, 'text', '[Recommend]:\n云上的日子（1995年法国米开朗基罗·安东尼奥尼执导电影）\n', '2022-12-26 15:20:01'),
(269, 9, 15, 'image', 'http://www.sinaimg.cn/ent/m/2007-07-31/U1344P28T3D1659011F326DT20070731180952.jpg', '2022-12-26 15:20:01'),
(270, 9, 15, 'recommend', '[Response]:\n看 呢 ， 尤 其 是 那 种 很 美 的 动 画 片 ， 特 别 喜 欢 看 ， 里 面 带 着 笑 容 很 美', '2022-12-26 15:20:10'),
(271, 10, 1, 'text', '有没有推荐的恐怖电影', '2022-12-26 15:23:07'),
(272, 10, 16, 'text', '[Recommend]:\n卡里加里博士的小屋\n', '2022-12-26 15:23:30'),
(273, 10, 16, 'image', 'https://img01.sogoucdn.com/v2/thumb/resize/w/258/h/360/t/0/retype/ext/auto/q/75?appid=200839', '2022-12-26 15:23:30'),
(274, 10, 16, 'recommend', '[Response]:\n呢 ？', '2022-12-26 15:23:53'),
(275, 10, 1, 'text', '我喜欢', '2022-12-26 15:24:03'),
(276, 10, 16, 'text', '[Recommend]:\n致命切割\n', '2022-12-26 15:24:12'),
(277, 10, 16, 'image', 'https://upload.wikimedia.org/wikipedia/zh/5/54/Slice_movie.jpg', '2022-12-26 15:24:12'),
(278, 10, 16, 'recommend', '[Response]:\n看 呢 ， 尤 其 是 那 种 香 ， 你 知 道 的 那 种 看 了 会 更 有', '2022-12-26 15:24:21'),
(279, 11, 1, 'text', '有没有推荐的爱情电影', '2022-12-26 15:24:54'),
(280, 11, 17, 'text', '[Recommend]:\n木乃伊（1999年斯蒂芬·索莫斯执导的电影）\n', '2022-12-26 15:25:17'),
(281, 11, 17, 'image', 'https://img03.sogoucdn.com/v2/thumb/retype_exclude_gif/ext/auto/crop/xy/ai/w/1284/h/722?appid=200698', '2022-12-26 15:25:18'),
(282, 11, 17, 'recommend', '[Response]:\n啊 ？', '2022-12-26 15:25:40'),
(283, 11, 1, 'text', '我喜欢', '2022-12-26 15:26:34'),
(284, 11, 17, 'text', '[Recommend]:\n湖边的少女\n', '2022-12-26 15:26:43'),
(285, 11, 17, 'image', 'https://img01.sogoucdn.com/v2/thumb/resize/w/258/h/360/t/0/retype/ext/auto/q/75?appid=200839', '2022-12-26 15:26:44'),
(286, 11, 17, 'recommend', '[Response]:\n！', '2022-12-26 15:26:51'),
(287, 12, 1, 'text', '有没有推荐的爱情电影', '2022-12-26 15:27:43'),
(288, 12, 18, 'text', '[Recommend]:\n断背山（2005年李安执导美国电影）\n', '2022-12-26 15:28:07'),
(289, 12, 18, 'image', 'https://d3tvwjfge35btc.cloudfront.net/Assets/09/492/L_p0028349209.jpg', '2022-12-26 15:28:08'),
(290, 12, 18, 'recommend', '[Response]:\n呢 ？', '2022-12-26 15:28:30'),
(291, 12, 1, 'text', '我喜欢', '2022-12-26 15:29:18'),
(292, 12, 18, 'text', '[Recommend]:\n恋爱中的宝贝（2004年李少红执导电影）\n', '2022-12-26 15:29:28'),
(293, 12, 18, 'image', 'https://p2.itc.cn/images01/20210330/235315b7d1ab4161809a9cfe5cbecd9f.jpeg', '2022-12-26 15:29:29'),
(294, 12, 18, 'recommend', '[Response]:\n看 呢 ， 尤 其 是 那 种 很 美 的 动 画 片 ， 特 别 喜 欢 看 ， 里 面 带 着 笑 容 很 美', '2022-12-26 15:29:37'),
(295, 13, 1, 'text', '有没有推荐的爱情电影', '2023-01-01 23:09:07'),
(296, 13, 19, 'text', '[Recommend]:\n断背山（2005年李安执导美国电影）\n', '2023-01-01 23:09:32'),
(297, 13, 19, 'image', 'https://d3tvwjfge35btc.cloudfront.net/Assets/09/492/L_p0028349209.jpg', '2023-01-01 23:09:33'),
(298, 13, 19, 'recommend', '[Response]:\n呢 ？', '2023-01-01 23:09:57'),
(299, 13, 1, 'text', '我喜欢', '2023-01-01 23:10:22'),
(300, 13, 19, 'text', '[Recommend]:\n恋爱中的宝贝（2004年李少红执导电影）\n', '2023-01-01 23:10:32'),
(301, 13, 19, 'image', 'https://bkimg.cdn.bcebos.com/smart/a8ec8a13632762d09aca2051aeec08fa503dc66c-bkimg-process,v_1,rw_1,rh_1,pad_1,color_ffffff?x-bce-process=image/format,f_auto', '2023-01-01 23:10:33'),
(302, 13, 19, 'recommend', '[Response]:\n看 呢 ， 尤 其 是 那 种 很 美 的 动 画 片 ， 特 别 喜 欢 看 ， 里 面 带 着 笑 容 很 美', '2023-01-01 23:10:42'),
(303, 14, 1, 'text', '有没有推荐的恐怖电影', '2023-01-01 23:10:46'),
(304, 14, 20, 'text', '[Recommend]:\n断背山（2005年李安执导美国电影）\n', '2023-01-01 23:11:09'),
(305, 14, 20, 'image', 'https://d3tvwjfge35btc.cloudfront.net/Assets/09/492/L_p0028349209.jpg', '2023-01-01 23:11:09'),
(306, 14, 20, 'recommend', '[Response]:\n有 点 好 看 的 ， 我 想 看 了 ， 就 是 不 太 懂 什 么 叫 有 感 觉 的 ， 我 不 太 感 兴', '2023-01-01 23:11:32'),
(307, 14, 1, 'text', '我喜欢', '2023-01-01 23:11:56'),
(308, 14, 20, 'text', '[Recommend]:\n致命切割\n', '2023-01-01 23:12:07'),
(309, 14, 20, 'image', 'https://upload.wikimedia.org/wikipedia/zh/5/54/Slice_movie.jpg', '2023-01-01 23:12:07'),
(310, 14, 20, 'recommend', '[Response]:\n！', '2023-01-01 23:12:15'),
(311, 15, 1, 'text', '有没有推荐的爱情电影', '2023-01-01 23:13:05'),
(312, 15, 21, 'text', '[Recommend]:\n浓情巧克力（美国2000年朱丽叶·比诺什主演电影）\n', '2023-01-01 23:13:29'),
(313, 15, 21, 'image', 'https://bkimg.cdn.bcebos.com/pic/e49cf911f0f96397a7ef3fcc?x-bce-process=image/resize,m_lfit,w_353,h_500,limit_0/quality,Q_90', '2023-01-01 23:13:29'),
(314, 15, 21, 'recommend', '[Response]:\n。', '2023-01-01 23:13:52'),
(315, 15, 1, 'text', '我喜欢', '2023-01-01 23:21:50'),
(316, 15, 21, 'text', '[Recommend]:\n致命切割\n', '2023-01-01 23:22:00'),
(317, 15, 21, 'image', 'https://upload.wikimedia.org/wikipedia/zh/5/54/Slice_movie.jpg', '2023-01-01 23:22:00'),
(318, 15, 21, 'recommend', '[Response]:\n！', '2023-01-01 23:22:10'),
(319, 16, 1, 'text', '有没有推荐的恐怖电影', '2023-01-01 23:27:37'),
(320, 16, 22, 'text', '[Recommend]:\n木乃伊（1999年斯蒂芬·索莫斯执导的电影）\n', '2023-01-01 23:28:03'),
(321, 16, 22, 'image', 'https://img03.sogoucdn.com/v2/thumb/retype_exclude_gif/ext/auto/crop/xy/ai/w/1284/h/722?appid=200698', '2023-01-01 23:28:04'),
(322, 17, 1, 'text', '有没有推荐的恐怖电影', '2023-01-01 23:28:16'),
(323, 17, 23, 'recommend', '[Response]:\n呢 ？', '2023-01-01 23:28:29'),
(324, 16, 22, 'text', '[Recommend]:\n木乃伊（1999年斯蒂芬·索莫斯执导的电影）\n', '2023-01-01 23:28:55'),
(325, 16, 22, 'image', 'https://img03.sogoucdn.com/v2/thumb/retype_exclude_gif/ext/auto/crop/xy/ai/w/1284/h/722?appid=200698', '2023-01-01 23:28:55'),
(326, 16, 22, 'recommend', '[Response]:\n呀 ？', '2023-01-01 23:29:21'),
(327, 18, 1, 'text', '有没有推荐的爱情电影', '2023-01-01 23:32:20'),
(328, 18, 24, 'text', '[Recommend]:\n木乃伊（1999年斯蒂芬·索莫斯执导的电影）\n', '2023-01-01 23:32:46'),
(329, 18, 24, 'image', 'https://img03.sogoucdn.com/v2/thumb/retype_exclude_gif/ext/auto/crop/xy/ai/w/1284/h/722?appid=200698', '2023-01-01 23:32:46'),
(330, 18, 24, 'recommend', '[Response]:\n呢 ？', '2023-01-01 23:33:10'),
(331, 19, 1, 'text', '有什么喜剧电影推荐吗', '2023-01-01 23:34:19'),
(332, 19, 25, 'text', '[Recommend]:\n致命切割\n', '2023-01-01 23:34:44'),
(333, 19, 25, 'image', 'https://upload.wikimedia.org/wikipedia/zh/5/54/Slice_movie.jpg', '2023-01-01 23:34:45'),
(334, 19, 25, 'recommend', '[Response]:\n', '2023-01-01 23:35:08'),
(335, 19, 1, 'text', '有什么喜剧电影推荐吗', '2023-01-01 23:35:59'),
(336, 19, 25, 'text', '[Recommend]:\n东成西就（1993年刘镇伟执导电影）\n', '2023-01-01 23:36:24'),
(337, 19, 25, 'image', 'https://p8.itc.cn/images01/20220811/7a078e595e104b26a7c9be2c488dbf5a.jpeg', '2023-01-01 23:36:25'),
(338, 19, 25, 'recommend', '[Response]:\n？', '2023-01-01 23:36:49'),
(339, 21, 1, 'text', '我想看喜剧电影', '2023-01-01 23:37:36'),
(340, 21, 27, 'text', '[Recommend]:\n两杆大烟枪\n', '2023-01-01 23:37:58'),
(341, 21, 27, 'image', 'https://upload.wikimedia.org/wikipedia/zh/2/2f/Lock,_Stock_and_Two_Smoking_Barrels.jpg', '2023-01-01 23:37:59'),
(342, 21, 27, 'recommend', '[Response]:\n有 好 多 主 要 是 想 看 主 要 是 想 看 类 的 剧 照 但 是 都 有 点 摸 奇 的 那 种 。', '2023-01-01 23:38:19'),
(343, 21, 1, 'text', '我喜欢', '2023-01-01 23:39:36'),
(344, 21, 27, 'text', '[Recommend]:\n两杆大烟枪\n', '2023-01-01 23:39:45'),
(345, 21, 27, 'image', 'https://upload.wikimedia.org/wikipedia/zh/2/2f/Lock,_Stock_and_Two_Smoking_Barrels.jpg', '2023-01-01 23:39:46'),
(346, 21, 27, 'recommend', '[Response]:\n看 有 好 看 的 ， 一 会 儿 就 发 现 这 部 电 影 的 口 头 有 好 多 了 。', '2023-01-01 23:39:54'),
(347, 22, 1, 'text', '我想看喜剧电影', '2023-01-01 23:43:40'),
(348, 22, 28, 'text', '[Recommend]:\n两杆大烟枪\n', '2023-01-01 23:44:00'),
(349, 22, 28, 'image', 'https://upload.wikimedia.org/wikipedia/zh/2/2f/Lock,_Stock_and_Two_Smoking_Barrels.jpg', '2023-01-01 23:44:01'),
(350, 22, 28, 'recommend', '[Response]:\n了 ， 你 知 道 吗 ？ 我 知 道 大 家 都 在 看 ， 看 完 之 后 好 困 惑 了 ， 想 要 看 了', '2023-01-01 23:44:21'),
(351, 22, 1, 'text', '我喜欢', '2023-01-01 23:44:49'),
(352, 22, 28, 'text', '[Recommend]:\n两杆大烟枪\n', '2023-01-01 23:46:11'),
(353, 22, 28, 'image', 'https://upload.wikimedia.org/wikipedia/zh/2/2f/Lock,_Stock_and_Two_Smoking_Barrels.jpg', '2023-01-01 23:46:11'),
(354, 22, 28, 'recommend', '[Response]:\n看 一 下 分 析 才 能 鉴 定 一 切 ， 才 想 回 去 ！', '2023-01-01 23:46:20'),
(355, 23, 1, 'text', '我想看动作片', '2023-01-01 23:48:17'),
(356, 23, 29, 'text', '[Recommend]:\n两杆大烟枪\n', '2023-01-01 23:48:35'),
(357, 23, 29, 'image', 'https://upload.wikimedia.org/wikipedia/zh/2/2f/Lock,_Stock_and_Two_Smoking_Barrels.jpg', '2023-01-01 23:48:35'),
(358, 23, 29, 'recommend', '[Response]:\n真 正 规 署 。', '2023-01-01 23:48:51'),
(359, 23, 1, 'text', '我不喜欢', '2023-01-01 23:48:55'),
(360, 23, 29, 'text', '[Recommend]:\n早安（1959年小津安二郎执导日本电影）\n', '2023-01-01 23:49:21'),
(361, 23, 29, 'image', 'https://pic.baike.soso.com/ugc/baikepic2/22125/cut-20180925081203-327833880_jpg_595_396_34056.jpg/1284', '2023-01-01 23:49:22'),
(362, 23, 29, 'recommend', '[Response]:\n， 但 是 我 是 彻 头 彻 脑 洞 太 大 ， 觉 得 不 敢 看 这 个 ， 我 有 点 儿 胆 了 ， 我', '2023-01-01 23:49:34'),
(363, 24, 1, 'text', '我想看动作片', '2023-01-02 21:45:18'),
(364, 24, 30, 'text', '[Recommend]:\n赶尽杀绝（2007年迈克尔戴维斯执导电影）\n', '2023-01-02 21:45:36'),
(365, 24, 30, 'image', 'https://pic.baike.soso.com/ugc/baikepic2/19203/20220723161404-149495213_png_1222_815_864213.jpg/1284', '2023-01-02 21:45:37'),
(366, 24, 30, 'recommend', '[Response]:\n吧 ， 你 知 道 吗 ？ 我 记 得 是 在 看 剧 才 跟 着 兴 趣 。', '2023-01-02 21:45:52'),
(367, 25, 1, 'text', 'Testing', '2023-01-11 14:08:48'),
(368, 25, 31, 'text', '<http://dbpedia.org/resource/The_Mysteries_of_Harris_Burdick>', '2023-01-22 20:05:59'),
(369, 25, 31, 'text', '__start__ @77455 type of movies are you looking for ? merry', '2023-01-22 20:06:12'),
(370, 25, 1, 'text', 'I am looking for horror movie', '2023-01-22 20:06:40'),
(371, 25, 31, 'text', '<http://dbpedia.org/resource/Cumbria>', '2023-01-22 20:07:36'),
(372, 25, 31, 'text', '__start__ What type of movie can you looking for ?', '2023-01-22 20:08:29'),
(373, 25, 1, 'text', 'horror', '2023-01-22 20:09:00'),
(374, 25, 31, 'text', '<http://dbpedia.org/resource/Cumbria>', '2023-01-22 20:09:17'),
(375, 25, 31, 'text', '__start__ Have type of movie do you too for ?', '2023-01-22 20:09:33'),
(376, 25, 1, 'text', 'How are you?', '2023-01-26 15:25:18'),
(377, 25, 31, 'text', '<http://dbpedia.org/resource/The_Mysteries_of_Harris_Burdick>', '2023-01-26 15:25:49'),
(378, 25, 31, 'text', '__start__ Hi type of movies do you looking for ?', '2023-01-26 15:26:12'),
(379, 25, 1, 'text', 'I want some love movie.', '2023-01-26 15:26:38'),
(380, 25, 31, 'text', '<http://dbpedia.org/resource/Cumbria>', '2023-01-26 15:27:21'),
(381, 25, 31, 'text', '__start__ wow type of movie do you looking for ?', '2023-01-26 15:28:04'),
(382, 25, 1, 'text', 'Hello how are you?', '2023-01-26 16:24:21'),
(383, 25, 31, 'text', '<http://dbpedia.org/resource/The_Mysteries_of_Harris_Burdick>', '2023-01-26 16:25:11'),
(384, 25, 31, 'text', '<http://dbpedia.org/resource/The_Mysteries_of_Harris_Burdick>', '2023-01-26 16:25:12'),
(385, 25, 31, 'text', '__start__ Hello kind of movies are you looking for ?', '2023-01-26 16:25:50'),
(386, 25, 1, 'text', 'Hello how are you?', '2023-01-26 16:26:27'),
(387, 25, 31, 'text', '<http://dbpedia.org/resource/The_Mysteries_of_Harris_Burdick>', '2023-01-26 16:27:17'),
(388, 25, 31, 'text', '<http://dbpedia.org/resource/The_Mysteries_of_Harris_Burdick>', '2023-01-26 16:27:19'),
(389, 25, 31, 'text', '__start__ Good kind of movie do you looking for ?', '2023-01-26 16:28:07'),
(390, 25, 1, 'text', 'Hello I am looking for some comedy movie.', '2023-01-26 16:30:16'),
(391, 25, 31, 'text', '<http://dbpedia.org/resource/Cumbria>', '2023-01-26 16:31:27'),
(392, 25, 31, 'text', '__start__ Hi ! love great for a great marathon marathon Have', '2023-01-26 16:32:37'),
(393, 25, 1, 'text', 'I am looking for some comedy movie.', '2023-01-26 16:37:41'),
(394, 25, 31, 'text', '<http://dbpedia.org/resource/Cumbria>', '2023-01-26 16:38:39'),
(395, 25, 31, 'text', '__start__ Have love great for a great marathon marathon Have', '2023-01-26 16:39:35'),
(396, 25, 1, 'text', 'Hello', '2023-01-26 16:39:59'),
(397, 25, 31, 'text', '<http://dbpedia.org/resource/Cumbria>', '2023-01-26 16:40:12'),
(398, 25, 31, 'text', '__start__ Sure !', '2023-01-26 16:40:24'),
(399, 25, 1, 'text', 'do you have any comedy movie recommendation?', '2023-01-26 16:43:44'),
(400, 25, 31, 'text', '<http://dbpedia.org/resource/Cumbria>', '2023-01-26 16:45:00'),
(401, 25, 31, 'text', '__start__ wow n\'t like an popcorn recommendations recommendations ?', '2023-01-26 16:46:09'),
(402, 25, 1, 'text', 'movie please?', '2023-01-26 16:46:37'),
(403, 25, 31, 'text', '<http://dbpedia.org/resource/Cumbria>', '2023-01-26 16:47:04'),
(404, 25, 31, 'text', '__start__ Have seeker too', '2023-01-26 16:47:29'),
(405, 25, 1, 'text', 'Hello I am looking for some comedy movie.', '2023-01-26 16:54:18'),
(406, 25, 31, 'text', '<http://dbpedia.org/resource/Cumbria>', '2023-01-26 16:55:32'),
(407, 25, 31, 'text', '__start__ Have ! love great for a popcorn recommendations marathon Have', '2023-01-26 16:56:42'),
(408, 25, 1, 'text', 'I am looking for love movie.', '2023-01-26 16:57:48'),
(409, 25, 31, 'text', '<http://dbpedia.org/resource/Cumbria>', '2023-01-26 16:58:38'),
(410, 25, 31, 'text', '__start__ I assume assuming for an comedy marathon Have', '2023-01-26 16:59:28'),
(411, 25, 1, 'text', 'I am looking for love movie', '2023-01-26 17:01:51'),
(412, 25, 31, 'text', '<http://dbpedia.org/resource/Cumbria>', '2023-01-26 17:02:39'),
(413, 25, 31, 'text', '__start__ Hi love assuming for an anime !', '2023-01-26 17:03:25'),
(414, 25, 1, 'text', 'I am looking for love movie', '2023-01-26 17:06:16'),
(415, 25, 31, 'text', '<http://dbpedia.org/resource/Cumbria>', '2023-01-26 17:08:26'),
(416, 25, 31, 'text', '__start__ ok assume assuming for anime anime marathon', '2023-01-26 17:09:12'),
(417, 25, 1, 'text', 'I am looking for love movie', '2023-01-26 17:11:01'),
(418, 25, 31, 'text', '<http://dbpedia.org/resource/Cumbria>', '2023-01-26 17:11:51'),
(419, 25, 31, 'text', '__start__ ok love assuming for anime anime marathon', '2023-01-26 17:12:40'),
(420, 25, 1, 'text', 'looking for love movie', '2023-01-26 17:16:52'),
(421, 25, 31, 'text', '<http://dbpedia.org/resource/Cumbria>', '2023-01-26 17:17:33'),
(422, 25, 31, 'text', '__start__ @97413 for anime anime marathon', '2023-01-26 17:18:14'),
(423, 25, 1, 'text', 'I am also looking for comedy anime.', '2023-01-26 17:18:34'),
(424, 25, 31, 'text', '<http://dbpedia.org/resource/Cumbria>', '2023-01-26 17:19:32'),
(425, 25, 31, 'text', '__start__ Have love assuming sure for something and and Have', '2023-01-26 17:20:31'),
(426, 25, 1, 'text', 'I am looking for comedy anime.', '2023-01-26 17:28:10'),
(427, 25, 1, 'text', 'I am looking for comedy anime.', '2023-01-26 17:32:09'),
(428, 25, 31, 'text', '<http://dbpedia.org/resource/The_Mysteries_of_Harris_Burdick>', '2023-01-26 19:45:14'),
(429, 25, 31, 'text', '<http://dbpedia.org/resource/The_Mysteries_of_Harris_Burdick>', '2023-01-26 19:57:40'),
(430, 25, 31, 'text', '__start__ Hi love so for a and and Have', '2023-01-26 19:58:29'),
(431, 25, 31, 'text', '<http://dbpedia.org/resource/The_Mysteries_of_Harris_Burdick>', '2023-01-26 20:01:31'),
(432, 25, 31, 'text', '<http://dbpedia.org/resource/The_Mysteries_of_Harris_Burdick>', '2023-01-26 20:02:48'),
(433, 25, 31, 'text', '<http://dbpedia.org/resource/The_Mysteries_of_Harris_Burdick>', '2023-01-26 20:06:11'),
(434, 25, 31, 'text', '__start__ Hello \'m so for a and and Have', '2023-01-26 20:06:59'),
(435, 25, 1, 'text', 'Is there any comedy movie?', '2023-01-26 20:07:49'),
(436, 25, 31, 'text', '<http://dbpedia.org/resource/Cumbria>', '2023-01-26 20:08:35'),
(437, 25, 31, 'text', '__start__ Have that you other recommendations you', '2023-01-26 20:09:17'),
(438, 25, 1, 'text', 'any funny movie recommend?', '2023-01-26 20:18:47'),
(439, 25, 31, 'text', '<http://dbpedia.org/resource/Cumbria>', '2023-01-26 20:19:31'),
(440, 25, 31, 'text', '__start__ Have preference you you me', '2023-01-26 20:20:15'),
(441, 25, 1, 'text', 'I am looking for comedy movie.', '2023-01-26 20:20:32'),
(442, 25, 31, 'text', '<http://dbpedia.org/resource/Cumbria>', '2023-01-26 20:21:25'),
(443, 25, 31, 'text', '__start__ Have love great for an too marathon', '2023-01-26 20:22:16'),
(444, 25, 1, 'text', 'I am looking for comedy movie.', '2023-01-26 20:27:05'),
(445, 25, 31, 'text', '<http://dbpedia.org/resource/Cumbria>', '2023-01-26 20:27:56'),
(446, 25, 31, 'text', '__start__ I am looking for comedy movie .', '2023-01-26 20:28:46'),
(447, 25, 1, 'text', 'I am looking for love movie.', '2023-01-26 20:32:11'),
(448, 25, 31, 'text', '<http://dbpedia.org/resource/Cumbria>', '2023-01-26 20:33:01'),
(449, 25, 31, 'text', '__start__ wow assume assuming for a anime recommendations Have', '2023-01-26 20:33:51'),
(450, 25, 1, 'text', 'I am looking for love movie.', '2023-01-26 20:35:01'),
(451, 25, 31, 'text', '<http://dbpedia.org/resource/Cumbria>', '2023-01-26 20:35:53'),
(452, 25, 31, 'text', '__start__ Have love assuming for a anime marathon Have', '2023-01-26 20:36:43'),
(453, 25, 1, 'text', 'any funny movie recommend?', '2023-01-26 20:38:15'),
(454, 25, 31, 'text', '<http://dbpedia.org/resource/Cumbria>', '2023-01-26 20:38:58'),
(455, 25, 31, 'text', '__start__ Have specific movies you me', '2023-01-26 20:39:40'),
(456, 25, 1, 'text', 'any funny movie recommend?', '2023-01-26 20:41:08'),
(457, 25, 1, 'text', 'any funny movie recommend?', '2023-01-26 20:41:08'),
(458, 25, 1, 'text', 'any funny movie recommend?', '2023-01-26 20:41:09'),
(459, 25, 1, 'text', 'any funny movie recommend?', '2023-01-26 20:41:09'),
(460, 25, 1, 'text', 'any funny movie recommend?', '2023-01-26 20:41:10'),
(461, 25, 1, 'text', 'any funny movie recommend?', '2023-01-26 20:41:10'),
(462, 25, 1, 'text', 'any funny movie recommend?', '2023-01-26 20:41:11'),
(463, 25, 1, 'text', 'any funny movie recommend?', '2023-01-26 20:41:11'),
(464, 25, 1, 'text', 'any funny movie recommend?', '2023-01-26 20:41:12'),
(465, 25, 1, 'text', 'any funny movie recommend?', '2023-01-26 20:41:12'),
(466, 25, 31, 'text', '<http://dbpedia.org/resource/Cumbria>', '2023-01-26 20:41:54'),
(467, 25, 31, 'text', '__start__ ok specific and marathon me', '2023-01-26 20:42:39'),
(468, 25, 31, 'text', '<http://dbpedia.org/resource/Cumbria>', '2023-01-26 20:43:21'),
(469, 25, 31, 'text', '__start__ Have specific movies choices me', '2023-01-26 20:44:04'),
(470, 25, 31, 'text', '<http://dbpedia.org/resource/Cumbria>', '2023-01-26 20:44:49'),
(471, 25, 31, 'text', '__start__ Have specific and you and', '2023-01-26 20:45:33'),
(472, 25, 31, 'text', '<http://dbpedia.org/resource/Cumbria>', '2023-01-26 20:46:19'),
(473, 25, 31, 'text', '__start__ Have specific ones marathon me', '2023-01-26 20:47:02'),
(474, 25, 31, 'text', '<http://dbpedia.org/resource/Cumbria>', '2023-01-26 20:47:47'),
(475, 25, 31, 'text', '__start__ Have specific movies marathon me', '2023-01-26 20:48:30'),
(476, 25, 31, 'text', '<http://dbpedia.org/resource/Cumbria>', '2023-01-26 20:49:14'),
(477, 25, 31, 'text', '__start__ Have specific and marathon ?', '2023-01-26 20:49:57'),
(478, 25, 31, 'text', '<http://dbpedia.org/resource/Cumbria>', '2023-01-26 20:50:43'),
(479, 25, 31, 'text', '__start__ Have specific and you me', '2023-01-26 20:51:26'),
(480, 25, 31, 'text', '<http://dbpedia.org/resource/Cumbria>', '2023-01-26 20:52:11'),
(481, 25, 31, 'text', '__start__ Have specific and and me', '2023-01-26 20:52:56'),
(482, 25, 31, 'text', '<http://dbpedia.org/resource/Cumbria>', '2023-01-26 20:53:41'),
(483, 25, 31, 'text', '__start__ I specific movies you me', '2023-01-26 20:54:24'),
(484, 25, 31, 'text', '<http://dbpedia.org/resource/Cumbria>', '2023-01-26 20:55:10'),
(485, 25, 31, 'text', '__start__ Have of ? please me', '2023-01-26 20:55:54'),
(486, 25, 1, 'text', 'Hello how are you', '2023-01-27 15:39:29'),
(487, 25, 31, 'text', '<http://dbpedia.org/resource/The_Mysteries_of_Harris_Burdick>', '2023-01-27 15:41:06'),
(488, 25, 31, 'text', '__start__ Hello ! are you ?', '2023-01-27 15:41:46'),
(489, 25, 1, 'text', 'I am good thank you. I am looking for movies', '2023-01-27 15:43:03'),
(490, 25, 31, 'text', '<http://dbpedia.org/resource/The_Mysteries_of_Harris_Burdick>', '2023-01-27 15:44:33'),
(491, 25, 31, 'text', '__start__ Have love great too you ! Have love so for a to', '2023-01-27 15:45:59'),
(492, 26, 1, 'text', '我想看动作片', '2023-01-27 21:20:50'),
(493, 26, 32, 'text', '[Recommend]:\n天地逃生\n', '2023-01-27 21:22:00'),
(494, 26, 32, 'image', 'https://upload.wikimedia.org/wikipedia/zh/thumb/d/d8/Gamer_poster.jpg/220px-Gamer_poster.jpg', '2023-01-27 21:22:00'),
(495, 26, 32, 'recommend', '[Response]:\n吧 ， 你 知 道 吗 ？ 我 记 得 是 在 看 剧 才 跟 着 兴 趣 。', '2023-01-27 21:22:16'),
(496, 26, 1, 'text', '我想看动作片', '2023-01-27 21:23:10'),
(497, 26, 32, 'text', '[Recommend]:\n赶尽杀绝（2007年迈克尔戴维斯执导电影）\n', '2023-01-27 21:23:40'),
(498, 26, 32, 'image', 'http://img1.gamersky.com/image2018/04/20180414_hc_44_3/image017_S.jpg', '2023-01-27 21:23:41'),
(499, 26, 32, 'recommend', '[Response]:\n吧 ， 你 知 道 我 知 道 的 。', '2023-01-27 21:23:56'),
(500, 26, 1, 'text', 'Hello How are you?', '2023-01-27 21:36:41'),
(501, 26, 32, 'text', '<http://dbpedia.org/resource/French_Sign_Language_family>', '2023-01-27 21:37:19'),
(502, 26, 32, 'text', '__start__ What ! about you ?', '2023-01-27 21:37:57'),
(503, 26, 1, 'text', 'Hello I am looking for movie', '2023-01-27 21:42:00'),
(504, 26, 32, 'text', '<http://dbpedia.org/resource/French_Sign_Language_family>', '2023-01-27 21:42:55'),
(505, 26, 32, 'text', '__start__ __start__ ! hope glad for something !', '2023-01-27 21:43:46'),
(506, 26, 1, 'text', 'Hello World', '2023-01-27 22:06:16'),
(507, 26, 1, 'text', 'Hello World', '2023-01-27 22:07:14'),
(508, 26, 1, 'text', 'Hello World', '2023-01-27 22:07:52'),
(509, 26, 1, 'text', 'Hello World', '2023-01-27 22:09:04'),
(510, 26, 1, 'text', 'Hello World', '2023-01-27 22:10:26'),
(511, 26, 1, 'text', 'Hello World', '2023-01-27 22:12:32'),
(512, 26, 1, 'text', 'Hello World', '2023-01-27 22:13:50'),
(513, 26, 32, 'text', '[Recommend]:\n两杆大烟枪\n', '2023-01-28 20:24:47'),
(514, 26, 32, 'image', 'https://upload.wikimedia.org/wikipedia/zh/2/2f/Lock,_Stock_and_Two_Smoking_Barrels.jpg', '2023-01-28 20:24:48'),
(515, 26, 32, 'recommend', '[Response]:\n温 暖 的 感 觉 是 不 是 很 美 好 呢 ？', '2023-01-28 20:24:52'),
(516, 26, 32, 'text', '[Recommend]:\n活埋（罗伯特·科特兹曼指导电影）\n', '2023-01-28 20:25:48'),
(517, 26, 32, 'image', 'https://upload.wikimedia.org/wikipedia/zh/thumb/6/67/Buried_Poster.jpg/220px-Buried_Poster.jpg', '2023-01-28 20:25:48'),
(518, 26, 32, 'recommend', '[Response]:\n的 揍 石 沉 石 就 木 有 狄 心 田 一 口 美 舒 服 。', '2023-01-28 20:25:56'),
(519, 26, 32, 'text', '[Recommend]:\nA计划（中国1983年成龙执导的喜剧电影）\n', '2023-01-28 20:27:56'),
(520, 26, 32, 'image', 'https://pic.baike.soso.com/ugc/baikepic2/1284/20221104104309-1441097113_jpeg_831_554_301789.jpg/1284', '2023-01-28 20:27:56'),
(521, 26, 32, 'recommend', '[Response]:\n夸 张 的 发 光 ， 还 有 一 种 别 式 美 丽 的 感 觉 ， 你 不 觉 得 像 张 青 毒 ， 表 着', '2023-01-28 20:28:05'),
(522, 26, 32, 'text', '[Recommend]:\n男国少年梦\n', '2023-01-28 20:29:56'),
(523, 26, 32, 'image', 'http://news.xinhuanet.com/fashion/2017-01/01/1120226527_14831691670511n.jpg', '2023-01-28 20:29:57'),
(524, 26, 32, 'recommend', '[Response]:\n么 ？', '2023-01-28 20:30:05'),
(525, 26, 32, 'text', '[Recommend]:\n莫里埃尔\n', '2023-01-28 20:30:18'),
(526, 26, 32, 'image', 'https://upload.wikimedia.org/wikipedia/zh/thumb/b/b1/Muriel1963.jpg/220px-Muriel1963.jpg', '2023-01-28 20:30:19'),
(527, 26, 32, 'recommend', '[Response]:\n下 的 抵 抗 力 是 不 吸 引 我 么 ？', '2023-01-28 20:30:27'),
(528, 26, 32, 'text', '[Recommend]:\n卢旺达饭店\n', '2023-01-28 20:31:19'),
(529, 26, 32, 'image', 'https://www.themoviedb.org/t/p/original/7okrglkcWenBy9SpScYvusmTyan.jpg', '2023-01-28 20:31:21'),
(530, 26, 32, 'recommend', '[Response]:\n是 不 吸 引 我 ， 太 當 断 。', '2023-01-28 20:31:29'),
(531, 26, 32, 'text', '[Recommend]:\n向日葵（2005年中国电影）\n', '2023-01-28 20:32:08'),
(532, 26, 32, 'image', 'https://n.sinaimg.cn/sinakd10121/572/w1572h2200/20220324/0c55-0a4f7850ebd0d504f3d3f9ccb4e535a2.jpg', '2023-01-28 20:32:08'),
(533, 26, 32, 'recommend', '[Response]:\n下 架 。', '2023-01-28 20:32:16'),
(534, 26, 1, 'text', 'Hello World', '2023-01-28 20:32:48'),
(535, 26, 32, 'text', '[Recommend]:\n夏洛特的网（美德2005年盖瑞·温尼克导演电影）\n', '2023-01-28 20:32:53'),
(536, 26, 32, 'image', 'https://bkimg.cdn.bcebos.com/smart/d1e312f417aafca07609d7f3-bkimg-process,v_1,rw_1,rh_1,pad_1,color_ffffff?x-bce-process=image/format,f_auto', '2023-01-28 20:32:54'),
(537, 26, 32, 'text', '<http://dbpedia.org/resource/French_Sign_Language_family>', '2023-01-28 20:35:21'),
(538, 26, 32, 'text', '__start__ What ! !', '2023-01-28 20:35:42'),
(539, 26, 1, 'text', 'How are you', '2023-01-28 20:37:42'),
(540, 26, 32, 'text', '<http://dbpedia.org/resource/The_Mysteries_of_Harris_Burdick>', '2023-01-28 20:38:08'),
(541, 26, 32, 'text', '__start__ Hi are you ?', '2023-01-28 20:38:31'),
(542, 26, 1, 'text', '我想看动作片', '2023-01-28 20:38:48'),
(543, 26, 32, 'text', '[Recommend]:\n杀破狼（2005年叶伟信执导电影）\n', '2023-01-28 20:39:04'),
(544, 26, 32, 'image', 'https://pic3.zhimg.com/80/v2-072f31eb8e9e18d1560921510ee60a96_1440w.webp', '2023-01-28 20:39:05'),
(545, 26, 32, 'recommend', '[Response]:\n吧 ， 你 知 道 吗 ？ 我 记 得 是 在 看 剧 才 跟 着 兴 趣 。', '2023-01-28 20:39:20'),
(546, 26, 1, 'text', '我想看动作片', '2023-01-28 20:46:43'),
(547, 26, 32, 'text', '[Recommend]:\n赶尽杀绝（2007年迈克尔戴维斯执导电影）\n', '2023-01-28 20:53:08'),
(548, 26, 32, 'image', 'http://img1.gamersky.com/image2018/04/20180414_hc_44_3/image017_S.jpg', '2023-01-28 20:53:09'),
(549, 26, 32, 'recommend', '[Response]:\n吧 ， 你 知 道 吗 ？ 我 记 得 是 在 看 剧 才 跟 着 兴 趣 。', '2023-01-28 20:53:24'),
(550, 26, 1, 'text', 'I am looking for movies', '2023-01-28 20:55:28'),
(551, 26, 32, 'text', '<http://dbpedia.org/resource/The_Mysteries_of_Harris_Burdick>', '2023-01-28 20:57:21'),
(552, 26, 32, 'text', '__start__ Have love great for a too', '2023-01-28 20:58:02'),
(553, 26, 1, 'text', 'I am looking for movies', '2023-01-28 20:58:40'),
(554, 26, 32, 'text', '<http://dbpedia.org/resource/The_Mysteries_of_Harris_Burdick>', '2023-01-28 20:59:22'),
(555, 26, 32, 'text', '<http://dbpedia.org/resource/The_Mysteries_of_Harris_Burdick>', '2023-01-28 21:00:59'),
(556, 26, 32, 'text', '__start__ Hi love great for a too', '2023-01-28 21:01:40'),
(557, 26, 1, 'text', 'Hello I am looking for funny movies', '2023-01-30 15:43:43'),
(558, 26, 32, 'text', '<http://dbpedia.org/resource/French_Sign_Language_family>', '2023-01-30 15:44:47'),
(559, 26, 32, 'text', '__start__ I ! \'m glad for a ! !', '2023-01-30 15:45:48'),
(560, 26, 1, 'text', 'Hello I am looking for funny movies', '2023-01-30 15:52:21'),
(561, 26, 32, 'text', '<http://dbpedia.org/resource/French_Sign_Language_family>', '2023-01-30 15:55:26'),
(562, 26, 32, 'text', '__start__ Hi ! \'m glad for an ! .', '2023-01-30 15:56:26'),
(563, 26, 1, 'text', 'funny movies?', '2023-01-30 16:12:31'),
(564, 26, 32, 'text', '<http://dbpedia.org/resource/French_Sign_Language_family>', '2023-01-30 16:12:54'),
(565, 26, 32, 'text', '__start__ Have ! !', '2023-01-30 16:13:15'),
(566, 26, 1, 'text', 'Nice', '2023-01-30 16:25:23'),
(567, 26, 32, 'text', '<http://dbpedia.org/resource/A_Shot_in_the_Dark_(1964_film)>', '2023-01-30 16:25:35'),
(568, 26, 32, 'text', '__start__ yay morning', '2023-01-30 16:25:45'),
(569, 26, 1, 'text', 'do you have more movies?', '2023-01-30 16:27:35'),
(570, 26, 32, 'text', '<http://dbpedia.org/resource/Nakano,_Tokyo>', '2023-01-30 16:28:21');
INSERT INTO `message` (`id`, `chat_id`, `user_id`, `type`, `content`, `created_at`) VALUES
(571, 26, 32, 'text', '__start__ I you need a of ?', '2023-01-30 16:29:07'),
(572, 26, 1, 'text', 'Do you have nice films?', '2023-01-30 16:35:41'),
(573, 26, 32, 'text', 'A Shot in the Dark (1964 film)', '2023-01-30 16:36:25'),
(574, 26, 32, 'text', '__start__ Have you definetly definetly morning ?', '2023-01-30 16:37:09'),
(575, 26, 1, 'text', 'I am looking for some movies', '2023-01-30 16:38:11'),
(576, 26, 32, 'text', 'Nakano, Tokyo', '2023-01-30 16:39:02'),
(577, 26, 32, 'text', '__start__ I have not forward something reason to', '2023-01-30 16:39:52'),
(578, 26, 1, 'text', 'I would like to watch a fantasy movie.', '2023-01-30 16:45:07'),
(579, 26, 32, 'text', '[Recommendation] John Key', '2023-01-30 16:46:18'),
(580, 26, 32, 'text', '[Recommend] John Key', '2023-01-30 16:48:50'),
(581, 26, 32, 'text', '[Response]  I hope recommend to watch @205353 quirky type where @143994', '2023-01-30 16:49:58'),
(582, 26, 1, 'text', 'I have seen these, they are very good. Do you give another recommendation?', '2023-01-30 16:54:36'),
(583, 26, 32, 'text', '[Recommend] Group Chief Operating Officer ', '2023-01-30 16:56:51'),
(584, 26, 32, 'text', '[Response]  I have n\'t @148231 movies @114932 are great good music @114756 you need me suggestion ?', '2023-01-30 16:59:06'),
(585, 26, 1, 'text', 'yes please', '2023-01-30 17:02:10'),
(586, 26, 32, 'text', '[Recommend] Group Chief Operating Officer ', '2023-01-30 17:02:35'),
(587, 26, 32, 'text', '[Response]  I ! give', '2023-01-30 17:02:58'),
(588, 26, 1, 'text', 'Great! We share the same taste.', '2023-01-30 17:03:21'),
(589, 26, 32, 'text', '[Recommend] Creature from the Black Lagoon', '2023-01-30 17:04:22'),
(590, 26, 32, 'text', '[Response]  I ! Have will my best taste ! Have', '2023-01-30 17:05:21'),
(591, 26, 1, 'text', 'I would like to watch an action movie.', '2023-01-30 17:06:58'),
(592, 26, 32, 'text', '[Recommend] John Key', '2023-01-30 17:08:12'),
(593, 26, 32, 'text', '[Response]  @153733 have be to watch @153733 @153733 @153733 @153733 Have', '2023-01-30 17:09:23'),
(594, 26, 1, 'text', 'I would like to watch an action movie.', '2023-01-30 17:10:57'),
(595, 26, 32, 'text', '[Recommend] John Key', '2023-01-30 17:12:58'),
(596, 26, 32, 'text', '[Response]  @153733 have recommend to watch @153733 @153733 @153733 @153733 Have', '2023-01-30 17:14:08'),
(597, 26, 1, 'text', 'I would like to watch a fantasy anime.', '2023-02-01 15:42:42'),
(598, 26, 32, 'text', '[Recommend] The Mysteries of Harris Burdick', '2023-02-01 15:43:55'),
(599, 26, 32, 'text', '[Response]  Have love recommend to recommend @134101 lot movie film Have', '2023-02-01 15:45:04'),
(600, 26, 1, 'text', '我想看动作片', '2023-02-01 15:46:10'),
(601, 26, 32, 'text', '[Recommend]:\n杀破狼（2005年叶伟信执导电影）\n', '2023-02-01 15:46:27'),
(602, 26, 32, 'image', 'https://pic3.zhimg.com/80/v2-072f31eb8e9e18d1560921510ee60a96_1440w.webp', '2023-02-01 15:46:28'),
(603, 26, 32, 'recommend', '[Response]:\n吧 ， 你 知 道 吗 ？ 我 记 得 是 在 看 剧 才 跟 着 兴 趣 。', '2023-02-01 15:46:44'),
(604, 26, 1, 'text', 'Hello', '2023-02-01 15:53:08'),
(605, 26, 32, 'text', '[Recommend] French Sign Language family', '2023-02-01 15:53:23'),
(606, 26, 32, 'text', '[Response]  @179485 @179485', '2023-02-01 15:53:36'),
(607, 26, 1, 'text', '我想看动作片', '2023-02-01 15:54:03'),
(608, 26, 32, 'text', '[Recommend]:\n杀破狼（2005年叶伟信执导电影）\n', '2023-02-01 15:54:20'),
(609, 26, 32, 'image', 'https://pic3.zhimg.com/80/v2-072f31eb8e9e18d1560921510ee60a96_1440w.webp', '2023-02-01 15:54:20'),
(610, 26, 32, 'recommend', '[Response]:\n吧 ， 你 知 道 吗 ？ 我 记 得 是 在 看 剧 才 跟 着 兴 趣 。', '2023-02-01 15:54:36'),
(611, 26, 1, 'text', '我喜欢', '2023-02-01 15:54:55'),
(612, 26, 32, 'text', '[Recommend]:\n守日人（俄罗斯电影）\n', '2023-02-01 15:55:51'),
(613, 26, 32, 'image', 'https://pic.baike.soso.com/ugc/baikepic2/1284/20221105101255-96069391_jpeg_1973_1317_1087518.jpg/1284', '2023-02-01 15:55:52'),
(614, 26, 32, 'recommend', '[Response]:\n看 完 才 看 的 ， 剧 情 都 没 有 看 。', '2023-02-01 15:56:00'),
(615, 27, 1, 'text', 'I am looking for action movie', '2023-02-01 15:57:03'),
(616, 27, 33, 'text', '[Recommend] French Sign Language family', '2023-02-01 15:57:58'),
(617, 27, 33, 'text', '[Response]  Have \'m glad for an ! !', '2023-02-01 15:58:52'),
(618, 27, 1, 'text', 'I am looking for action movie', '2023-02-01 16:05:57'),
(619, 27, 33, 'text', '[Recommend] Date Movie', '2023-02-01 16:19:02'),
(620, 27, 33, 'text', '[Response]  I have excited for sometime movies sometime', '2023-02-01 16:19:56'),
(621, 27, 1, 'text', 'I have seen these, they are very good. Do you give another recommendation?', '2023-02-01 16:20:13'),
(622, 27, 33, 'text', '[Recommend] Not Another Happy Ending', '2023-02-01 16:22:31'),
(623, 27, 33, 'text', '[Response]  I hope n\'t that movies thanks are both good ! @191932 you like me suggestion suggestion', '2023-02-01 16:24:48'),
(624, 27, 1, 'text', 'Great! We share the same taste.', '2023-02-01 16:26:10'),
(625, 27, 33, 'text', '[Recommend] Death Watch', '2023-02-01 16:27:13'),
(626, 27, 33, 'text', '[Response]  I ! Have will thanks best taste ! I', '2023-02-01 16:28:13'),
(627, 28, 1, 'text', 'I am looking for movie', '2023-02-01 16:28:33'),
(628, 28, 34, 'text', '[Recommend] Death Watch', '2023-02-01 16:29:15'),
(629, 28, 34, 'text', '[Recommend] Date Movie', '2023-02-01 16:30:19'),
(630, 28, 34, 'text', '[Response]  I have great to a sometime', '2023-02-01 16:30:59'),
(631, 28, 1, 'text', 'I am looking for action movie', '2023-02-01 17:38:52'),
(632, 28, 34, 'text', '[Recommend] Date Movie', '2023-02-01 17:39:47'),
(633, 28, 34, 'recommend', '[Response]  Hi will excited for a movies sometime', '2023-02-01 17:40:40'),
(634, 28, 1, 'text', '我喜欢', '2023-02-01 17:45:57'),
(635, 28, 34, 'text', '[Recommend]:\n上帝之城（欧美2002年费尔南多·梅里尔斯导演电影）\n', '2023-02-01 17:48:30'),
(636, 28, 34, 'image', 'https://img03.sogoucdn.com/v2/thumb/retype_exclude_gif/ext/auto/crop/xy/ai/w/1175/h/661?appid=200698', '2023-02-01 17:48:31'),
(637, 28, 34, 'recommend', '[Response]:\n的 东 西 ， 我 今 天 去 吃 了 两 个 晚 饭 ， 还 在 家 里 大 吃 大 喝 喝 了 好 久 吃 了', '2023-02-01 17:48:39'),
(638, 29, 1, 'text', 'I am looking for action movie', '2023-02-02 13:05:22'),
(639, 29, 1, 'text', 'I am looking for action movie', '2023-02-02 13:05:27'),
(640, 29, 1, 'text', 'I am looking for action movie', '2023-02-02 13:05:28'),
(641, 29, 35, 'text', '[Recommend] Date Movie', '2023-02-02 13:06:20'),
(642, 29, 35, 'recommend', '[Response]  What \'m great for a movies sometime', '2023-02-02 13:07:15'),
(643, 29, 35, 'text', '[Recommend] Date Movie', '2023-02-02 13:08:10'),
(644, 29, 35, 'recommend', '[Response]  Hi will excited for sometime and sometime', '2023-02-02 13:09:03'),
(645, 29, 35, 'text', '[Recommend] Date Movie', '2023-02-02 13:09:57'),
(646, 29, 35, 'recommend', '[Response]  I will excited for sometime movies sometime', '2023-02-02 13:10:51'),
(647, 29, 1, 'text', 'I am looking for action movie', '2023-02-02 13:48:12'),
(648, 29, 35, 'text', '[Recommend] Date Movie', '2023-02-02 14:13:08'),
(649, 29, 35, 'recommend', '[Response]  Hi \'m doing for a movies .', '2023-02-02 14:13:10'),
(650, 29, 1, 'text', 'I am looking for action movie', '2023-02-02 14:13:17'),
(651, 29, 35, 'text', '[Recommend] Date Movie', '2023-02-02 14:13:20'),
(652, 29, 35, 'recommend', '[Response]  I would looking for a movies .', '2023-02-02 14:13:21'),
(653, 29, 1, 'text', 'I like it.', '2023-02-02 14:14:40'),
(654, 29, 35, 'text', '[Recommend] Date Movie', '2023-02-02 14:14:59'),
(655, 29, 35, 'recommend', '[Response]  I love action too What', '2023-02-02 14:15:00'),
(656, 29, 1, 'text', 'I have seen these, they are very good. Do you give another recommendation?', '2023-02-02 14:15:17'),
(657, 29, 35, 'text', '[Recommend] Not Another Happy Ending', '2023-02-02 14:17:28'),
(658, 29, 35, 'recommend', '[Response]  I have n\'t that movies I are all good mysteries I you like me suggestion ?', '2023-02-02 14:17:29'),
(659, 29, 1, 'text', 'Great! We share the same taste.', '2023-02-02 14:19:00'),
(660, 29, 35, 'text', '[Recommend] Death Watch', '2023-02-02 14:20:01'),
(661, 29, 35, 'recommend', '[Response]  I ! I just then unique children', '2023-02-02 14:20:02'),
(662, 30, 1, 'text', 'I am looking for love movie', '2023-02-02 14:20:52'),
(663, 30, 36, 'text', '[Recommend] Snow White (1987 film)', '2023-02-02 14:21:04'),
(664, 30, 36, 'recommend', '[Response]  I would doing for a a !', '2023-02-02 14:21:06'),
(665, 30, 1, 'text', 'I like it', '2023-02-02 14:21:22'),
(666, 30, 36, 'text', '[Recommend] Snow White (1987 film)', '2023-02-02 14:21:24'),
(667, 30, 36, 'recommend', '[Response]  Hello \'m action .', '2023-02-02 14:21:26'),
(668, 30, 1, 'text', 'I have seen these, they are very good. Do you give another recommendation?', '2023-02-02 14:21:43'),
(669, 30, 36, 'text', '[Recommend] Snow White (1987 film)', '2023-02-02 14:21:46'),
(670, 30, 36, 'recommend', '[Response]  Have would n\'t that movies what are all good movies', '2023-02-02 14:21:47'),
(671, 30, 1, 'text', 'Do you have any any action movie recommend?', '2023-02-02 14:22:19'),
(672, 30, 36, 'text', '[Recommend] Snow White (1987 film)', '2023-02-02 14:22:45'),
(673, 30, 36, 'recommend', '[Response]  I you like any preferences movies movies suggestions ?', '2023-02-02 14:22:46'),
(674, 30, 1, 'text', 'No do you have other action movie?', '2023-02-02 14:23:23'),
(675, 30, 36, 'text', '[Recommend] Snow White (1987 film)', '2023-02-02 14:23:45'),
(676, 30, 36, 'recommend', '[Response]  I , n\'t like n\'t night movies ?', '2023-02-02 14:23:46'),
(677, 31, 1, 'text', 'I am looking for love movieI am looking for love movie', '2023-02-02 14:27:00'),
(678, 31, 37, 'text', '[Recommend] Date Movie', '2023-02-02 14:30:26'),
(679, 31, 37, 'recommend', '[Response]  @192035 absolutely @201436 assistance @143261 stories @192035 a na laughs marvel assistance', '2023-02-02 14:30:28'),
(680, 31, 1, 'text', 'I am looking for funny movie', '2023-02-02 14:31:16'),
(681, 31, 37, 'text', '[Recommend] Funny Face', '2023-02-02 14:31:33'),
(682, 31, 37, 'recommend', '[Response]  @166906 agree safe safe @166906 @146205 plots', '2023-02-02 14:31:35'),
(683, 31, 1, 'text', 'I like it', '2023-02-02 14:31:40'),
(684, 31, 37, 'text', '[Recommend] Funny Face', '2023-02-02 14:31:55'),
(685, 31, 37, 'recommend', '[Response]  @166906 definetly @137887 too', '2023-02-02 14:31:56'),
(686, 31, 1, 'text', 'Do you have any action movie recommend as well?', '2023-02-02 14:32:24'),
(687, 31, 37, 'text', '[Recommend] Funny Face', '2023-02-02 14:33:32'),
(688, 31, 37, 'recommend', '[Response]  I you like any suggestions movies suggestions ? well ?', '2023-02-02 14:33:33'),
(689, 31, 1, 'text', 'I am looking for funny movie', '2023-02-02 14:37:20'),
(690, 31, 37, 'text', '[Recommend] Funny Face', '2023-02-02 14:37:31'),
(691, 31, 37, 'recommend', '[Response]  I will great forward something ! ideas', '2023-02-02 14:37:32'),
(692, 31, 1, 'text', 'I am looking for funny movie', '2023-02-02 14:38:05'),
(693, 31, 37, 'text', '[Recommend] Funny Face', '2023-02-02 14:38:08'),
(694, 31, 37, 'recommend', '[Response]  Have \'m great forward a ! ideas', '2023-02-02 14:38:09'),
(695, 31, 1, 'text', 'I am looking for funny movie', '2023-02-02 14:38:44'),
(696, 31, 37, 'text', '[Recommend] Funny Face', '2023-02-02 14:38:46'),
(697, 31, 37, 'recommend', '[Response]  Have have great forward something ! ideas', '2023-02-02 14:38:47'),
(698, 31, 1, 'text', 'I like it. Do you have any action movie recommend as well?', '2023-02-02 14:39:41'),
(699, 31, 37, 'text', '[Recommend] Date Movie', '2023-02-02 14:40:20'),
(700, 31, 37, 'recommend', '[Response]  Have \'m @153733 too', '2023-02-02 14:40:22'),
(701, 31, 1, 'text', 'I am looking for panda action movie.', '2023-02-02 14:41:20'),
(702, 31, 37, 'text', '[Recommend] Date Movie', '2023-02-02 14:41:33'),
(703, 31, 37, 'recommend', '[Response]  I have sure for a with and ! :', '2023-02-02 14:41:34'),
(704, 31, 1, 'text', 'I am looking for romance movie.', '2023-02-02 14:42:16'),
(705, 31, 37, 'text', '[Recommend] Why Get a Divorce?', '2023-02-02 14:42:31'),
(706, 31, 37, 'recommend', '[Response]  I have looking for a . . Have', '2023-02-02 14:42:32'),
(707, 32, 1, 'text', 'I am looking for funny hero movie', '2023-02-02 14:43:58'),
(708, 32, 38, 'text', '[Recommend] Funny Face', '2023-02-02 14:44:13'),
(709, 32, 38, 'recommend', '[Response]  I have great forward a ! movies ideas', '2023-02-02 14:44:14'),
(710, 32, 1, 'text', 'I have seen these, they are very good. Do you give another recommendation?', '2023-02-02 14:44:35'),
(711, 32, 38, 'text', '[Recommend] Not Another Happy Ending', '2023-02-02 14:46:24'),
(712, 32, 38, 'recommend', '[Response]  I hope n\'t that movies thanks are really good choices @191932 you need you suggestion suggestion', '2023-02-02 14:46:25'),
(713, 32, 1, 'text', 'Great! We share the same taste.', '2023-02-02 14:46:34'),
(714, 32, 38, 'text', '[Recommend] Death Watch', '2023-02-02 14:47:34'),
(715, 32, 38, 'recommend', '[Response]  I ! I will with best taste : I', '2023-02-02 14:47:35'),
(716, 33, 1, 'text', 'Train: 1. the 	21. at 	41. there 	61. some 	81. my 2. of 	22. be 	42. use 	62. her 	82. than 3. and 	23. this 	43. an 	63. would 	83. first 4. a 	24. have 	44. each 	64. make 	84. water 5. to 	25. from 	45. which 	65. like 	85. been 6. in 	26. or 	46. she 	66. him 	86. call 7. is 	27. one 	47. do 	67. into 	87. who 8. you 	28. had 	48. how 	68. time 	88. oil 9. that 	29. by 	49. their 	69. has 	89. its 10. it 	30. word 	50. if 	70. look 	90. now 11. he 	31. but 	51. will 	71. two 	91. find 12. was 	32. not 	52. up 	72. more 	92. long 13. for 	33. what 	53. other 	73. write 	93. down 14. on 	34. all 	54. about 	74. go 	94. day 15. are 	35. were 	55. out 	75. see 	95. did 16. as 	36. we 	56. many 	76. number 	96. get 17. with 	37. when 	57. then 	77. no 	97. come 18. his 	38. your 	58. them 	78. way 	98. made 19. they 	39. can 	59. these 	79. could 	99. may 20. I 	40. said 	60. so 	80. people 	100. part', '2023-02-02 14:47:45'),
(717, 33, 39, 'text', '[Recommend] First Knight', '2023-02-02 15:07:22'),
(718, 33, 39, 'recommend', '[Response]  You was definitely definitely love definitely definitely definitely will definitely definitely definitely will definitely one definitely one definitely ! ! ! ! love ! you ! ! ! loved', '2023-02-02 15:07:25'),
(719, 33, 1, 'text', 'Hi I am looking for disney movie', '2023-02-02 15:07:56'),
(720, 33, 39, 'text', '[Recommend] Date Movie', '2023-02-02 15:08:18'),
(721, 33, 39, 'recommend', '[Response]  Hi ! hope good for a', '2023-02-02 15:08:19'),
(722, 33, 1, 'text', 'I like it', '2023-02-02 15:08:51'),
(723, 33, 39, 'text', '[Recommend] Date Movie', '2023-02-02 15:08:54'),
(724, 33, 39, 'recommend', '[Response]  Have \'m the too', '2023-02-02 15:08:55'),
(725, 33, 1, 'text', 'Do you have other funny action movie?', '2023-02-02 15:09:16'),
(726, 33, 39, 'text', '[Recommend] Funny Face', '2023-02-02 15:09:18'),
(727, 33, 39, 'recommend', '[Response]  I you like a choices choices movies ideas', '2023-02-02 15:09:19'),
(728, 33, 1, 'text', 'I have seen this. Do you have any cute animal film?', '2023-02-02 15:09:42'),
(729, 33, 39, 'text', '[Recommend] Funny Face', '2023-02-02 15:10:14'),
(730, 33, 39, 'recommend', '[Response]  I have n\'t that weekend I you have any other day ? ?', '2023-02-02 15:10:15'),
(731, 33, 1, 'text', 'Cool Thank you', '2023-02-02 15:10:30'),
(732, 33, 39, 'text', '[Recommend] Funny Face', '2023-02-02 15:10:50'),
(733, 33, 39, 'recommend', '[Response]  I . you !', '2023-02-02 15:10:51'),
(734, 34, 1, 'text', 'Hi I am looking for mystery science fiction film', '2023-02-02 15:11:30'),
(735, 34, 40, 'text', '[Recommend] Mystery, Alaska', '2023-02-02 15:12:10'),
(736, 34, 40, 'recommend', '[Response]  I ! hope great for a and . and .', '2023-02-02 15:12:11'),
(737, 34, 1, 'text', 'I have seen these, they are very good. Do you give another recommendation?', '2023-02-02 15:12:29'),
(738, 34, 40, 'text', '[Recommend] Not Another Happy Ending', '2023-02-02 15:12:31'),
(739, 34, 40, 'recommend', '[Response]  @114756 hope n\'t @114756 @114756 @114932 are both quickly movies @114756 you like me suggestion ?', '2023-02-02 15:12:32'),
(740, 34, 1, 'text', 'I like it thank you', '2023-02-02 15:12:42'),
(741, 34, 40, 'text', '[Recommend] Not Another Happy Ending', '2023-02-02 15:12:45'),
(742, 34, 40, 'recommend', '[Response]  @114756 hope adam . you too', '2023-02-02 15:12:47'),
(743, 35, 1, 'text', 'Primary film genres include action, adventure, comedy, drama, fantasy, horror, musicals, mystery, romance, science fiction, sports, thriller, and Western.', '2023-02-02 15:13:17'),
(744, 35, 41, 'text', '[Recommend] Not Another Happy Ending', '2023-02-02 15:15:59'),
(745, 35, 41, 'recommend', '[Response]  I was IS would the ? @184098 ? and around I ? I You I ? I', '2023-02-02 15:16:00'),
(746, 35, 1, 'text', 'Hi I am looking for horror film', '2023-02-02 18:54:17'),
(747, 35, 41, 'text', '[Recommend] Jumanji (2017 sequel)', '2023-02-02 18:54:20'),
(748, 35, 41, 'recommend', '[Response]  What ! have great for a . .', '2023-02-02 18:54:21'),
(749, 35, 1, 'text', 'I like it. Do you have another recommendation?', '2023-02-02 18:55:07'),
(750, 35, 41, 'text', '[Recommend] Not Another Happy Ending', '2023-02-02 18:55:10'),
(751, 35, 41, 'recommend', '[Response]  @114756 love adam too @114756 you featuring any suggestion ?', '2023-02-02 18:55:11'),
(752, 35, 1, 'text', 'I like it', '2023-02-02 18:55:27'),
(753, 35, 41, 'text', '[Recommend] Not Another Happy Ending', '2023-02-02 18:55:29'),
(754, 35, 41, 'recommend', '[Response]  I love adam too', '2023-02-02 18:55:30'),
(755, 36, 1, 'text', 'I am looking for sports movie', '2023-02-02 18:56:18'),
(756, 36, 42, 'text', '[Recommend] Date Movie', '2023-02-02 18:56:20'),
(757, 36, 42, 'recommend', '[Response]  @78186 have sure for a , No', '2023-02-02 18:56:22'),
(758, 36, 1, 'text', 'No I don\'t like it', '2023-02-02 18:56:31'),
(759, 36, 42, 'text', '[Recommend] Date Movie', '2023-02-02 18:56:42'),
(760, 36, 42, 'recommend', '[Response]  I , have n\'t typically @78186 .', '2023-02-02 18:56:43'),
(761, 36, 1, 'text', 'I am looking for film about sports and football', '2023-02-02 18:57:27'),
(762, 36, 42, 'text', '[Recommend] Date Movie', '2023-02-02 18:57:42'),
(763, 36, 42, 'recommend', '[Response]  I loved excited for a . a at funny .', '2023-02-02 18:57:43'),
(764, 36, 1, 'text', 'sport film?', '2023-02-02 18:57:54'),
(765, 36, 42, 'text', '[Recommend] Date Movie', '2023-02-02 18:58:07'),
(766, 36, 42, 'recommend', '[Response]  Have with though', '2023-02-02 18:58:08'),
(767, 36, 1, 'text', 'No. Please give me something about Science for Exercise and Sport', '2023-02-02 18:58:54'),
(768, 36, 42, 'text', '[Recommend] Date Movie', '2023-02-02 18:59:47'),
(769, 36, 42, 'recommend', '[Response]  I , I do me you you you Fiction you . @96281 !', '2023-02-02 18:59:48'),
(770, 36, 1, 'text', 'Fiction movie or film please', '2023-02-02 19:00:13'),
(771, 36, 42, 'text', '[Recommend] Date Movie', '2023-02-02 19:00:15'),
(772, 36, 42, 'recommend', '[Response]  I I is @78186 is you', '2023-02-02 19:00:16'),
(773, 36, 1, 'text', 'How about musical film?', '2023-02-02 19:00:42'),
(774, 36, 42, 'text', '[Recommend] Date Movie', '2023-02-02 19:00:57'),
(775, 36, 42, 'recommend', '[Response]  I about @78186', '2023-02-02 19:00:58'),
(776, 37, 1, 'text', 'I would like to watch a fantasy movie.', '2023-02-04 17:54:43'),
(777, 37, 43, 'text', '[Recommend] Date Movie', '2023-02-04 17:55:00'),
(778, 37, 43, 'recommend', '[Response]  Have have start to start @124485 quirky type where Have', '2023-02-04 17:55:03'),
(779, 37, 1, 'text', 'I like it', '2023-02-04 17:55:09'),
(780, 37, 43, 'text', '[Recommend] Date Movie', '2023-02-04 17:55:12'),
(781, 37, 43, 'recommend', '[Response]  I hope @143994 too', '2023-02-04 17:55:13'),
(782, 37, 1, 'text', 'I would like to watch a fantasy movie.', '2023-02-04 18:08:19'),
(783, 37, 43, 'text', '[Recommend] Date Movie', '2023-02-04 18:08:21'),
(784, 37, 43, 'recommend', '[Response]  I hope give to give them couple type where Have', '2023-02-04 18:08:23'),
(785, 37, 1, 'text', 'I like it', '2023-02-04 18:08:36'),
(786, 37, 43, 'text', '[Recommend] Date Movie', '2023-02-04 18:08:39'),
(787, 37, 43, 'recommend', '[Response]  okay have three where', '2023-02-04 18:08:40'),
(788, 37, 1, 'text', 'do you have other recommendation?', '2023-02-04 18:08:59'),
(789, 37, 43, 'text', '[Recommend] Date Movie', '2023-02-04 18:09:02'),
(790, 37, 43, 'recommend', '[Response]  I you like shows nation ? @205353', '2023-02-04 18:09:03'),
(791, 37, 1, 'text', 'I would like to watch a fantasy movie.', '2023-02-04 18:11:17'),
(792, 37, 43, 'text', '[Recommend] Date Movie', '2023-02-04 18:11:19'),
(793, 37, 43, 'recommend', '[Response]  Hi have be that give this couple type where this', '2023-02-04 18:11:21'),
(794, 37, 1, 'text', 'I like it. do you have other recommendation?', '2023-02-04 18:11:29'),
(795, 37, 43, 'text', '[Recommend] Date Movie', '2023-02-04 18:11:31'),
(796, 37, 43, 'recommend', '[Response]  I hope three too I n\'t will shows type ?', '2023-02-04 18:11:32'),
(797, 37, 1, 'text', 'I like it. I am also looking for mystery science fiction film', '2023-02-04 18:14:36'),
(798, 37, 43, 'text', '[Recommend] Date Movie', '2023-02-04 18:14:48'),
(799, 37, 43, 'recommend', '[Response]  I have this too I hope great like for a and fiction and and', '2023-02-04 18:14:49'),
(800, 37, 1, 'text', 'I would like to watch a fantasy movie.', '2023-02-04 18:19:38'),
(801, 37, 43, 'text', '[Recommend] Date Movie', '2023-02-04 18:19:41'),
(802, 37, 43, 'recommend', '[Response]  okay hope recommend to watch this couple where where this', '2023-02-04 18:19:42'),
(803, 37, 1, 'text', 'I would like to watch a fantasy movie.', '2023-02-04 18:25:43'),
(804, 37, 43, 'text', '[Recommend] Young Frankenstein', '2023-02-04 18:28:46'),
(805, 37, 43, 'recommend', '[Response]  okay hope recommend to give this couple type where this', '2023-02-04 18:28:47'),
(806, 37, 1, 'text', 'I like it. do you have other recommendation?', '2023-02-04 18:29:06'),
(807, 37, 43, 'text', '[Recommend] Elf (film)', '2023-02-04 18:29:08'),
(808, 37, 43, 'recommend', '[Response]  I loved this too How n\'t need a type ?', '2023-02-04 18:29:09'),
(809, 37, 1, 'text', 'I like it', '2023-02-04 18:29:26'),
(810, 37, 43, 'text', '[Recommend] Annie Hall', '2023-02-04 18:29:28'),
(811, 37, 43, 'recommend', '[Response]  I have three too', '2023-02-04 18:29:29'),
(812, 37, 1, 'text', 'I would like to watch a fantasy movie.', '2023-02-04 18:30:34'),
(813, 37, 43, 'text', '[Recommend] Young Frankenstein', '2023-02-04 18:30:37'),
(814, 37, 43, 'recommend', '[Response]  Have hope recommend to watch this couple type where this', '2023-02-04 18:30:38'),
(815, 37, 1, 'text', 'I like it', '2023-02-04 18:31:04'),
(816, 37, 43, 'text', '[Recommend] They Came Together', '2023-02-04 18:31:07'),
(817, 37, 43, 'recommend', '[Response]  I hope three too', '2023-02-04 18:31:08'),
(818, 37, 1, 'text', 'I like it. do you have other recommendation?', '2023-02-04 18:31:18'),
(819, 37, 43, 'text', '[Recommend] Juno (film)', '2023-02-04 18:31:20'),
(820, 37, 43, 'recommend', '[Response]  Have used this too What n\'t like n\'t genres ?', '2023-02-04 18:31:21'),
(821, 37, 1, 'text', 'I would like to watch a fantasy movie.', '2023-02-04 18:31:52'),
(822, 37, 43, 'text', '[Recommend] The Slammin\' Salmon', '2023-02-04 18:31:55'),
(823, 37, 43, 'recommend', '[Response]  this \'m recommend to start this couple type where I', '2023-02-04 18:31:56'),
(824, 37, 1, 'text', 'I like it. Do you have any love movie as well?', '2023-02-04 18:32:12'),
(825, 37, 43, 'text', '[Recommend] Cry Danger', '2023-02-04 18:32:16'),
(826, 37, 43, 'recommend', '[Response]  Have \'m the too I you like shows more shows ideas well .', '2023-02-04 18:32:17'),
(827, 37, 1, 'text', 'I do not like it', '2023-02-04 18:32:34'),
(828, 37, 43, 'text', '[Recommend] Oh, God!', '2023-02-04 18:32:37'),
(829, 37, 43, 'recommend', '[Response]  I hope n\'t think this .', '2023-02-04 18:32:38'),
(830, 37, 1, 'text', 'I am looking for mystery science fiction film as well', '2023-02-04 18:33:18'),
(831, 37, 43, 'text', '[Recommend] Baby\'s Day Out', '2023-02-04 18:33:20'),
(832, 37, 43, 'recommend', '[Response]  I hope glad for a and fiction and , well .', '2023-02-04 18:33:21'),
(833, 37, 1, 'text', 'I like it', '2023-02-04 18:36:07'),
(834, 37, 43, 'text', '[Recommend] Chitty Chitty Bang Bang', '2023-02-04 18:36:09'),
(835, 37, 43, 'recommend', '[Response]  I hope that .', '2023-02-04 18:36:10'),
(836, 38, 1, 'text', '我想看动作片', '2023-02-05 15:16:00'),
(837, 38, 44, 'text', '[Recommend]:\n赶尽杀绝（2007年迈克尔戴维斯执导电影）\n', '2023-02-05 15:16:10'),
(838, 38, 44, 'image', 'http://img1.gamersky.com/image2018/04/20180414_hc_44_3/image017_S.jpg', '2023-02-05 15:16:11'),
(839, 38, 44, 'recommend', '[Response]:\n吧 ， 你 知 道 吗 ？ 我 记 得 是 在 看 剧 才 跟 着 兴 趣 。', '2023-02-05 15:16:12'),
(840, 38, 1, 'text', 'I like it', '2023-02-05 15:16:46'),
(841, 38, 44, 'text', '[Recommend] Jumanji (2017 sequel)', '2023-02-05 15:16:52'),
(842, 38, 44, 'recommend', '[Response]  Have have this .', '2023-02-05 15:16:55'),
(843, 38, 1, 'text', '有没有推荐的爱情电影', '2023-02-05 15:17:09'),
(844, 38, 44, 'text', '[Recommend]:\n速度与激情7\n', '2023-02-05 15:17:24'),
(845, 38, 44, 'image', 'http://www.haitiankuo.com/uploads/allimg/150418/1-15041Q00642T0.jpg', '2023-02-05 15:17:25'),
(846, 38, 44, 'recommend', '[Response]:\n？', '2023-02-05 15:17:25'),
(847, 38, 1, 'text', '有没有推荐的爱情电影', '2023-02-05 15:18:24'),
(848, 38, 44, 'text', '[Recommend]:\n情书（1997年韩国电影）\n', '2023-02-05 15:18:47'),
(849, 38, 44, 'image', 'https://upload.wikimedia.org/wikipedia/zh/thumb/8/8c/The_Letter_(1997_film).jpg/260px-The_Letter_(1997_film).jpg', '2023-02-05 15:18:48'),
(850, 38, 44, 'recommend', '[Response]:\n呢 ？', '2023-02-05 15:18:48'),
(851, 38, 1, 'text', '我喜欢', '2023-02-05 15:19:15'),
(852, 38, 44, 'text', '[Recommend]:\n血与蜜之地\n', '2023-02-05 15:19:23'),
(853, 38, 44, 'image', 'https://bkimg.cdn.bcebos.com/pic/03087bf40ad162d98fa1f1b013dfa9ec8b13cdcb?x-bce-process=image/resize,m_lfit,w_536,limit_1', '2023-02-05 15:19:23'),
(854, 38, 44, 'recommend', '[Response]:\n看 呀 ！', '2023-02-05 15:19:24'),
(855, 38, 1, 'text', '我喜欢', '2023-02-05 15:19:34'),
(856, 38, 44, 'text', '[Recommend]:\n血与蜜之地\n', '2023-02-05 15:19:36'),
(857, 38, 44, 'image', 'https://bkimg.cdn.bcebos.com/pic/03087bf40ad162d98fa1f1b013dfa9ec8b13cdcb?x-bce-process=image/resize,m_lfit,w_536,limit_1', '2023-02-05 15:19:37'),
(858, 38, 44, 'recommend', '[Response]:\n看 呢 ！', '2023-02-05 15:19:37'),
(859, 39, 1, 'text', '有没有推荐的爱情电影', '2023-02-05 16:20:18'),
(860, 39, 45, 'text', '[Recommend]:\n情书（1997年韩国电影）\n', '2023-02-05 16:20:21'),
(861, 39, 45, 'image', 'https://upload.wikimedia.org/wikipedia/zh/thumb/8/8c/The_Letter_(1997_film).jpg/260px-The_Letter_(1997_film).jpg', '2023-02-05 16:20:22'),
(862, 39, 45, 'recommend', '[Response]:\n呢 ？', '2023-02-05 16:20:22'),
(863, 40, 1, 'text', 'I am looking for love movie', '2023-02-05 16:20:44'),
(864, 40, 46, 'text', '[Recommend] Despicable Me 3', '2023-02-05 16:20:48'),
(865, 40, 46, 'recommend', '[Response]  Hi have great for a movies sometime', '2023-02-05 16:20:49'),
(866, 40, 1, 'text', 'I do not like it', '2023-02-05 16:21:04'),
(867, 40, 46, 'text', '[Recommend] Cheaper by the Dozen (2003 film)', '2023-02-05 16:21:07'),
(868, 40, 46, 'recommend', '[Response]  Have understand n\'t typically this too', '2023-02-05 16:21:08'),
(869, 41, 1, 'text', 'Hi I am looking for comedy movie', '2023-02-06 17:00:32'),
(870, 41, 47, 'text', '[Recommend] The Slammin\' Salmon', '2023-02-06 17:00:37'),
(871, 41, 47, 'recommend', '[Response]  Have ! hope excited for a sometime sometime', '2023-02-06 17:00:41'),
(872, 41, 1, 'text', 'I like it', '2023-02-06 17:00:48'),
(873, 41, 47, 'text', '[Recommend] Cry Danger', '2023-02-06 17:00:51'),
(874, 41, 47, 'recommend', '[Response]  I have this sometime', '2023-02-06 17:00:52'),
(875, 42, 1, 'text', 'Hi I am looking for comedy movie', '2023-02-06 17:01:13'),
(876, 42, 48, 'text', '[Recommend] The Slammin\' Salmon', '2023-02-06 17:01:15'),
(877, 42, 48, 'recommend', '[Response]  What ! hope great for a , sometime', '2023-02-06 17:01:17'),
(878, 42, 1, 'text', 'I like it. Do you have other recommendation?', '2023-02-06 17:01:23'),
(879, 42, 48, 'text', '[Recommend] Cry Danger', '2023-02-06 17:01:26'),
(880, 42, 48, 'recommend', '[Response]  I have this too I you need a movies ?', '2023-02-06 17:01:27'),
(881, 42, 1, 'text', 'I would like to watch a fantasy movie.', '2023-02-07 08:04:58'),
(882, 42, 48, 'text', '[Recommend] The Slammin\' Salmon', '2023-02-07 08:05:02'),
(883, 42, 48, 'recommend', '[Response]  I \'m recommend to watch this quirky type with Have', '2023-02-07 08:05:05'),
(884, 42, 1, 'text', 'Hi I am looking for horror film', '2023-02-07 08:05:21'),
(885, 42, 48, 'text', '[Recommend] Cry Danger', '2023-02-07 08:05:25'),
(886, 42, 48, 'recommend', '[Response]  Have ! hope great for a movies .', '2023-02-07 08:05:26'),
(887, 42, 1, 'text', 'I like it. Do you have other recommendation?', '2023-02-07 08:05:46'),
(888, 42, 48, 'text', '[Recommend] Oh, God!', '2023-02-07 08:05:49'),
(889, 42, 48, 'recommend', '[Response]  I have that too I you like a day ? this', '2023-02-07 08:05:50'),
(890, 42, 1, 'text', 'Hi I am looking for horror film', '2023-02-07 08:08:30'),
(891, 42, 48, 'text', '[Recommend] Jumanji (2017 sequel)', '2023-02-07 08:08:33'),
(892, 42, 48, 'recommend', '[Response]  Have ! \'m great for a and', '2023-02-07 08:08:34'),
(893, 43, 1, 'text', '有没有推荐的恐怖电影', '2023-02-07 08:14:52'),
(894, 43, 49, 'text', '[Recommend]:\n木乃伊（1999年斯蒂芬·索莫斯执导的电影）\n', '2023-02-07 08:14:58'),
(895, 43, 49, 'image', 'https://img03.sogoucdn.com/v2/thumb/retype_exclude_gif/ext/auto/crop/xy/ai/w/1284/h/722?appid=200698', '2023-02-07 08:14:59'),
(896, 43, 49, 'recommend', '[Response]:\n呢 ？', '2023-02-07 08:14:59'),
(897, 43, 1, 'text', '有没有推荐的恐怖电影', '2023-02-07 08:17:17'),
(898, 43, 49, 'text', '[Recommend]:\n木乃伊（1999年斯蒂芬·索莫斯执导的电影）\n', '2023-02-07 08:17:37'),
(899, 43, 49, 'image', 'https://img03.sogoucdn.com/v2/thumb/retype_exclude_gif/ext/auto/crop/xy/ai/w/1284/h/722?appid=200698', '2023-02-07 08:17:38'),
(900, 43, 49, 'recommend', '[Response]:\n呢 ？', '2023-02-07 08:17:39'),
(901, 43, 1, 'text', '有没有推荐的爱情电影', '2023-02-07 08:17:49'),
(902, 43, 49, 'text', '[Recommend]:\n木乃伊（1999年斯蒂芬·索莫斯执导的电影）\n', '2023-02-07 08:17:53'),
(903, 43, 49, 'image', 'https://img03.sogoucdn.com/v2/thumb/retype_exclude_gif/ext/auto/crop/xy/ai/w/1284/h/722?appid=200698', '2023-02-07 08:17:54'),
(904, 43, 49, 'recommend', '[Response]:\n啊 ？', '2023-02-07 08:17:54'),
(905, 43, 1, 'text', '有没有推荐的爱情电影', '2023-02-07 08:27:39'),
(906, 43, 49, 'text', '[Recommend]:\n绿卡（电影）\n', '2023-02-07 08:27:52'),
(907, 43, 49, 'image', 'https://upload.wikimedia.org/wikipedia/zh/thumb/1/1b/Green_Card_film_poster.jpg/220px-Green_Card_film_poster.jpg', '2023-02-07 08:27:52'),
(908, 43, 49, 'recommend', '[Response]:\n呢 ？', '2023-02-07 08:27:53'),
(909, 43, 1, 'text', 'I like it', '2023-02-07 08:29:27'),
(910, 43, 49, 'text', '[Recommend] Jumanji (2017 sequel)', '2023-02-07 08:29:30'),
(911, 43, 49, 'recommend', '[Response]  Hi have comedies extremely', '2023-02-07 08:29:32'),
(912, 43, 1, 'text', '有没有推荐的爱情电影', '2023-02-07 08:31:24'),
(913, 43, 49, 'text', '[Recommend]:\n情书（1997年韩国电影）\n', '2023-02-07 08:31:27'),
(914, 43, 49, 'image', 'https://upload.wikimedia.org/wikipedia/zh/thumb/8/8c/The_Letter_(1997_film).jpg/260px-The_Letter_(1997_film).jpg', '2023-02-07 08:31:27'),
(915, 43, 49, 'recommend', '[Response]:\n啊 ？', '2023-02-07 08:31:28'),
(916, 43, 1, 'text', 'I like it', '2023-02-07 08:49:15'),
(917, 43, 49, 'text', '[Recommend] Pitch Perfect', '2023-02-07 08:49:19'),
(918, 43, 49, 'recommend', '[Response]  Hi have comedies extremely', '2023-02-07 08:49:20'),
(919, 43, 1, 'text', 'I like it', '2023-02-07 08:49:23'),
(920, 43, 49, 'text', '[Recommend] Liar Liar', '2023-02-07 08:49:26'),
(921, 43, 49, 'recommend', '[Response]  Have have comedies !', '2023-02-07 08:49:27'),
(922, 43, 1, 'text', '有没有推荐的爱情电影', '2023-02-07 08:49:30'),
(923, 43, 49, 'text', '[Recommend]:\n浓情巧克力（美国2000年朱丽叶·比诺什主演电影）\n', '2023-02-07 08:49:33'),
(924, 43, 49, 'image', 'https://bkimg.cdn.bcebos.com/pic/e49cf911f0f96397a7ef3fcc?x-bce-process=image/resize,m_lfit,w_353,h_500,limit_0/quality,Q_90', '2023-02-07 08:49:33'),
(925, 43, 49, 'recommend', '[Response]:\n？', '2023-02-07 08:49:34'),
(926, 43, 1, 'text', '我喜欢', '2023-02-07 09:08:06'),
(927, 43, 49, 'text', '[Recommend]:\n血与蜜之地\n', '2023-02-07 09:08:11'),
(928, 43, 49, 'image', 'https://bkimg.cdn.bcebos.com/pic/03087bf40ad162d98fa1f1b013dfa9ec8b13cdcb?x-bce-process=image/resize,m_lfit,w_536,limit_1', '2023-02-07 09:08:12'),
(929, 43, 49, 'recommend', '[Response]:\n看 啊 ？', '2023-02-07 09:08:13'),
(930, 43, 1, 'text', '我不喜欢', '2023-02-07 09:08:49'),
(931, 43, 49, 'text', '[Recommend]:\n廊桥遗梦（美国1995年克林特·伊斯特伍德执导爱情电影）\n', '2023-02-07 09:08:56'),
(932, 43, 49, 'image', 'https://bbs.wenxuecity.com/upload/album/3a/9f/f4/429e542e67918vGgZRNx.jpg', '2023-02-07 09:08:57'),
(933, 43, 49, 'recommend', '[Response]:\n， 但 是 我 看 演 员 的 话 我 可 以 给 你 推 荐 。', '2023-02-07 09:08:57'),
(934, 43, 1, 'text', 'test', '2023-03-07 18:22:33'),
(935, 43, 1, 'text', 'test1', '2023-03-07 18:22:56'),
(936, 43, 1, 'text', 'test1234', '2023-03-07 18:37:10'),
(937, 44, 1, 'text', 'hi', '2023-03-07 18:45:56'),
(938, 45, 1, 'text', 'ho', '2023-03-07 18:54:08'),
(939, 45, 1, 'text', 'a', '2023-03-07 20:16:54'),
(940, 42, 1, 'text', 'I like it.', '2023-03-07 20:17:04'),
(941, 42, 1, 'text', 'test', '2023-03-07 20:18:51'),
(942, 46, 1, 'text', '12', '2023-03-07 20:32:03'),
(943, 47, 1, 'text', '34', '2023-03-07 20:32:24'),
(944, 48, 1, 'text', '56', '2023-03-07 20:33:03'),
(945, 48, 1, 'text', '12', '2023-03-07 20:33:06'),
(946, 48, 1, 'text', '34', '2023-03-07 20:33:10'),
(947, 49, 1, 'text', 'Hi', '2023-03-07 20:33:22'),
(948, 50, 1, 'text', 'I am looking for scary and horror movie.', '2023-03-10 21:18:30'),
(949, 51, 1, 'text', '有没有推荐的爱情电影?', '2023-03-10 21:18:30'),
(950, 52, 1, 'text', 'I would like to watch a fantasy movie.', '2023-03-10 21:18:30'),
(951, 53, 1, 'text', 'I would like to watch a fantasy movie.', '2023-03-10 21:18:30'),
(952, 54, 1, 'text', 'I am looking for scary and horror movie.', '2023-03-10 21:18:30'),
(953, 55, 1, 'text', '我想看喜剧电影', '2023-03-10 21:18:30'),
(954, 56, 1, 'text', '有没有推荐的爱情电影?', '2023-03-10 21:18:30'),
(955, 57, 1, 'text', '我想看喜剧电影', '2023-03-10 21:18:30'),
(956, 50, 1, 'text', 'I am looking for scary and horror movie.', '2023-03-10 21:18:31'),
(957, 50, 1, 'text', 'I would like to watch a fantasy movie.', '2023-03-10 21:18:31'),
(958, 50, 1, 'text', '我想看喜剧电影', '2023-03-10 21:18:31'),
(959, 50, 1, 'text', '有没有推荐的爱情电影?', '2023-03-10 21:18:31'),
(960, 50, 1, 'text', 'I would like to watch a fantasy movie.', '2023-03-10 21:18:31'),
(961, 50, 1, 'text', 'I am looking for scary and horror movie.', '2023-03-10 21:18:31'),
(962, 50, 1, 'text', '有没有推荐的爱情电影?', '2023-03-10 21:18:31'),
(963, 50, 1, 'text', '我想看喜剧电影', '2023-03-10 21:18:31'),
(964, 50, 1, 'text', 'I would like to watch a fantasy movie.', '2023-03-10 21:18:31'),
(965, 50, 1, 'text', 'I am looking for scary and horror movie.', '2023-03-10 21:18:31'),
(966, 50, 1, 'text', '有没有推荐的爱情电影?', '2023-03-10 21:18:31'),
(967, 50, 1, 'text', 'I am looking for scary and horror movie.', '2023-03-10 21:18:31'),
(968, 50, 1, 'text', 'I would like to watch a fantasy movie.', '2023-03-10 21:18:31'),
(969, 50, 1, 'text', '我想看喜剧电影', '2023-03-10 21:18:31'),
(970, 50, 1, 'text', '有没有推荐的爱情电影?', '2023-03-10 21:18:31'),
(971, 50, 1, 'text', '我想看喜剧电影', '2023-03-10 21:18:31'),
(972, 53, 1, 'text', 'I am looking for scary and horror movie.', '2023-03-10 21:18:31'),
(973, 53, 1, 'text', '有没有推荐的爱情电影?', '2023-03-10 21:18:31'),
(974, 53, 1, 'text', '我想看喜剧电影', '2023-03-10 21:18:31'),
(975, 53, 1, 'text', 'I would like to watch a fantasy movie.', '2023-03-10 21:18:31'),
(976, 53, 1, 'text', 'I am looking for scary and horror movie.', '2023-03-10 21:18:31'),
(977, 53, 1, 'text', 'I would like to watch a fantasy movie.', '2023-03-10 21:18:31'),
(978, 53, 1, 'text', '有没有推荐的爱情电影?', '2023-03-10 21:18:31'),
(979, 53, 1, 'text', '我想看喜剧电影', '2023-03-10 21:18:31'),
(980, 54, 1, 'text', 'I am looking for scary and horror movie.', '2023-03-10 21:18:31'),
(981, 54, 1, 'text', 'I would like to watch a fantasy movie.', '2023-03-10 21:18:31'),
(982, 54, 1, 'text', '有没有推荐的爱情电影?', '2023-03-10 21:18:31'),
(983, 54, 1, 'text', '我想看喜剧电影', '2023-03-10 21:18:31'),
(984, 54, 1, 'text', 'I am looking for scary and horror movie.', '2023-03-10 21:18:31'),
(985, 54, 1, 'text', 'I would like to watch a fantasy movie.', '2023-03-10 21:18:31'),
(986, 54, 1, 'text', '有没有推荐的爱情电影?', '2023-03-10 21:18:31'),
(987, 54, 1, 'text', '我想看喜剧电影', '2023-03-10 21:18:31'),
(988, 54, 1, 'text', '有没有推荐的爱情电影?', '2023-03-10 21:18:31'),
(989, 54, 1, 'text', 'I would like to watch a fantasy movie.', '2023-03-10 21:18:31'),
(990, 54, 1, 'text', 'I am looking for scary and horror movie.', '2023-03-10 21:18:31'),
(991, 54, 1, 'text', '我想看喜剧电影', '2023-03-10 21:18:31'),
(992, 54, 1, 'text', 'I am looking for scary and horror movie.', '2023-03-10 21:18:31'),
(993, 54, 1, 'text', 'I would like to watch a fantasy movie.', '2023-03-10 21:18:31'),
(994, 54, 1, 'text', '有没有推荐的爱情电影?', '2023-03-10 21:18:31'),
(995, 54, 1, 'text', '我想看喜剧电影', '2023-03-10 21:18:31'),
(996, 58, 1, 'text', '有没有推荐的爱情电影?', '2023-03-10 21:18:32'),
(997, 59, 1, 'text', 'I would like to watch a fantasy movie.', '2023-03-10 21:18:32'),
(998, 61, 1, 'text', 'I am looking for scary and horror movie.', '2023-03-10 21:18:32'),
(999, 63, 1, 'text', 'I would like to watch a fantasy movie.', '2023-03-10 21:18:32'),
(1000, 60, 1, 'text', '我想看喜剧电影', '2023-03-10 21:18:32'),
(1001, 62, 1, 'text', 'I am looking for scary and horror movie.', '2023-03-10 21:18:32'),
(1002, 64, 1, 'text', '有没有推荐的爱情电影?', '2023-03-10 21:18:32'),
(1003, 65, 1, 'text', '我想看喜剧电影', '2023-03-10 21:18:32'),
(1004, 66, 1, 'text', 'I am looking for scary and horror movie.', '2023-03-10 21:19:30'),
(1005, 66, 1, 'text', 'hi', '2023-03-10 21:19:35'),
(1006, 67, 1, 'text', 'I am looking for scary and horror movie.', '2023-03-10 21:19:59'),
(1007, 68, 1, 'text', '我想看喜剧电影', '2023-03-10 21:20:07'),
(1008, 69, 1, 'text', 'hi', '2023-03-10 21:20:16'),
(1009, 6, 1, 'text', '我喜欢', '2023-03-10 21:20:51'),
(1010, 6, 1, 'text', 'test', '2023-03-10 21:25:13'),
(1011, 70, 1, 'text', 'I am looking for scary and horror movie.', '2023-03-10 21:25:20'),
(1012, 71, 1, 'text', 'I would like to watch a fantasy movie.', '2023-03-10 21:25:23'),
(1013, 72, 1, 'text', '有没有推荐的爱情电影?', '2023-03-10 21:25:26'),
(1014, 73, 1, 'text', '我想看喜剧电影', '2023-03-10 21:25:28'),
(1015, 74, 1, 'text', 'hello', '2023-03-10 21:25:33'),
(1016, 74, 1, 'text', 'hi', '2023-03-10 21:30:59'),
(1017, 74, 1, 'text', 'hi', '2023-03-13 16:54:23'),
(1018, 74, 1, 'text', 'hello world', '2023-03-13 16:54:42'),
(1019, 74, 1, 'text', 'hell', '2023-03-13 16:55:26'),
(1020, 74, 1, 'text', 'l', '2023-03-13 16:55:28'),
(1021, 74, 1, 'text', 'asdkad', '2023-03-13 16:55:29'),
(1022, 74, 1, 'text', 'sdasda', '2023-03-13 16:55:31'),
(1023, 74, 1, 'text', 'asdasd', '2023-03-13 16:55:32'),
(1024, 74, 1, 'text', 'asd', '2023-03-13 16:55:33'),
(1025, 74, 1, 'text', 'asd', '2023-03-13 17:29:54'),
(1026, 74, 1, 'text', '321', '2023-03-13 17:34:54'),
(1027, 76, 1, 'text', 'Test', '2023-03-14 10:52:40'),
(1028, 76, 1, 'text', 'hi', '2023-03-14 10:54:26'),
(1029, 77, 1, 'text', 'I am looking for scary and horror movie.', '2023-03-14 17:31:42'),
(1030, 77, 1, 'text', 'Hi', '2023-03-14 17:31:46'),
(1031, 78, 1, 'text', 'I am looking for scary and horror movie.', '2023-03-14 17:44:14'),
(1032, 78, 1, 'text', 'hiu', '2023-03-14 17:48:25'),
(1033, 78, 1, 'text', 'asd', '2023-03-14 17:48:27'),
(1034, 78, 1, 'text', 'sadas', '2023-03-14 17:48:27'),
(1035, 79, 1, 'text', '有没有推荐的爱情电影?', '2023-03-14 17:51:45'),
(1036, 80, 1, 'text', '我想看喜剧电影', '2023-03-14 17:58:23'),
(1037, 80, 1, 'text', 'hi', '2023-03-14 18:06:50'),
(1038, 80, 1, 'text', 'al', '2023-03-14 18:07:12'),
(1039, 80, 1, 'text', 'asdasd', '2023-03-14 18:07:15'),
(1040, 80, 1, 'text', 'asda', '2023-03-14 18:07:56'),
(1041, 80, 1, 'text', 'hi', '2023-03-14 18:07:58'),
(1042, 80, 1, 'text', 'asd', '2023-03-14 18:15:32'),
(1043, 80, 1, 'text', 'dsa', '2023-03-14 18:15:32'),
(1044, 80, 1, 'text', 'a', '2023-03-14 18:15:34'),
(1045, 80, 1, 'text', 'a', '2023-03-14 18:15:34'),
(1046, 80, 1, 'text', 'a', '2023-03-14 18:15:35'),
(1047, 80, 1, 'text', 'a', '2023-03-14 18:15:35'),
(1048, 80, 1, 'text', 'aasdas', '2023-03-14 18:15:36'),
(1049, 80, 1, 'text', 'hello', '2023-03-14 18:15:41'),
(1050, 81, 1, 'text', '我想看喜剧电影', '2023-03-14 18:15:46'),
(1051, 82, 1, 'text', '有没有推荐的爱情电影?', '2023-03-14 18:23:06'),
(1052, 82, 1, 'text', 'te', '2023-03-14 18:23:09'),
(1053, 83, 1, 'text', 'I am looking for scary and horror movie.', '2023-03-14 18:25:06'),
(1054, 84, 1, 'text', 'I am looking for scary and horror movie.', '2023-03-14 20:25:11'),
(1055, 84, 1, 'text', 'Test', '2023-03-14 20:25:13'),
(1056, 84, 1, 'text', 'a', '2023-03-14 20:26:11'),
(1057, 84, 1, 'text', 'sadij', '2023-03-14 20:26:12'),
(1058, 84, 1, 'text', 'sad', '2023-03-14 20:26:13'),
(1059, 84, 1, 'text', 'asd', '2023-03-14 20:26:13'),
(1060, 85, 1, 'text', 'I am looking for scary and horror movie.', '2023-03-17 14:29:09'),
(1061, 84, 91, 'text', '[Recommend] Jumanji (2017 sequel)', '2023-03-18 13:53:45'),
(1062, 84, 91, 'recommend', 'mmm mmm mmm', '2023-03-18 13:53:49'),
(1063, 84, 91, 'text', '[Recommend] Pitch Perfect', '2023-03-18 13:54:08'),
(1064, 84, 91, 'recommend', '[Response]  opps opps', '2023-03-18 13:54:09'),
(1065, 84, 91, 'text', '[Recommend] Liar Liar', '2023-03-18 13:54:30'),
(1066, 84, 91, 'recommend', '[Response]  opps this', '2023-03-18 13:54:31'),
(1067, 84, 91, 'text', '[Recommend] DodgeBall: A True Underdog Story', '2023-03-18 13:54:33'),
(1068, 84, 91, 'recommend', '[Response]  opps opps', '2023-03-18 13:54:34'),
(1069, 84, 91, 'text', '[Recommend] Mike and Dave Need Wedding Dates', '2023-03-18 13:54:46'),
(1070, 84, 91, 'recommend', '[Response]  opps you', '2023-03-18 13:54:47'),
(1071, 83, 90, 'text', '[Recommend] Me, Myself ', '2023-03-18 13:55:01'),
(1072, 83, 90, 'recommend', '[Response]  Have \'m great for this ! this . this I', '2023-03-18 13:55:02'),
(1073, 82, 89, 'text', '[Recommend] The Waterboy', '2023-03-18 13:55:17'),
(1074, 82, 89, 'recommend', '[Response]  I is', '2023-03-18 13:55:18'),
(1075, 82, 1, 'text', 'test', '2023-03-18 13:58:09'),
(1076, 82, 89, 'text', '[Recommend] Hot Fuzz', '2023-03-18 13:58:12'),
(1077, 82, 89, 'recommend', '[Response]  i too', '2023-03-18 13:58:13'),
(1078, 82, 1, 'text', 'Hello how are you?', '2023-03-18 13:58:36'),
(1079, 82, 89, 'text', '[Recommend] Hello Herman', '2023-03-18 14:27:15'),
(1080, 82, 89, 'text', '[Recommend] Hello Herman', '2023-03-18 14:30:20'),
(1081, 82, 89, 'text', '[Recommend] Hello Herman', '2023-03-18 14:31:48'),
(1082, 82, 89, 'text', '[Recommend] Hello Herman', '2023-03-18 14:32:07'),
(1083, 82, 89, 'text', '[Recommend] Hello Herman', '2023-03-18 14:33:48'),
(1084, 82, 89, 'text', '[Recommend] Hello Herman', '2023-03-18 14:34:15'),
(1085, 82, 89, 'text', '[Recommend] Hello Herman', '2023-03-18 14:34:47'),
(1086, 82, 89, 'text', '[Recommend] Hello Herman', '2023-03-18 14:36:41'),
(1087, 82, 89, 'text', '[Recommend] Hello Herman', '2023-03-18 14:37:25'),
(1088, 82, 89, 'text', '[Recommend] Hello Herman', '2023-03-18 14:37:46'),
(1089, 82, 89, 'text', '[Recommend] Hello Herman', '2023-03-18 14:39:51'),
(1090, 82, 89, 'text', '[Recommend] Hello Herman', '2023-03-18 14:40:14'),
(1091, 82, 89, 'text', '[Recommend] Hello Herman', '2023-03-18 14:40:27'),
(1092, 82, 89, 'text', '[Recommend] Hello Herman', '2023-03-18 14:41:21'),
(1093, 82, 89, 'text', '[Recommend] Hello Herman', '2023-03-18 14:41:55'),
(1094, 82, 89, 'text', '[Recommend] Hello Herman', '2023-03-18 14:43:41'),
(1095, 82, 89, 'recommend', '[Response]  [Response]  What kind of movies are you interested in ?', '2023-03-18 14:43:42'),
(1096, 82, 1, 'text', 'I am interested into horror movie.', '2023-03-18 14:44:12'),
(1097, 82, 89, 'text', '[Recommend] Funny Games (1997 film)', '2023-03-18 14:45:42'),
(1098, 82, 89, 'recommend', '[Response]  [Response]  Have you seen the movie night ?', '2023-03-18 14:45:43'),
(1099, 82, 1, 'text', 'No i didn\'t. What is it about?', '2023-03-18 14:46:26'),
(1100, 82, 89, 'text', '[Recommend] The Greatest Show on Earth (film)', '2023-03-18 14:47:20'),
(1101, 82, 89, 'recommend', '[Response]  [Response]  I have n\'t seen that one . I \'ll have to check that one !', '2023-03-18 14:47:21'),
(1102, 82, 1, 'text', 'I like it.', '2023-03-18 14:47:38'),
(1103, 82, 89, 'text', '[Recommend] Come Drink with Me', '2023-03-18 14:48:19'),
(1104, 82, 89, 'recommend', '[Response]  [Response]  You too !', '2023-03-18 14:48:20'),
(1105, 75, 1, 'text', 'I am looking for scary and horror movie.', '2023-03-18 14:55:57'),
(1106, 75, 82, 'text', '[Recommend] Scary Movie', '2023-03-18 15:02:08'),
(1107, 75, 82, 'recommend', '[Response]  [Response]  Hi ! I wo n\'t be disappointed .', '2023-03-18 15:02:09'),
(1108, 20, 1, 'text', 'I would like to watch a fantasy movie.', '2023-03-18 15:03:23'),
(1109, 20, 26, 'text', '[Recommend] Jumanji (2017 sequel)', '2023-03-18 15:04:06'),
(1110, 20, 26, 'recommend', '[Response]  [Response]  Have you seen this ? Casey Afleck was good .', '2023-03-18 15:04:07'),
(1111, 20, 1, 'text', 'I would like to watch a fantasy movie.', '2023-03-18 15:05:46'),
(1112, 20, 26, 'text', '[Recommend] Jumanji (2017 sequel)', '2023-03-18 15:05:49'),
(1113, 20, 26, 'recommend', '[Response]  [Response]  Have you seen this ?', '2023-03-18 15:05:50'),
(1114, 20, 1, 'text', 'I would like to watch a horror movie.', '2023-03-18 15:07:29'),
(1115, 20, 26, 'text', '[Recommend] Jumanji (2017 sequel)', '2023-03-18 15:07:32'),
(1116, 20, 26, 'recommend', '[Response]  [Response]  Have you seen the new this ?', '2023-03-18 15:07:33'),
(1117, 20, 1, 'text', 'I like it.', '2023-03-18 15:07:57'),
(1118, 20, 26, 'text', '[Recommend] Jumanji (2017 sequel)', '2023-03-18 15:07:59'),
(1119, 20, 26, 'recommend', '[Response]  [Response]  I have n\'t seen that one .', '2023-03-18 15:08:00'),
(1120, 20, 1, 'text', '[', '2023-03-18 15:08:41'),
(1121, 20, 1, 'text', 'I would like to watch a horror movie.', '2023-03-18 15:08:48'),
(1122, 20, 26, 'text', '[Recommend] Jumanji (2017 sequel)', '2023-03-18 15:08:59'),
(1123, 20, 26, 'recommend', '[Response]  [Response]  Have you seen the movie this', '2023-03-18 15:09:00'),
(1124, 20, 26, 'text', '[Recommend] Jumanji (2017 sequel)', '2023-03-18 15:09:03'),
(1125, 20, 26, 'recommend', '[Response]  [Response]  I have n\'t seen that one .', '2023-03-18 15:09:04'),
(1126, 20, 1, 'text', 'I would like to watch a horror movie.', '2023-03-18 15:10:25'),
(1127, 20, 26, 'text', '[Recommend] Jumanji (2017 sequel)', '2023-03-18 15:10:28'),
(1128, 20, 26, 'recommend', '[Response]  [Response]  Have you seen the new this ?', '2023-03-18 15:10:29'),
(1129, 20, 1, 'text', 'I would like to watch a romantic movie.', '2023-03-18 15:11:15'),
(1130, 20, 26, 'text', '[Recommend] Love Actually', '2023-03-18 15:11:35'),
(1131, 20, 26, 'recommend', '[Response]  [Response]  Have you seen this', '2023-03-18 15:11:36'),
(1132, 20, 1, 'text', 'No but it seems good. Do you have other recommendation?', '2023-03-18 15:12:20'),
(1133, 20, 26, 'text', '[Recommend] Love Actually', '2023-03-18 15:13:30'),
(1134, 20, 26, 'recommend', '[Response]  [Response]  I have n\'t seen that one . I need to watch it when you should rewatch it soon !', '2023-03-18 15:13:31'),
(1135, 20, 1, 'text', 'I would like to watch a romantic movie.', '2023-03-18 15:14:02'),
(1136, 20, 26, 'text', '[Recommend] Love Actually', '2023-03-18 15:14:05'),
(1137, 20, 26, 'recommend', '[Response]  [Response]  Have you seen this ? I heard that was good .', '2023-03-18 15:14:07'),
(1138, 20, 1, 'text', 'No but it seems good. Do you have other recommendation?', '2023-03-18 15:14:12'),
(1139, 20, 26, 'text', '[Recommend] What Happens in Vegas', '2023-03-18 15:14:22'),
(1140, 20, 26, 'recommend', '[Response]  [Response]  I have n\'t seen that one . this .', '2023-03-18 15:14:23'),
(1141, 20, 1, 'text', 'I like it.', '2023-03-18 15:14:30'),
(1142, 20, 26, 'text', '[Recommend] We\'re the Millers', '2023-03-18 15:14:33'),
(1143, 20, 26, 'recommend', '[Response]  [Response]  I have n\'t seen that one . this . You too many were really need to watch it !', '2023-03-18 15:14:34'),
(1144, 20, 1, 'text', 'Yes Thank you', '2023-03-18 15:15:03'),
(1145, 20, 26, 'text', '[Recommend] Just Married (2007 film)', '2023-03-18 15:15:26'),
(1146, 20, 26, 'recommend', '[Response]  [Response]  I honestly have n\'t seen that one .', '2023-03-18 15:15:27'),
(1147, 20, 1, 'text', 'Hello how are you', '2023-03-18 15:17:17'),
(1148, 20, 26, 'text', '[Recommend] Hello Herman', '2023-03-18 15:17:53'),
(1149, 20, 26, 'recommend', '[Response]  [Response]  Hi ! I \'m good thanks !', '2023-03-18 15:17:55'),
(1150, 20, 1, 'text', 'Do you have any romantic movie recommendation?', '2023-03-18 15:18:53'),
(1151, 20, 26, 'text', '[Recommend] The Battle of the Sexes (1914 film)', '2023-03-18 15:19:04'),
(1152, 20, 26, 'recommend', '[Response]  [Response]  I have not seen that one . I \'m glad to help you .', '2023-03-18 15:19:05'),
(1153, 20, 1, 'text', 'I like it.', '2023-03-18 15:20:21'),
(1154, 20, 26, 'text', '[Recommend] Bears (film)', '2023-03-18 15:20:23'),
(1155, 20, 26, 'recommend', '[Response]  [Response]  I have n\'t seen it . I heard it was good . I \'ll have to you like it .', '2023-03-18 15:20:24'),
(1156, 86, 1, 'text', 'I would like to watch a fantasy movie.', '2023-03-18 15:21:35'),
(1157, 86, 93, 'text', '[Recommend] Jumanji (2017 sequel)', '2023-03-18 15:21:38'),
(1158, 86, 93, 'recommend', '[Response]  Have you seen this ?', '2023-03-18 15:21:39'),
(1159, 86, 1, 'text', 'No but I do not like it.', '2023-03-18 15:22:03'),
(1160, 86, 93, 'text', '[Recommend] When Harry Met Sally...', '2023-03-18 15:22:05'),
(1161, 86, 93, 'recommend', '[Response]  I have n\'t seen it . I have heard of it . I \'ll have to check it out .', '2023-03-18 15:22:06'),
(1162, 86, 1, 'text', 'I like it.', '2023-03-18 15:22:19'),
(1163, 86, 93, 'text', '[Recommend] Night at the Museum (film series)', '2023-03-18 15:22:21'),
(1164, 86, 93, 'recommend', '[Response]  You too !', '2023-03-18 15:22:22'),
(1165, 89, 1, 'text', 'I would like to watch a fantasy movie.', '2023-03-19 15:58:50'),
(1166, 89, 96, 'text', '[Recommend] Jumanji (2017 sequel)', '2023-03-19 15:58:56'),
(1167, 89, 96, 'text', '[Recommend] Jumanji (2017 sequel)', '2023-03-19 16:03:06'),
(1168, 89, 96, 'text', '[Recommend] Jumanji (2017 sequel)', '2023-03-19 16:04:29'),
(1169, 89, 96, 'text', '[Recommend] Jumanji (2017 sequel)', '2023-03-19 16:05:18');
INSERT INTO `message` (`id`, `chat_id`, `user_id`, `type`, `content`, `created_at`) VALUES
(1170, 89, 96, 'text', '[Recommend] Jumanji (2017 sequel)', '2023-03-19 16:07:39'),
(1171, 89, 96, 'text', '[Recommend] Jumanji (2017 sequel)', '2023-03-19 16:08:26'),
(1172, 89, 96, 'recommend', '[Response]  I have n\'t seen that one . Have you seen this ?', '2023-03-19 16:08:32'),
(1173, 89, 1, 'text', 'I would like to watch a comedy movie.', '2023-03-19 16:10:02'),
(1174, 89, 96, 'text', '[Recommend] Jumanji (2017 sequel)', '2023-03-19 16:10:15'),
(1175, 89, 96, 'text', '[Recommend] Jumanji (2017 sequel)', '2023-03-19 16:10:53'),
(1176, 89, 96, 'text', '[Recommend] Jumanji (2017 sequel)', '2023-03-19 18:02:07'),
(1177, 89, 96, 'text', '[Recommend] Jumanji (2017 sequel)', '2023-03-19 18:37:52'),
(1178, 89, 96, 'text', '[Recommend] Jumanji (2017 sequel)', '2023-03-19 18:38:59'),
(1179, 89, 96, 'text', '[Recommend] Jumanji (2017 sequel)', '2023-03-19 18:39:16'),
(1180, 89, 96, 'text', '[Recommend] Jumanji (2017 sequel)', '2023-03-19 18:39:52'),
(1181, 89, 96, 'image', 'saved_image.jpg', '2023-03-19 18:39:53'),
(1182, 89, 96, 'recommend', '[Response]  Have you seen the new this ?', '2023-03-19 18:39:56'),
(1183, 90, 1, 'text', 'I would like to watch a fantasy movie.', '2023-03-19 18:44:38'),
(1184, 90, 97, 'text', '[Recommend] Jumanji (2017 sequel)', '2023-03-19 18:44:40'),
(1185, 90, 97, 'image', 'saved_image.jpg', '2023-03-19 18:44:41'),
(1186, 90, 97, 'recommend', '[Response]  Have you seen this ? Casey Casey Afleck is really good .', '2023-03-19 18:44:44'),
(1187, 90, 1, 'text', 'I would like to watch a fantasy movie.', '2023-03-19 18:46:15'),
(1188, 90, 97, 'text', '[Recommend] Jumanji (2017 sequel)', '2023-03-19 18:46:17'),
(1189, 90, 97, 'image', 'saved_image.jpg', '2023-03-19 18:46:18'),
(1190, 90, 97, 'recommend', '[Response]  I \'m sure you will like them !', '2023-03-19 18:46:19'),
(1191, 90, 1, 'text', 'I would like to watch a fantasy movie.', '2023-03-19 18:53:03'),
(1192, 90, 97, 'text', '[Recommend] Jumanji (2017 sequel)', '2023-03-19 18:53:06'),
(1193, 90, 97, 'image', 'saved_image.jpg', '2023-03-19 18:53:07'),
(1194, 90, 97, 'recommend', '[Response]  Hi ! Have you seen this ?', '2023-03-19 18:53:09'),
(1195, 90, 1, 'text', 'I would like to watch a fantasy movie.', '2023-03-19 18:55:10'),
(1196, 90, 97, 'text', '[Recommend] Jumanji (2017 sequel)', '2023-03-19 18:55:13'),
(1197, 90, 97, 'image', 'saved_image.jpg', '2023-03-19 18:55:15'),
(1198, 90, 97, 'recommend', '[Response]  I have n\'t seen this . Have you seen it ? ok , but I will give you seen it then will like to watch tonight ?', '2023-03-19 18:55:17'),
(1199, 90, 1, 'text', 'I would like to watch a fantasy movie.', '2023-03-19 18:55:42'),
(1200, 90, 97, 'text', '[Recommend] When Harry Met Sally...', '2023-03-19 18:56:00'),
(1201, 90, 97, 'image', 'saved_image.jpg', '2023-03-19 18:56:01'),
(1202, 90, 97, 'recommend', '[Response]  You too !', '2023-03-19 18:56:02'),
(1203, 90, 1, 'text', 'I would like to watch a fantasy movie.', '2023-03-19 18:57:03'),
(1204, 90, 97, 'text', '[Recommend] Jumanji (2017 sequel)', '2023-03-19 18:57:17'),
(1205, 90, 97, 'text', '[Recommend] Jumanji (2017 sequel)', '2023-03-19 19:03:38'),
(1206, 90, 1, 'text', 'I would like to watch a fantasy movie.', '2023-03-19 19:03:42'),
(1207, 90, 97, 'text', '[Recommend] Jumanji (2017 sequel)', '2023-03-19 19:04:43'),
(1208, 90, 97, 'text', '[Recommend] Jumanji (2017 sequel)', '2023-03-19 19:05:20'),
(1209, 90, 97, 'text', '[Recommend] Jumanji (2017 sequel)', '2023-03-19 19:06:24'),
(1210, 90, 97, 'text', '[Recommend] Jumanji (2017 sequel)', '2023-03-19 19:06:40'),
(1211, 90, 97, 'image', 'saved_image.jpg', '2023-03-19 19:06:42'),
(1212, 90, 97, 'recommend', '[Response]  I have n\'t seen this , what about would tonight .', '2023-03-19 19:06:43'),
(1213, 90, 97, 'text', '[Recommend] When Harry Met Sally...', '2023-03-19 19:06:45'),
(1214, 90, 97, 'image', 'saved_image.jpg', '2023-03-19 19:06:46'),
(1215, 90, 97, 'recommend', '[Response]  I love that one !', '2023-03-19 19:06:47'),
(1216, 90, 1, 'text', 'Nice', '2023-03-19 19:08:58'),
(1217, 90, 97, 'text', '[Recommend] Silver Linings Playbook', '2023-03-19 19:09:11'),
(1218, 90, 97, 'image', 'saved_image.png', '2023-03-19 19:09:12'),
(1219, 90, 97, 'recommend', '[Response]  yay ! ! ! ! ! ! ! Happy watching ! ! Goodbye !', '2023-03-19 19:09:13'),
(1220, 90, 1, 'text', 'bte', '2023-03-19 19:09:55'),
(1221, 90, 97, 'text', '[Recommend] Suicide Squad (film)', '2023-03-19 19:10:14'),
(1222, 90, 97, 'image', 'saved_image.png', '2023-03-19 19:10:16'),
(1223, 90, 97, 'recommend', '[Response]  I have n\'t seen that one ! I will have to check it out !', '2023-03-19 19:10:17'),
(1224, 91, 1, 'text', 'I am looking for scary and horror movie.', '2023-03-20 06:36:01'),
(1225, 91, 1, 'text', 'hi', '2023-03-20 06:36:30'),
(1226, 91, 98, 'text', '[Recommend] Jumanji (2017 sequel)', '2023-03-20 06:37:42'),
(1227, 91, 98, 'image', 'saved_image.png', '2023-03-20 06:37:43'),
(1228, 91, 98, 'recommend', '[Response]  Have you seen this ? It \'s a great day !', '2023-03-20 06:37:47'),
(1229, 91, 1, 'text', 'I like it.', '2023-03-20 06:40:31'),
(1230, 91, 1, 'text', 'I am looking for scary and horror movie.', '2023-03-20 06:40:39'),
(1231, 91, 98, 'text', '[Recommend] Scary Movie', '2023-03-20 06:40:56'),
(1232, 91, 98, 'text', '[Recommend] Scary Movie', '2023-03-20 06:44:07'),
(1233, 91, 98, 'image', 'saved_image.png', '2023-03-20 06:44:08'),
(1234, 91, 98, 'recommend', '[Response]  Hi ! Have you seen this ? Youre welcome !', '2023-03-20 06:44:11'),
(1235, 91, 1, 'text', 'I like it', '2023-03-20 06:46:38'),
(1236, 91, 98, 'text', '[Recommend] A Nightmare on Elm Street (franchise)', '2023-03-20 06:46:41'),
(1237, 91, 98, 'text', '[Recommend] Scary Movie', '2023-03-20 06:48:58'),
(1238, 91, 98, 'image', '91_2023-03-20_06:48:59.png', '2023-03-20 06:48:59'),
(1239, 91, 98, 'recommend', '[Response]  Have you seen this I used to love that one of assistance ! Any moveis . : ) !', '2023-03-20 06:49:00'),
(1240, 92, 1, 'text', 'I am looking for scary and horror movie.', '2023-03-20 06:49:53'),
(1241, 92, 99, 'text', '[Recommend] Scary Movie', '2023-03-20 06:49:55'),
(1242, 92, 99, 'image', '92_2023-03-20_064956.png', '2023-03-20 06:49:56'),
(1243, 92, 99, 'recommend', '[Response]  Hi ! I wo n\'t be disappointed .', '2023-03-20 06:49:57'),
(1244, 92, 1, 'text', 'I am looking for scary and horror movie.', '2023-03-20 06:57:58'),
(1245, 92, 99, 'text', '[Recommend] Scary Movie', '2023-03-20 06:58:01'),
(1246, 92, 99, 'image', 'http://192.168.0.37:3001/api/movie_posterimages/92_2023-03-20_065801.png', '2023-03-20 06:58:01'),
(1247, 92, 99, 'recommend', '[Response]  I would recommend you this to you too ! ! ! ! ! ! ! ! ! ! ! ! ! ! ! ! ! ! ! ! !', '2023-03-20 06:58:03'),
(1248, 92, 1, 'text', 'I am looking for scary and horror movie.', '2023-03-20 06:59:30'),
(1249, 92, 99, 'text', '[Recommend] A Nightmare on Elm Street (franchise)', '2023-03-20 06:59:33'),
(1250, 92, 99, 'image', 'http://192.168.0.37:3001/images/92_2023-03-20_065934.png', '2023-03-20 06:59:34'),
(1251, 92, 99, 'recommend', '[Response]  I have n\'t seen that one . Have you seen this ?', '2023-03-20 06:59:35'),
(1252, 92, 1, 'text', 'I like it.', '2023-03-20 06:59:41'),
(1253, 92, 99, 'text', '[Recommend] Lights Out (2016 film)', '2023-03-20 06:59:43'),
(1254, 92, 99, 'image', 'http://192.168.0.37:3001/images/92_2023-03-20_065946.png', '2023-03-20 06:59:46'),
(1255, 92, 99, 'recommend', '[Response]  this was a horror , too , its a spoof of this series .', '2023-03-20 06:59:51'),
(1256, 93, 1, 'text', 'I would like to watch a fantasy movie.', '2023-03-20 07:13:10'),
(1257, 93, 100, 'text', '[Recommend] Jumanji (2017 sequel)', '2023-03-20 07:13:13'),
(1258, 93, 100, 'recommend', '[Response]  Have you seen the new this ?', '2023-03-20 07:13:14'),
(1259, 93, 1, 'text', 'I would like to watch a fantasy movie.', '2023-03-20 07:14:20'),
(1260, 93, 100, 'text', '[Recommend] Jumanji (2017 sequel)', '2023-03-20 07:14:40'),
(1261, 93, 100, 'image', 'http://192.168.0.37:3001/images/93_2023-03-20_071441.png', '2023-03-20 07:14:41'),
(1262, 93, 100, 'recommend', '[Response]  Hi ! I \'m sure you have n\'t seen this', '2023-03-20 07:14:44'),
(1263, 93, 1, 'text', 'I like it.', '2023-03-20 07:14:52'),
(1264, 93, 100, 'text', '[Recommend] When Harry Met Sally...', '2023-03-20 07:14:54'),
(1265, 93, 100, 'image', 'http://192.168.0.37:3001/images/93_2023-03-20_071455.png', '2023-03-20 07:14:55'),
(1266, 93, 100, 'recommend', '[Response]  I have n\'t seen that one !', '2023-03-20 07:14:56'),
(1267, 93, 1, 'text', 'I like it.', '2023-03-20 07:24:27'),
(1268, 93, 100, 'text', '[Recommend] Night at the Museum (film series)', '2023-03-20 07:24:30'),
(1269, 93, 100, 'image', 'http://192.168.0.37:3001/images/93_2023-03-20_072431.png', '2023-03-20 07:24:31'),
(1270, 93, 100, 'recommend', '[Response]  I have n\'t seen that one . I \'ll have to watch it soon .', '2023-03-20 07:24:32'),
(1271, 93, 1, 'text', 'I like it.', '2023-03-20 07:26:21'),
(1272, 93, 100, 'text', '[Recommend] Back to the Future', '2023-03-20 07:26:23'),
(1273, 93, 100, 'image', 'http://192.168.0.37:3001/images/93_2023-03-20_072627.png', '2023-03-20 07:26:27'),
(1274, 93, 100, 'recommend', '[Response]  You too !', '2023-03-20 07:26:28'),
(1275, 93, 1, 'text', 'Thank you', '2023-03-20 07:27:10'),
(1276, 93, 100, 'text', '[Recommend] Pretty Woman', '2023-03-20 07:27:13'),
(1277, 93, 100, 'image', 'http://192.168.0.37:3001/images/93_2023-03-20_072714.png', '2023-03-20 07:27:14'),
(1278, 93, 100, 'recommend', '[Response]  You too !', '2023-03-20 07:27:15'),
(1279, 93, 1, 'text', 'Nice', '2023-03-20 07:33:17'),
(1280, 93, 100, 'text', '[Recommend] Dear John (2010 film)', '2023-03-20 07:33:19'),
(1281, 93, 100, 'image', 'http://192.168.0.37:3001/images/93_2023-03-20_073320.png', '2023-03-20 07:33:20'),
(1282, 93, 100, 'recommend', '[Response]  You too !', '2023-03-20 07:33:21'),
(1283, 93, 1, 'text', 'I like it.', '2023-03-20 07:33:25'),
(1284, 93, 100, 'text', '[Recommend] Weird Science (film)', '2023-03-20 07:33:27'),
(1285, 93, 100, 'image', 'http://192.168.0.37:3001/images/93_2023-03-20_073328.png', '2023-03-20 07:33:28'),
(1286, 93, 100, 'recommend', '[Response]  You too !', '2023-03-20 07:33:29'),
(1287, 93, 1, 'text', 'I like it.', '2023-03-20 07:33:50'),
(1288, 93, 100, 'text', '[Recommend] Safe Haven (film)', '2023-03-20 07:33:53'),
(1289, 93, 100, 'image', 'http://192.168.0.37:3001/images/93_2023-03-20_073354.png', '2023-03-20 07:33:54'),
(1290, 93, 100, 'recommend', '[Response]  You too !', '2023-03-20 07:33:55'),
(1291, 93, 1, 'text', 'nice', '2023-03-20 07:34:32'),
(1292, 93, 100, 'text', '[Recommend] Miss Congeniality (film)', '2023-03-20 07:34:34'),
(1293, 93, 100, 'image', 'http://192.168.0.37:3001/images/93_2023-03-20_073436.png', '2023-03-20 07:34:36'),
(1294, 93, 100, 'recommend', '[Response]  I have n\'t seen that one . I will pick one .', '2023-03-20 07:34:37'),
(1295, 93, 1, 'text', 'I like it.', '2023-03-20 07:36:33'),
(1296, 93, 100, 'text', '[Recommend] Between Us (2016 film)', '2023-03-20 07:36:36'),
(1297, 93, 100, 'image', 'http://192.168.0.37:3001/images/93_2023-03-20_073637.png', '2023-03-20 07:36:37'),
(1298, 93, 100, 'recommend', '[Response]  I will pick ! you to watch it !', '2023-03-20 07:36:38'),
(1299, 93, 1, 'text', 'I like it.', '2023-03-20 07:37:46'),
(1300, 93, 100, 'text', '[Recommend] The Duff', '2023-03-20 07:37:49'),
(1301, 93, 100, 'image', 'http://192.168.0.37:3001/images/93_2023-03-20_073752.png', '2023-03-20 07:37:52'),
(1302, 93, 100, 'recommend', '[Response]  I have n\'t seen that one this is it will pick !', '2023-03-20 07:37:54'),
(1303, 93, 1, 'text', 'I like it.', '2023-03-20 07:50:33'),
(1304, 93, 100, 'text', '[Recommend] Groundhog Day (film)', '2023-03-20 07:50:36'),
(1305, 93, 100, 'image', 'http://192.168.0.37:3001/images/93_2023-03-20_075038.png', '2023-03-20 07:50:38'),
(1306, 93, 100, 'recommend', '[Response]  You too !', '2023-03-20 07:50:40'),
(1307, 93, 1, 'text', 'I like it.', '2023-03-20 07:51:38'),
(1308, 93, 100, 'text', '[Recommend] Billy Madison', '2023-03-20 07:51:40'),
(1309, 93, 100, 'image', 'http://192.168.0.37:3001/images/93_2023-03-20_075141.png', '2023-03-20 07:51:41'),
(1310, 93, 100, 'recommend', '[Response]  You too !', '2023-03-20 07:51:42'),
(1311, 94, 1, 'text', 'Hello', '2023-03-24 13:13:55'),
(1312, 94, 101, 'text', '[Recommend] Hello Herman', '2023-03-24 13:14:03'),
(1313, 94, 101, 'image', 'http://192.168.0.37:3001/images/94_2023-03-24_131404.png', '2023-03-24 13:14:04'),
(1314, 94, 101, 'recommend', '[Response]  Hi what kind of movies do you like ?', '2023-03-24 13:14:08'),
(1315, 94, 1, 'text', 'I would like to watch comedy movie', '2023-03-24 13:14:34'),
(1316, 94, 101, 'text', '[Recommend] Funny Games (1997 film)', '2023-03-24 13:14:37'),
(1317, 94, 101, 'image', 'http://192.168.0.37:3001/images/94_2023-03-24_131438.png', '2023-03-24 13:14:38'),
(1318, 94, 101, 'recommend', '[Response]  Have you seen the movie this ?', '2023-03-24 13:14:40'),
(1319, 94, 1, 'text', 'No but I like it. Do you have more recommendations?', '2023-03-24 13:15:00'),
(1320, 94, 101, 'text', '[Recommend] The Greatest Show on Earth (film)', '2023-03-24 13:15:39'),
(1321, 94, 101, 'image', 'http://192.168.0.37:3001/images/94_2023-03-24_131540.png', '2023-03-24 13:15:40'),
(1322, 94, 101, 'recommend', '[Response]  I have not seen that one !', '2023-03-24 13:15:41'),
(1323, 95, 1, 'text', 'hi', '2023-03-24 13:16:22'),
(1324, 95, 102, 'text', '[Recommend] Come Drink with Me', '2023-03-24 13:16:24'),
(1325, 95, 102, 'image', 'http://192.168.0.37:3001/images/95_2023-03-24_131625.png', '2023-03-24 13:16:25'),
(1326, 95, 102, 'recommend', '[Response]  I remember the old one , but I remember that you might like to see it .', '2023-03-24 13:16:26'),
(1327, 95, 1, 'text', 'hi', '2023-03-24 13:16:38'),
(1328, 95, 102, 'text', '[Recommend] Jumanji (2017 sequel)', '2023-03-24 13:26:47'),
(1329, 95, 102, 'text', '[Recommend] Jumanji (2017 sequel)', '2023-03-24 13:27:35'),
(1330, 95, 102, 'image', 'http://192.168.0.37:3001/images/95_2023-03-24_132737.png', '2023-03-24 13:27:37'),
(1331, 95, 102, 'recommend', '[Response]  what kind of movies do you like this and you like watching them ?', '2023-03-24 13:27:39'),
(1332, 95, 1, 'text', 'Comedy movie', '2023-03-24 13:27:53'),
(1333, 95, 102, 'text', '[Recommend] Pitch Perfect', '2023-03-24 13:27:55'),
(1334, 95, 102, 'image', 'http://192.168.0.37:3001/images/95_2023-03-24_132757.png', '2023-03-24 13:27:57'),
(1335, 95, 102, 'recommend', '[Response]  I love that one ! Have you seen this ?', '2023-03-24 13:27:58'),
(1336, 95, 1, 'text', 'I like it.', '2023-03-24 13:28:04'),
(1337, 95, 102, 'text', '[Recommend] Liar Liar', '2023-03-24 13:28:07'),
(1338, 95, 102, 'image', 'http://192.168.0.37:3001/images/95_2023-03-24_132808.png', '2023-03-24 13:28:08'),
(1339, 95, 102, 'recommend', '[Response]  I have n\'t seen that one .', '2023-03-24 13:28:09'),
(1340, 95, 1, 'text', 'What is it about?', '2023-03-24 13:28:25'),
(1341, 95, 102, 'text', '[Recommend] DodgeBall: A True Underdog Story', '2023-03-24 13:28:28'),
(1342, 95, 102, 'image', 'http://192.168.0.37:3001/images/95_2023-03-24_132834.png', '2023-03-24 13:28:34'),
(1343, 95, 102, 'recommend', '[Response]  I love that one too ! Have you seen the movies !', '2023-03-24 13:28:36'),
(1344, 95, 1, 'text', 'no', '2023-03-24 13:28:52'),
(1345, 95, 102, 'text', '[Recommend] Mike and Dave Need Wedding Dates', '2023-03-24 13:28:54'),
(1346, 95, 102, 'image', 'http://192.168.0.37:3001/images/95_2023-03-24_132857.png', '2023-03-24 13:28:57'),
(1347, 95, 102, 'recommend', '[Response]  I have n\'t seen that one . I \'ll check it out .', '2023-03-24 13:28:59'),
(1348, 95, 1, 'text', 'me too. bye', '2023-03-24 13:29:10'),
(1349, 95, 102, 'text', '[Recommend] Pixels (2015 film)', '2023-03-24 13:29:30'),
(1350, 95, 102, 'image', 'http://192.168.0.37:3001/images/95_2023-03-24_132931.png', '2023-03-24 13:29:31'),
(1351, 95, 102, 'recommend', '[Response]  You too !', '2023-03-24 13:29:33'),
(1352, 96, 1, 'text', 'Can you suggest a good thriller movie that was released in the past year?', '2023-03-24 13:37:08'),
(1353, 96, 103, 'text', '[Recommend] Shutter Island (film)', '2023-03-24 13:38:28'),
(1354, 96, 103, 'image', 'http://192.168.0.37:3001/images/96_2023-03-24_133829.png', '2023-03-24 13:38:29'),
(1355, 96, 103, 'recommend', '[Response]  Have you seen this ?', '2023-03-24 13:38:32'),
(1356, 96, 1, 'text', 'Yes, I\'ve seen Shutter Island and I thought it was a great thriller movie! However, I was actually asking for a recommendation of a movie that was released in the past year. Can you suggest another movie that fits that criteria?', '2023-03-24 13:39:24'),
(1357, 96, 103, 'text', '[Recommend] Get a Job (2016 film)', '2023-03-24 13:41:44'),
(1358, 96, 103, 'image', 'http://192.168.0.37:3001/images/96_2023-03-24_134147.png', '2023-03-24 13:41:47'),
(1359, 96, 103, 'recommend', '[Response]  I have not seen that one . I \'ve heard of my all time . I \'ll have to check it out .', '2023-03-24 13:41:49'),
(1360, 96, 1, 'text', 'I\'m sorry, but it seems like there was a misunderstanding. \"Get a Job\" is actually a comedy movie, not a thriller. If you\'re still interested in a thriller movie recommendation from the past year, I can suggest \"The Invisible Man\" (2020), which is a suspenseful and well-reviewed movie. Would you like me to give you more information about that movie or do you have any other preferences you\'d like me to consider?', '2023-03-24 13:42:37'),
(1361, 96, 103, 'text', '[Recommend] The Fixer (2016 Romanian film)', '2023-03-24 13:46:58'),
(1362, 96, 103, 'image', 'http://192.168.0.37:3001/images/96_2023-03-24_134659.png', '2023-03-24 13:46:59'),
(1363, 96, 103, 'recommend', '[Response]  I hope you have enough to watch a good night !', '2023-03-24 13:47:01'),
(1364, 97, 1, 'text', 'Hello how are you', '2023-03-24 13:51:52'),
(1365, 97, 104, 'text', '[Recommend] Hello Herman', '2023-03-24 13:59:04'),
(1366, 97, 104, 'image', 'http://192.168.0.37:3001/images/97_2023-03-24_135905.png', '2023-03-24 13:59:05'),
(1367, 97, 104, 'recommend', '[Response]  What kind of movies are you interested in ?', '2023-03-24 13:59:08'),
(1368, 97, 1, 'text', 'Can you recommend a good drama movie?', '2023-03-24 14:01:04'),
(1369, 97, 104, 'text', '[Recommend] Funny Games (1997 film)', '2023-03-24 14:01:19'),
(1370, 97, 104, 'image', 'http://192.168.0.37:3001/images/97_2023-03-24_140120.png', '2023-03-24 14:01:20'),
(1371, 97, 104, 'recommend', '[Response]  Have you seen the newest one ?', '2023-03-24 14:01:21'),
(1372, 97, 1, 'text', 'Actually, I haven\'t seen the newest version of \"Funny Games\" yet. When was it released? And do you think it\'s as good as the original 1997 version?', '2023-03-24 14:01:44'),
(1373, 97, 104, 'text', '[Recommend] Housebound', '2023-03-24 14:03:12'),
(1374, 97, 104, 'image', 'http://192.168.0.37:3001/images/97_2023-03-24_140313.png', '2023-03-24 14:03:13'),
(1375, 97, 104, 'recommend', '[Response]  I have n\'t seen that one . I \'ll have to check it out . Thanks for you too !', '2023-03-24 14:03:15'),
(1376, 97, 1, 'text', 'You\'re welcome! \"Housebound\" is a great horror-comedy movie that has received positive reviews from critics and audiences alike. Let me know if you need any more information about the movie or if you\'d like me to recommend another movie in a different genre.', '2023-03-24 14:04:17'),
(1377, 97, 104, 'text', '[Recommend] Housebound', '2023-03-24 14:07:40'),
(1378, 97, 104, 'image', 'http://192.168.0.37:3001/images/97_2023-03-24_140740.png', '2023-03-24 14:07:40'),
(1379, 97, 104, 'recommend', '[Response]  Have you seen any of the other movies I \'ve mentioned you seen and they are very well .', '2023-03-24 14:07:42'),
(1380, 98, 1, 'text', 'Can you recommend a good action movie?', '2023-03-24 14:08:37'),
(1381, 98, 1, 'text', 'Can you recommend a good action movie?', '2023-03-24 14:08:37'),
(1382, 98, 105, 'text', '[Recommend] Last Action Hero', '2023-03-24 14:08:55'),
(1383, 98, 105, 'image', 'http://192.168.0.37:3001/images/98_2023-03-24_140856.png', '2023-03-24 14:08:56'),
(1384, 98, 105, 'recommend', '[Response]  Have you seen this ? Or this ?', '2023-03-24 14:08:59'),
(1385, 98, 105, 'text', '[Recommend] Finding Nemo', '2023-03-24 14:09:01'),
(1386, 98, 105, 'image', 'http://192.168.0.37:3001/images/98_2023-03-24_140902.png', '2023-03-24 14:09:02'),
(1387, 98, 105, 'recommend', '[Response]  this is a lot Thanks for chatting !', '2023-03-24 14:09:03'),
(1388, 100, 1, 'text', 'Can you recommend a good action movie?', '2023-03-24 14:09:34'),
(1389, 100, 107, 'text', '[Recommend] Last Action Hero', '2023-03-24 14:09:37'),
(1390, 100, 107, 'image', 'http://192.168.0.37:3001/images/100_2023-03-24_140937.png', '2023-03-24 14:09:37'),
(1391, 100, 107, 'recommend', '[Response]  Hi ! What kind of movies do you like to see ?', '2023-03-24 14:09:40'),
(1392, 100, 1, 'text', 'Please recommend a good action movie for me to watch.', '2023-03-24 14:10:42'),
(1393, 100, 107, 'text', '[Recommend] Killing Zoe', '2023-03-24 14:11:01'),
(1394, 100, 107, 'image', 'http://192.168.0.37:3001/images/100_2023-03-24_141103.png', '2023-03-24 14:11:03'),
(1395, 100, 107, 'recommend', '[Response]  Have you seen this ? I have heard of that one , have n\'t seen this yet . I \'m a lot of them .', '2023-03-24 14:11:05'),
(1396, 100, 1, 'text', 'Thanks for the recommendation! \"Killing Zoe\" is a crime thriller that has been well-received by audiences and critics. I haven\'t seen it yet, but I\'m definitely interested in checking it out. Do you have any other recommendations in the action genre or any other genres you\'d like to explore?', '2023-03-24 14:12:13'),
(1397, 100, 107, 'text', '[Recommend] Chinatown (1974 film)', '2023-03-24 14:14:34'),
(1398, 100, 107, 'image', 'http://192.168.0.37:3001/images/100_2023-03-24_141436.png', '2023-03-24 14:14:36'),
(1399, 100, 107, 'recommend', '[Response]  You should watch it !', '2023-03-24 14:14:38'),
(1400, 101, 1, 'text', 'Can you recommend a good romance movie?', '2023-03-24 14:18:14'),
(1401, 101, 108, 'text', '[Recommend] Jumanji (2017 sequel)', '2023-03-24 14:18:30'),
(1402, 101, 108, 'image', 'http://192.168.0.37:3001/images/101_2023-03-24_141831.png', '2023-03-24 14:18:31'),
(1403, 101, 108, 'recommend', '[Response]  What kind of movies do you like ?', '2023-03-24 14:18:34'),
(1404, 101, 1, 'text', 'Can you recommend a good romance movie?', '2023-03-24 14:27:26'),
(1405, 101, 108, 'text', '[Recommend] Jumanji (2017 sequel)', '2023-03-24 14:36:33'),
(1406, 101, 108, 'image', 'http://192.168.0.37:3001/images/101_2023-03-24_143635.png', '2023-03-24 14:36:35'),
(1407, 101, 108, 'recommend', '[Response]  Have you seen the new this ?', '2023-03-24 14:36:37'),
(1408, 101, 1, 'text', 'Can you recommend a good romance movie?', '2023-03-24 14:37:13'),
(1409, 101, 108, 'text', '[Recommend] Jumanji (2017 sequel)', '2023-03-24 14:44:24'),
(1410, 101, 108, 'image', 'http://192.168.0.37:3001/images/101_2023-03-24_144425.png', '2023-03-24 14:44:25'),
(1411, 101, 108, 'recommend', '[Response]  Hi ! I \'m sure you will like so I can find a good one you have a movie to watch .', '2023-03-24 14:44:27'),
(1412, 102, 1, 'text', 'Can you recommend a good comedy movie?', '2023-03-26 15:39:49'),
(1413, 102, 109, 'text', '[Recommend] Jumanji (2017 sequel)', '2023-03-26 15:39:56'),
(1414, 102, 109, 'image', 'http://192.168.0.37:3001/images/102_2023-03-26_153957.png', '2023-03-26 15:39:57'),
(1415, 102, 109, 'recommend', '[Response]  Have you seen the new this ?', '2023-03-26 15:40:03'),
(1416, 102, 1, 'text', 'No but I like it. Do you have another recommendation?', '2023-03-26 15:40:40'),
(1417, 102, 109, 'text', '[Recommend] Star Wars (film)', '2023-03-26 15:40:43'),
(1418, 102, 109, 'image', 'http://192.168.0.37:3001/images/102_2023-03-26_154045.png', '2023-03-26 15:40:45'),
(1419, 102, 109, 'recommend', '[Response]  this Yeah , Steel Panther..you thing taste in movies ) row haha', '2023-03-26 15:40:46'),
(1420, 102, 1, 'text', 'I like it.', '2023-03-26 15:41:01'),
(1421, 102, 109, 'text', '[Recommend] 13 Going on 30', '2023-03-26 15:42:12'),
(1422, 102, 109, 'image', 'http://192.168.0.37:3001/images/102_2023-03-26_154214.png', '2023-03-26 15:42:14'),
(1423, 102, 109, 'recommend', '[Response]  this Yeah , Steel Panther..you thing ( the song is 17 girls girls row haha ok to go row haha', '2023-03-26 15:42:15'),
(1424, 103, 1, 'text', 'I am looking for scary and horror movie.', '2023-03-26 15:43:11'),
(1425, 103, 110, 'text', '[Recommend] Scary Movie', '2023-03-26 15:43:13'),
(1426, 103, 110, 'image', 'http://192.168.0.37:3001/images/103_2023-03-26_154314.png', '2023-03-26 15:43:14'),
(1427, 103, 110, 'recommend', '[Response]  Have you seen this ? adam sandler i hope you enjoy what about this', '2023-03-26 15:43:16'),
(1428, 103, 1, 'text', 'I like it.', '2023-03-26 15:43:20'),
(1429, 103, 110, 'text', '[Recommend] A Nightmare on Elm Street (franchise)', '2023-03-26 15:43:53'),
(1430, 103, 110, 'image', 'http://192.168.0.37:3001/images/103_2023-03-26_154356.png', '2023-03-26 15:43:56'),
(1431, 103, 110, 'recommend', '[Response]  this i have n\'t seen , have not seen it , i have heard of this i have to recommend it , it !', '2023-03-26 15:43:58'),
(1432, 104, 1, 'text', 'I would like to watch a fantasy movie.', '2023-03-26 15:44:40'),
(1433, 104, 111, 'text', '[Recommend] Jumanji (2017 sequel)', '2023-03-26 15:44:43'),
(1434, 104, 111, 'image', 'http://192.168.0.37:3001/images/104_2023-03-26_154444.png', '2023-03-26 15:44:44'),
(1435, 104, 111, 'recommend', '[Response]  Have you seen the new this ?', '2023-03-26 15:44:46'),
(1436, 104, 1, 'text', 'I like it.', '2023-03-26 15:45:35'),
(1437, 104, 111, 'text', '[Recommend] When Harry Met Sally...', '2023-03-26 15:45:38'),
(1438, 104, 111, 'image', 'http://192.168.0.37:3001/images/104_2023-03-26_154539.png', '2023-03-26 15:45:39'),
(1439, 104, 111, 'recommend', '[Response]  I have n\'t seen that one . I \'ll have to watch it soon .', '2023-03-26 15:45:40'),
(1440, 104, 1, 'text', 'This looks great. Thank you', '2023-03-26 15:45:51'),
(1441, 104, 111, 'text', '[Recommend] The Avengers (2012 film)', '2023-03-26 15:46:05'),
(1442, 104, 111, 'image', 'http://192.168.0.37:3001/images/104_2023-03-26_154607.png', '2023-03-26 15:46:07'),
(1443, 104, 111, 'recommend', '[Response]  You are welcome . Enjoy !', '2023-03-26 15:46:10'),
(1444, 105, 1, 'text', 'hello', '2023-03-26 16:03:25'),
(1445, 105, 112, 'text', '[Recommend] Hello Herman', '2023-03-26 16:03:28'),
(1446, 105, 112, 'image', 'http://192.168.0.37:3001/images/105_2023-03-26_160328.png', '2023-03-26 16:03:28'),
(1447, 105, 112, 'recommend', '[Response]  Hi ! What kind of movie are you interested in ?', '2023-03-26 16:03:31'),
(1448, 105, 1, 'text', 'hello', '2023-03-26 16:03:44'),
(1449, 105, 112, 'text', '[Recommend] Hello Herman', '2023-03-26 16:03:47'),
(1450, 105, 112, 'image', 'http://192.168.0.37:3001/images/105_2023-03-26_160347.png', '2023-03-26 16:03:47'),
(1451, 105, 112, 'recommend', '[Response]  Hello !', '2023-03-26 16:03:48'),
(1452, 107, 1, 'text', '我想看喜剧电影', '2023-03-26 16:16:55'),
(1453, 108, 1, 'text', 'I would like to watch a fantasy movie.', '2023-03-26 16:17:04'),
(1454, 107, 114, 'text', '[Recommend]:\n两杆大烟枪\n', '2023-03-26 16:18:14'),
(1455, 107, 114, 'image', 'https://upload.wikimedia.org/wikipedia/zh/2/2f/Lock,_Stock_and_Two_Smoking_Barrels.jpg', '2023-03-26 16:18:14'),
(1456, 107, 114, 'recommend', '[Response]:\n了 ， 你 知 道 吗 ？ 我 知 道 大 家 都 在 看 ， 看 完 之 后 好 困 惑 了 ， 想 要 看 了', '2023-03-26 16:18:15'),
(1457, 81, 88, 'text', '[Recommend]:\n两杆大烟枪\n', '2023-03-26 16:19:20'),
(1458, 81, 88, 'image', 'https://upload.wikimedia.org/wikipedia/zh/2/2f/Lock,_Stock_and_Two_Smoking_Barrels.jpg', '2023-03-26 16:19:20'),
(1459, 81, 88, 'recommend', '[Response]:\n才 能 知 道 大 家 都 在 看 ， 为 什 么 打 打 完 了 都 分 分 钟 想 打 完 了 呢 ？', '2023-03-26 16:19:21'),
(1460, 80, 87, 'text', '[Recommend] Funny Games (1997 film)', '2023-03-26 16:19:28'),
(1461, 80, 87, 'image', 'http://192.168.0.37:3001/images/80_2023-03-26_161929.png', '2023-03-26 16:19:29'),
(1462, 80, 87, 'recommend', '[Response]  what kind of movies do you like to see ?', '2023-03-26 16:19:35'),
(1463, 80, 87, 'text', '[Recommend] The Greatest Show on Earth (film)', '2023-03-26 16:19:53'),
(1464, 80, 87, 'image', 'http://192.168.0.37:3001/images/80_2023-03-26_161955.png', '2023-03-26 16:19:55'),
(1465, 80, 87, 'recommend', '[Response]  I like that one too !', '2023-03-26 16:19:57'),
(1466, 80, 87, 'text', '[Recommend] Come Drink with Me', '2023-03-26 16:20:02'),
(1467, 80, 87, 'image', 'http://192.168.0.37:3001/images/80_2023-03-26_162003.png', '2023-03-26 16:20:03'),
(1468, 80, 87, 'recommend', '[Response]  I have never seen that one !', '2023-03-26 16:20:07'),
(1469, 80, 87, 'text', '[Recommend] Ip Man 2', '2023-03-26 16:20:20'),
(1470, 80, 87, 'image', 'http://192.168.0.37:3001/images/80_2023-03-26_162021.png', '2023-03-26 16:20:21'),
(1471, 80, 87, 'recommend', '[Response]  I have never heard of that one !', '2023-03-26 16:20:23'),
(1472, 80, 87, 'text', '[Recommend] Remains (film)', '2023-03-26 16:20:25'),
(1473, 80, 87, 'image', 'http://192.168.0.37:3001/images/80_2023-03-26_162025.png', '2023-03-26 16:20:25'),
(1474, 80, 87, 'recommend', '[Response]  i \'ve never heard of that one !', '2023-03-26 16:20:27'),
(1475, 80, 87, 'text', '[Recommend] Super 8 (film)', '2023-03-26 16:20:29'),
(1476, 80, 87, 'image', 'http://192.168.0.37:3001/images/80_2023-03-26_162030.png', '2023-03-26 16:20:30'),
(1477, 80, 87, 'recommend', '[Response]  I have not seen that one !', '2023-03-26 16:20:33'),
(1478, 80, 87, 'text', '[Recommend] Jumanji (2017 sequel)', '2023-03-26 16:35:04'),
(1479, 80, 87, 'image', 'http://192.168.0.37:3001/images/80_2023-03-26_163505.png', '2023-03-26 16:35:05'),
(1480, 80, 87, 'recommend', '[Response]  this is really fun watching an action comedy you spelled an actor and sorry assistance !', '2023-03-26 16:35:08'),
(1481, 80, 87, 'text', '[Recommend] Pitch Perfect', '2023-03-26 16:36:43'),
(1482, 80, 87, 'image', 'http://192.168.0.37:3001/images/80_2023-03-26_163644.png', '2023-03-26 16:36:44'),
(1483, 80, 87, 'recommend', '[Response]  Have you seen this with Tina Fey ?', '2023-03-26 16:36:47'),
(1484, 80, 87, 'text', '[Recommend] Liar Liar', '2023-03-26 16:37:22'),
(1485, 80, 87, 'image', 'http://192.168.0.37:3001/images/80_2023-03-26_163723.png', '2023-03-26 16:37:23'),
(1486, 80, 87, 'recommend', '[Response]  I have n\'t seen that one . I \'ll watch anything to watch with my suggestions .', '2023-03-26 16:37:25'),
(1487, 80, 87, 'text', '[Recommend] DodgeBall: A True Underdog Story', '2023-03-26 16:38:18'),
(1488, 80, 87, 'image', 'http://192.168.0.37:3001/images/80_2023-03-26_163820.png', '2023-03-26 16:38:20'),
(1489, 80, 87, 'recommend', '[Response]  I hope you enjoy watching it !', '2023-03-26 16:38:21'),
(1490, 80, 87, 'text', '[Recommend] Mike and Dave Need Wedding Dates', '2023-03-26 16:38:38'),
(1491, 80, 87, 'image', 'http://192.168.0.37:3001/images/80_2023-03-26_163842.png', '2023-03-26 16:38:42'),
(1492, 80, 87, 'recommend', '[Response]  You too !', '2023-03-26 16:38:43'),
(1493, 80, 87, 'text', '[Recommend] Pixels (2015 film)', '2023-03-26 16:38:53'),
(1494, 80, 87, 'image', 'http://192.168.0.37:3001/images/80_2023-03-26_163854.png', '2023-03-26 16:38:54'),
(1495, 80, 87, 'recommend', '[Response]  You too !', '2023-03-26 16:38:56'),
(1496, 80, 87, 'text', '[Recommend] Spy (2015 film)', '2023-03-26 16:38:58'),
(1497, 80, 87, 'image', 'http://192.168.0.37:3001/images/80_2023-03-26_163859.png', '2023-03-26 16:38:59'),
(1498, 80, 87, 'recommend', '[Response]  You too !', '2023-03-26 16:39:01'),
(1499, 78, 85, 'text', '[Recommend] The Internship', '2023-03-26 16:39:14'),
(1500, 78, 85, 'image', 'http://192.168.0.37:3001/images/78_2023-03-26_163916.png', '2023-03-26 16:39:16'),
(1501, 78, 85, 'recommend', '[Response]  You too !', '2023-03-26 16:39:18'),
(1502, 78, 85, 'text', '[Recommend] Home Alone', '2023-03-26 16:39:22'),
(1503, 78, 85, 'image', 'http://192.168.0.37:3001/images/78_2023-03-26_163923.png', '2023-03-26 16:39:23'),
(1504, 78, 85, 'recommend', '[Response]  You too !', '2023-03-26 16:39:27'),
(1505, 78, 85, 'text', '[Recommend] Trainwreck (film)', '2023-03-26 16:39:40'),
(1506, 78, 85, 'image', 'http://192.168.0.37:3001/images/78_2023-03-26_163942.png', '2023-03-26 16:39:42'),
(1507, 78, 85, 'recommend', '[Response]  You too !', '2023-03-26 16:39:43'),
(1508, 77, 84, 'text', '[Recommend] Stripes (film)', '2023-03-26 16:39:46'),
(1509, 77, 84, 'image', 'http://192.168.0.37:3001/images/77_2023-03-26_163947.png', '2023-03-26 16:39:47'),
(1510, 77, 84, 'recommend', '[Response]  You too !', '2023-03-26 16:39:49'),
(1511, 76, 83, 'text', '[Recommend] The Campaign (film)', '2023-03-26 16:39:51'),
(1512, 76, 83, 'image', 'http://192.168.0.37:3001/images/76_2023-03-26_163952.png', '2023-03-26 16:39:52'),
(1513, 76, 83, 'recommend', '[Response]  I hope you enjoy it ! Have a great night !', '2023-03-26 16:39:54'),
(1514, 74, 81, 'text', '[Recommend] There\'s Something About Mary', '2023-03-26 16:40:02'),
(1515, 74, 81, 'image', 'http://192.168.0.37:3001/images/74_2023-03-26_164003.png', '2023-03-26 16:40:03'),
(1516, 74, 81, 'recommend', '[Response]  You too !', '2023-03-26 16:40:04'),
(1517, 74, 81, 'text', '[Recommend] The Do-Over', '2023-03-26 16:40:06'),
(1518, 74, 81, 'image', 'http://192.168.0.37:3001/images/74_2023-03-26_164009.png', '2023-03-26 16:40:09'),
(1519, 74, 81, 'recommend', '[Response]  You too !', '2023-03-26 16:40:10'),
(1520, 74, 81, 'text', '[Recommend] Think Like a Man', '2023-03-26 16:40:13'),
(1521, 74, 81, 'image', 'http://192.168.0.37:3001/images/74_2023-03-26_164015.png', '2023-03-26 16:40:15'),
(1522, 74, 81, 'recommend', '[Response]  You too !', '2023-03-26 16:40:16'),
(1523, 74, 81, 'text', '[Recommend] Rush Hour (film series)', '2023-03-26 16:40:19'),
(1524, 74, 81, 'image', 'http://192.168.0.37:3001/images/74_2023-03-26_164020.png', '2023-03-26 16:40:20'),
(1525, 74, 81, 'recommend', '[Response]  You too ! Bye !', '2023-03-26 16:40:21'),
(1526, 74, 81, 'text', '[Recommend] Just Go with It', '2023-03-26 16:40:36'),
(1527, 74, 81, 'image', 'http://192.168.0.37:3001/images/74_2023-03-26_164037.png', '2023-03-26 16:40:37'),
(1528, 74, 81, 'recommend', '[Response]  You too !', '2023-03-26 16:40:41'),
(1529, 74, 81, 'text', '[Recommend] Old School (film)', '2023-03-26 16:40:56'),
(1530, 74, 81, 'image', 'http://192.168.0.37:3001/images/74_2023-03-26_164058.png', '2023-03-26 16:40:58'),
(1531, 74, 81, 'recommend', '[Response]  You too !', '2023-03-26 16:40:59'),
(1532, 74, 81, 'text', '[Recommend] The Hangover Part II', '2023-03-26 16:41:06'),
(1533, 74, 81, 'image', 'http://192.168.0.37:3001/images/74_2023-03-26_164107.png', '2023-03-26 16:41:07'),
(1534, 74, 81, 'recommend', '[Response]  You too !', '2023-03-26 16:41:09'),
(1535, 74, 81, 'text', '[Recommend] Shaun of the Dead', '2023-03-26 16:41:22'),
(1536, 74, 81, 'image', 'http://192.168.0.37:3001/images/74_2023-03-26_164123.png', '2023-03-26 16:41:23'),
(1537, 74, 81, 'recommend', '[Response]  You too !', '2023-03-26 16:41:31'),
(1538, 74, 81, 'text', '[Recommend] Hot Fuzz', '2023-03-26 16:41:46'),
(1539, 74, 81, 'image', 'http://192.168.0.37:3001/images/74_2023-03-26_164146.png', '2023-03-26 16:41:46'),
(1540, 74, 81, 'recommend', '[Response]  You too !', '2023-03-26 16:41:48'),
(1541, 74, 81, 'text', '[Recommend] Night at the Museum (film series)', '2023-03-26 16:41:50'),
(1542, 74, 81, 'image', 'http://192.168.0.37:3001/images/74_2023-03-26_164203.png', '2023-03-26 16:42:03'),
(1543, 74, 81, 'recommend', '[Response]  You too !', '2023-03-26 16:42:04'),
(1544, 74, 81, 'text', '[Recommend] 50 First Dates', '2023-03-26 16:42:06'),
(1545, 74, 81, 'image', 'http://192.168.0.37:3001/images/74_2023-03-26_164208.png', '2023-03-26 16:42:08'),
(1546, 74, 81, 'recommend', '[Response]  You too !', '2023-03-26 16:42:09'),
(1547, 74, 81, 'text', '[Recommend] Jack (1996 film)', '2023-03-26 16:42:11'),
(1548, 74, 81, 'image', 'http://192.168.0.37:3001/images/74_2023-03-26_164213.png', '2023-03-26 16:42:13'),
(1549, 74, 81, 'recommend', '[Response]  you too ! bye !', '2023-03-26 16:42:16'),
(1550, 73, 80, 'text', '[Recommend]:\n两杆大烟枪\n', '2023-03-26 16:42:20'),
(1551, 73, 80, 'image', 'https://upload.wikimedia.org/wikipedia/zh/2/2f/Lock,_Stock_and_Two_Smoking_Barrels.jpg', '2023-03-26 16:42:20'),
(1552, 73, 80, 'recommend', '[Response]:\n了 ， 你 知 道 吗 ？ 我 知 道 大 家 都 在 看 ， 看 完 之 后 好 困 惑 了 ， 想 要 看 了', '2023-03-26 16:42:21'),
(1553, 72, 79, 'text', '[Recommend] Blended (film)', '2023-03-26 16:42:28'),
(1554, 72, 79, 'image', 'http://192.168.0.37:3001/images/72_2023-03-26_164229.png', '2023-03-26 16:42:29'),
(1555, 72, 79, 'recommend', '[Response]  You too !', '2023-03-26 16:42:30'),
(1556, 71, 78, 'text', '[Recommend] Ace Ventura: Pet Detective', '2023-03-26 16:42:32'),
(1557, 71, 78, 'image', 'http://192.168.0.37:3001/images/71_2023-03-26_164234.png', '2023-03-26 16:42:34'),
(1558, 71, 78, 'recommend', '[Response]  you too', '2023-03-26 16:42:35'),
(1559, 70, 77, 'text', '[Recommend] Jumanji', '2023-03-26 16:42:37'),
(1560, 70, 77, 'image', 'http://192.168.0.37:3001/images/70_2023-03-26_164238.png', '2023-03-26 16:42:38'),
(1561, 70, 77, 'recommend', '[Response]  You too !', '2023-03-26 16:42:40'),
(1562, 6, 10, 'text', '[Recommend] The Pink Panther (2006 film)', '2023-03-26 16:42:53'),
(1563, 6, 10, 'image', 'http://192.168.0.37:3001/images/6_2023-03-26_164254.png', '2023-03-26 16:42:54'),
(1564, 6, 10, 'recommend', '[Response]  You too !', '2023-03-26 16:42:55'),
(1565, 6, 10, 'text', '[Recommend]:\n两杆大烟枪\n', '2023-03-26 16:43:02'),
(1566, 6, 10, 'image', 'https://upload.wikimedia.org/wikipedia/zh/2/2f/Lock,_Stock_and_Two_Smoking_Barrels.jpg', '2023-03-26 16:43:02'),
(1567, 6, 10, 'recommend', '[Response]:\n看 一 下 分 析 才 能 鉴 定 一 切 ， 才 想 回 去 ！', '2023-03-26 16:43:02'),
(1568, 69, 76, 'text', '[Recommend] Bad Boys (1995 film)', '2023-03-26 16:43:11'),
(1569, 69, 76, 'image', 'http://192.168.0.37:3001/images/69_2023-03-26_164311.png', '2023-03-26 16:43:11'),
(1570, 69, 76, 'recommend', '[Response]  You too !', '2023-03-26 16:43:15'),
(1571, 68, 75, 'text', '[Recommend]:\n两杆大烟枪\n', '2023-03-26 17:26:41'),
(1572, 68, 75, 'image', 'https://upload.wikimedia.org/wikipedia/zh/2/2f/Lock,_Stock_and_Two_Smoking_Barrels.jpg', '2023-03-26 17:26:42'),
(1573, 68, 75, 'recommend', '[Response]:\n了 ， 你 知 道 吗 ？ 我 知 道 大 家 都 在 看 ， 看 完 之 后 好 困 惑 了 ， 想 要 看 了', '2023-03-26 17:26:42'),
(1574, 66, 73, 'text', '[Recommend] Jumanji (2017 sequel)', '2023-03-26 17:26:46'),
(1575, 66, 73, 'image', 'http://192.168.0.37:3001/images/66_2023-03-26_172647.png', '2023-03-26 17:26:47'),
(1576, 66, 73, 'recommend', '[Response]  Hello !', '2023-03-26 17:26:54'),
(1577, 66, 73, 'text', '[Recommend] Jack and Jill (2011 film)', '2023-03-26 17:26:56'),
(1578, 66, 73, 'image', 'http://192.168.0.37:3001/images/66_2023-03-26_172657.png', '2023-03-26 17:26:57'),
(1579, 66, 73, 'recommend', '[Response]  ok great i will watch tonight i hoped you like this', '2023-03-26 17:26:59'),
(1580, 54, 57, 'text', '[Recommend]:\n两杆大烟枪\n', '2023-03-26 17:27:05'),
(1581, 54, 57, 'image', 'https://upload.wikimedia.org/wikipedia/zh/2/2f/Lock,_Stock_and_Two_Smoking_Barrels.jpg', '2023-03-26 17:27:05'),
(1582, 54, 57, 'recommend', '[Response]:\n才 能 知 道 大 家 都 在 看 ， 为 什 么 打 打 完 了 都 分 分 钟 想 打 完 了 呢 ？', '2023-03-26 17:27:08'),
(1583, 54, 57, 'text', '[Recommend] Dirty Grandpa', '2023-03-26 17:27:13'),
(1584, 54, 57, 'image', 'http://192.168.0.37:3001/images/54_2023-03-26_172713.png', '2023-03-26 17:27:13'),
(1585, 54, 57, 'recommend', '[Response]  ok i will add that i hope you have a great day goodbye', '2023-03-26 17:27:15'),
(1586, 54, 57, 'text', '[Recommend] Rush Hour (film series)', '2023-03-26 17:27:25'),
(1587, 54, 57, 'image', 'http://192.168.0.37:3001/images/54_2023-03-26_172725.png', '2023-03-26 17:27:25'),
(1588, 54, 57, 'recommend', '[Response]  you too', '2023-03-26 17:27:26'),
(1589, 54, 57, 'text', '[Recommend] Zookeeper (film)', '2023-03-26 17:27:28'),
(1590, 54, 57, 'image', 'http://192.168.0.37:3001/images/54_2023-03-26_172730.png', '2023-03-26 17:27:30'),
(1591, 54, 57, 'recommend', '[Response]  you too', '2023-03-26 17:27:31'),
(1592, 54, 57, 'text', '[Recommend] Pixels (2015 film)', '2023-03-26 17:27:33'),
(1593, 54, 57, 'image', 'http://192.168.0.37:3001/images/54_2023-03-26_172734.png', '2023-03-26 17:27:34'),
(1594, 54, 57, 'recommend', '[Response]  I will have to watch that one !', '2023-03-26 17:27:35'),
(1595, 54, 57, 'text', '[Recommend]:\n两杆大烟枪\n', '2023-03-26 17:27:37'),
(1596, 54, 57, 'image', 'https://upload.wikimedia.org/wikipedia/zh/2/2f/Lock,_Stock_and_Two_Smoking_Barrels.jpg', '2023-03-26 17:27:38'),
(1597, 54, 57, 'recommend', '[Response]:\n都 在 看 ， 但 是 看 的 时 候 都 在 看 ， 因 为 我 打 分 是 因 为 我 觉 得 我 看 到 了', '2023-03-26 17:27:39'),
(1598, 54, 57, 'text', '[Recommend] Norbit', '2023-03-26 17:27:43'),
(1599, 54, 57, 'image', 'http://192.168.0.37:3001/images/54_2023-03-26_172744.png', '2023-03-26 17:27:44'),
(1600, 54, 57, 'recommend', '[Response]  you too ! goodbye', '2023-03-26 17:27:47'),
(1601, 54, 57, 'text', '[Recommend] Wild Hogs', '2023-03-26 17:27:51'),
(1602, 54, 57, 'image', 'http://192.168.0.37:3001/images/54_2023-03-26_172753.png', '2023-03-26 17:27:53'),
(1603, 54, 57, 'recommend', '[Response]  You too !', '2023-03-26 17:27:56'),
(1604, 48, 55, 'text', '[Recommend] Elf (film)', '2023-03-26 17:28:05'),
(1605, 48, 55, 'image', 'http://192.168.0.37:3001/images/48_2023-03-26_172808.png', '2023-03-26 17:28:08'),
(1606, 48, 55, 'recommend', '[Response]  you too goodbye', '2023-03-26 17:28:15'),
(1607, 48, 55, 'text', '[Recommend] License to Wed', '2023-03-26 17:28:23'),
(1608, 48, 55, 'image', 'http://192.168.0.37:3001/images/48_2023-03-26_172824.png', '2023-03-26 17:28:24'),
(1609, 48, 55, 'recommend', '[Response]  you too bye', '2023-03-26 17:28:25'),
(1610, 48, 54, 'text', '[Recommend] Naughty Professor', '2023-03-26 17:28:31'),
(1611, 48, 54, 'image', 'http://192.168.0.37:3001/images/48_2023-03-26_172833.png', '2023-03-26 17:28:33'),
(1612, 48, 54, 'recommend', '[Response]  You too !', '2023-03-26 17:28:35'),
(1613, 47, 53, 'text', '[Recommend] Harry and the Hendersons', '2023-03-26 17:28:37'),
(1614, 47, 53, 'image', 'http://192.168.0.37:3001/images/47_2023-03-26_172838.png', '2023-03-26 17:28:38'),
(1615, 47, 53, 'recommend', '[Response]  You too ! Bye !', '2023-03-26 17:28:39'),
(1616, 42, 48, 'text', '[Recommend] Test (film)', '2023-03-26 17:28:41'),
(1617, 42, 48, 'image', 'http://192.168.0.37:3001/images/42_2023-03-26_172843.png', '2023-03-26 17:28:43'),
(1618, 42, 48, 'recommend', '[Response]  You too !', '2023-03-26 17:28:47'),
(1619, 42, 48, 'text', '[Recommend] Garfield Gets Real', '2023-03-26 17:28:49'),
(1620, 42, 48, 'text', '[Recommend] Jumanji (2017 sequel)', '2023-03-26 17:29:11'),
(1621, 42, 48, 'image', 'http://192.168.0.37:3001/images/42_2023-03-26_172912.png', '2023-03-26 17:29:12'),
(1622, 42, 48, 'recommend', '[Response]  Hello ! What about this Hello ?', '2023-03-26 17:29:14'),
(1623, 45, 52, 'text', '[Recommend] Pitch Perfect', '2023-03-26 17:29:16'),
(1624, 45, 52, 'image', 'http://192.168.0.37:3001/images/45_2023-03-26_172917.png', '2023-03-26 17:29:17'),
(1625, 45, 52, 'recommend', '[Response]  Hi ! I \'m doing well ! What about terror movies do you should watch this morning ?', '2023-03-26 17:29:18'),
(1626, 45, 52, 'text', '[Recommend] Liar Liar', '2023-03-26 17:30:10'),
(1627, 45, 52, 'image', 'http://192.168.0.37:3001/images/45_2023-03-26_173010.png', '2023-03-26 17:30:10'),
(1628, 45, 52, 'recommend', '[Response]  Have you seen this', '2023-03-26 17:30:11'),
(1629, 44, 51, 'text', '[Recommend] DodgeBall: A True Underdog Story', '2023-03-26 17:30:13'),
(1630, 44, 51, 'image', 'http://192.168.0.37:3001/images/44_2023-03-26_173014.png', '2023-03-26 17:30:14'),
(1631, 44, 51, 'recommend', '[Response]  I have n\'t seen that one . I \'ve heard of that one . I \'ve heard good things about this I \'ll have to watch it ! I', '2023-03-26 17:30:15'),
(1632, 43, 49, 'text', '[Recommend] Mike and Dave Need Wedding Dates', '2023-03-26 17:30:44'),
(1633, 43, 49, 'image', 'http://192.168.0.37:3001/images/43_2023-03-26_173047.png', '2023-03-26 17:30:47'),
(1634, 43, 49, 'recommend', '[Response]  You too !', '2023-03-26 17:30:48'),
(1635, 43, 49, 'text', '[Recommend] Pixels (2015 film)', '2023-03-26 17:31:01'),
(1636, 43, 49, 'image', 'http://192.168.0.37:3001/images/43_2023-03-26_173102.png', '2023-03-26 17:31:02'),
(1637, 43, 49, 'recommend', '[Response]  You too !', '2023-03-26 17:31:03'),
(1638, 43, 49, 'text', '[Recommend] Spy (2015 film)', '2023-03-26 17:31:05'),
(1639, 43, 49, 'image', 'http://192.168.0.37:3001/images/43_2023-03-26_173106.png', '2023-03-26 17:31:06'),
(1640, 43, 49, 'recommend', '[Response]  You too ! bye !', '2023-03-26 17:31:07'),
(1641, 109, 1, 'text', 'hi', '2023-03-26 20:55:57'),
(1642, 109, 116, 'text', '[Recommend] Jumanji (2017 sequel)', '2023-03-26 20:56:00'),
(1643, 109, 116, 'image', 'http://192.168.0.37:3001/images/109_2023-03-26_205601.png', '2023-03-26 20:56:01'),
(1644, 109, 116, 'recommend', '[Response]  Hi !', '2023-03-26 20:56:03');

-- --------------------------------------------------------

--
-- Table structure for table `user`
--

CREATE TABLE `user` (
  `id` int NOT NULL,
  `username` varchar(255) DEFAULT NULL,
  `email` text,
  `password` text
) ENGINE=InnoDB DEFAULT CHARSET=utf8mb4 COLLATE=utf8mb4_0900_ai_ci;

--
-- Dumping data for table `user`
--

INSERT INTO `user` (`id`, `username`, `email`, `password`) VALUES
(1, 'Jacky B', 'test@test.com', '123456'),
(2, 'SystemUser10173', 'SystemUser10173@crs.com', '123456'),
(3, 'SystemUser28509', 'SystemUser28509@crs.com', '123456'),
(4, 'SystemUser57717', 'SystemUser57717@crs.com', '123456'),
(5, 'SystemUser95106', 'SystemUser95106@crs.com', '123456'),
(6, 'SystemUser76284', 'SystemUser76284@crs.com', '123456'),
(7, 'ABC', 'abc@abc.com', '12345'),
(8, '1234', 'test123@test.com', '123456'),
(9, 'Test', 'test31@test.com', '123456'),
(10, 'SystemUser61005', 'SystemUser61005@crs.com', '123456'),
(11, 'test1', 'test1@test.com', '123456'),
(12, 'Test333', 'test3@test.com', '123456'),
(13, 'SystemUser50414', 'SystemUser50414@crs.com', '123456'),
(14, 'SystemUser67570', 'SystemUser67570@crs.com', '123456'),
(15, 'SystemUser41221', 'SystemUser41221@crs.com', '123456'),
(16, 'SystemUser84696', 'SystemUser84696@crs.com', '123456'),
(17, 'SystemUser15671', 'SystemUser15671@crs.com', '123456'),
(18, 'SystemUser20419', 'SystemUser20419@crs.com', '123456'),
(19, 'SystemUser47618', 'SystemUser47618@crs.com', '123456'),
(20, 'SystemUser90175', 'SystemUser90175@crs.com', '123456'),
(21, 'SystemUser61754', 'SystemUser61754@crs.com', '123456'),
(22, 'SystemUser77036', 'SystemUser77036@crs.com', '123456'),
(23, 'SystemUser58191', 'SystemUser58191@crs.com', '123456'),
(24, 'SystemUser56709', 'SystemUser56709@crs.com', '123456'),
(25, 'SystemUser78889', 'SystemUser78889@crs.com', '123456'),
(26, 'SystemUser74082', 'SystemUser74082@crs.com', '123456'),
(27, 'SystemUser15189', 'SystemUser15189@crs.com', '123456'),
(28, 'SystemUser25996', 'SystemUser25996@crs.com', '123456'),
(29, 'SystemUser97066', 'SystemUser97066@crs.com', '123456'),
(30, 'SystemUser34628', 'SystemUser34628@crs.com', '123456'),
(31, 'SystemUser38183', 'SystemUser38183@crs.com', '123456'),
(32, 'SystemUser73175', 'SystemUser73175@crs.com', '123456'),
(33, 'SystemUser15955', 'SystemUser15955@crs.com', '123456'),
(34, 'SystemUser52968', 'SystemUser52968@crs.com', '123456'),
(35, 'SystemUser9906', 'SystemUser9906@crs.com', '123456'),
(36, 'SystemUser11862', 'SystemUser11862@crs.com', '123456'),
(37, 'SystemUser33556', 'SystemUser33556@crs.com', '123456'),
(38, 'SystemUser82509', 'SystemUser82509@crs.com', '123456'),
(39, 'SystemUser17249', 'SystemUser17249@crs.com', '123456'),
(40, 'SystemUser58287', 'SystemUser58287@crs.com', '123456'),
(41, 'SystemUser92057', 'SystemUser92057@crs.com', '123456'),
(42, 'SystemUser75585', 'SystemUser75585@crs.com', '123456'),
(43, 'SystemUser15029', 'SystemUser15029@crs.com', '123456'),
(44, 'SystemUser97769', 'SystemUser97769@crs.com', '123456'),
(45, 'SystemUser80318', 'SystemUser80318@crs.com', '123456'),
(46, 'SystemUser80864', 'SystemUser80864@crs.com', '123456'),
(47, 'SystemUser31516', 'SystemUser31516@crs.com', '123456'),
(48, 'SystemUser341', 'SystemUser341@crs.com', '123456'),
(49, 'SystemUser15304', 'SystemUser15304@crs.com', '123456'),
(50, 'SystemUser23527', 'SystemUser23527@crs.com', '123456'),
(51, 'SystemUser25164', 'SystemUser25164@crs.com', '123456'),
(52, 'SystemUser26966', 'SystemUser26966@crs.com', '123456'),
(53, 'SystemUser49500', 'SystemUser49500@crs.com', '123456'),
(54, 'SystemUser7776', 'SystemUser7776@crs.com', '123456'),
(55, 'SystemUser84077', 'SystemUser84077@crs.com', '123456'),
(56, 'SystemUser90431', 'SystemUser90431@crs.com', '123456'),
(57, 'SystemUser98920', 'SystemUser98920@crs.com', '123456'),
(58, 'SystemUser14899', 'SystemUser14899@crs.com', '123456'),
(59, 'SystemUser33364', 'SystemUser33364@crs.com', '123456'),
(60, 'SystemUser17895', 'SystemUser17895@crs.com', '123456'),
(61, 'SystemUser62601', 'SystemUser62601@crs.com', '123456'),
(62, 'SystemUser38849', 'SystemUser38849@crs.com', '123456'),
(63, 'SystemUser34827', 'SystemUser34827@crs.com', '123456'),
(64, 'SystemUser87683', 'SystemUser87683@crs.com', '123456'),
(65, 'SystemUser59811', 'SystemUser59811@crs.com', '123456'),
(66, 'SystemUser69354', 'SystemUser69354@crs.com', '123456'),
(67, 'SystemUser62831', 'SystemUser62831@crs.com', '123456'),
(68, 'SystemUser13788', 'SystemUser13788@crs.com', '123456'),
(69, 'SystemUser60681', 'SystemUser60681@crs.com', '123456'),
(70, 'SystemUser3317', 'SystemUser3317@crs.com', '123456'),
(71, 'SystemUser39901', 'SystemUser39901@crs.com', '123456'),
(72, 'SystemUser15464', 'SystemUser15464@crs.com', '123456'),
(73, 'SystemUser87694', 'SystemUser87694@crs.com', '123456'),
(74, 'SystemUser87442', 'SystemUser87442@crs.com', '123456'),
(75, 'SystemUser50741', 'SystemUser50741@crs.com', '123456'),
(76, 'SystemUser8040', 'SystemUser8040@crs.com', '123456'),
(77, 'SystemUser81184', 'SystemUser81184@crs.com', '123456'),
(78, 'SystemUser66409', 'SystemUser66409@crs.com', '123456'),
(79, 'SystemUser9152', 'SystemUser9152@crs.com', '123456'),
(80, 'SystemUser42625', 'SystemUser42625@crs.com', '123456'),
(81, 'SystemUser46096', 'SystemUser46096@crs.com', '123456'),
(82, 'SystemUser28365', 'SystemUser28365@crs.com', '123456'),
(83, 'SystemUser48221', 'SystemUser48221@crs.com', '123456'),
(84, 'SystemUser68610', 'SystemUser68610@crs.com', '123456'),
(85, 'SystemUser49180', 'SystemUser49180@crs.com', '123456'),
(86, 'SystemUser87149', 'SystemUser87149@crs.com', '123456'),
(87, 'SystemUser58738', 'SystemUser58738@crs.com', '123456'),
(88, 'SystemUser52655', 'SystemUser52655@crs.com', '123456'),
(89, 'SystemUser16046', 'SystemUser16046@crs.com', '123456'),
(90, 'SystemUser63980', 'SystemUser63980@crs.com', '123456'),
(91, 'SystemUser36558', 'SystemUser36558@crs.com', '123456'),
(92, 'SystemUser12525', 'SystemUser12525@crs.com', '123456'),
(93, 'SystemUser10447', 'SystemUser10447@crs.com', '123456'),
(94, 'SystemUser93540', 'SystemUser93540@crs.com', '123456'),
(95, 'SystemUser53071', 'SystemUser53071@crs.com', '123456'),
(96, 'SystemUser32210', 'SystemUser32210@crs.com', '123456'),
(97, 'SystemUser91478', 'SystemUser91478@crs.com', '123456'),
(98, 'SystemUser85046', 'SystemUser85046@crs.com', '123456'),
(99, 'SystemUser79705', 'SystemUser79705@crs.com', '123456'),
(100, 'SystemUser35562', 'SystemUser35562@crs.com', '123456'),
(101, 'SystemUser61079', 'SystemUser61079@crs.com', '123456'),
(102, 'SystemUser81880', 'SystemUser81880@crs.com', '123456'),
(103, 'SystemUser97594', 'SystemUser97594@crs.com', '123456'),
(104, 'SystemUser60437', 'SystemUser60437@crs.com', '123456'),
(105, 'SystemUser2480', 'SystemUser2480@crs.com', '123456'),
(106, 'SystemUser15504', 'SystemUser15504@crs.com', '123456'),
(107, 'SystemUser8937', 'SystemUser8937@crs.com', '123456'),
(108, 'SystemUser34129', 'SystemUser34129@crs.com', '123456'),
(109, 'SystemUser18475', 'SystemUser18475@crs.com', '123456'),
(110, 'SystemUser55830', 'SystemUser55830@crs.com', '123456'),
(111, 'SystemUser58356', 'SystemUser58356@crs.com', '123456'),
(112, 'SystemUser3853', 'SystemUser3853@crs.com', '123456'),
(113, 'CRS Recommender99959', 'CRS Recommender99959@crs.com', '123456'),
(114, 'CRS Recommender 58259', 'CRS Recommender 58259@crs.com', '123456'),
(115, 'CRS Recommender 20756', 'CRS Recommender 20756@crs.com', '123456'),
(116, 'Movie Recommender 7202', 'Movie Recommender 7202@crs.com', '123456'),
(117, 'Movie Recommender 89274', 'Movie Recommender 89274@crs.com', '123456');

--
-- Indexes for dumped tables
--

--
-- Indexes for table `chat`
--
ALTER TABLE `chat`
  ADD PRIMARY KEY (`id`);

--
-- Indexes for table `extractEntity`
--
ALTER TABLE `extractEntity`
  ADD PRIMARY KEY (`id`);

--
-- Indexes for table `extractWord`
--
ALTER TABLE `extractWord`
  ADD PRIMARY KEY (`id`);

--
-- Indexes for table `input_queue`
--
ALTER TABLE `input_queue`
  ADD PRIMARY KEY (`id`);

--
-- Indexes for table `message`
--
ALTER TABLE `message`
  ADD PRIMARY KEY (`id`);

--
-- Indexes for table `user`
--
ALTER TABLE `user`
  ADD PRIMARY KEY (`id`);

--
-- AUTO_INCREMENT for dumped tables
--

--
-- AUTO_INCREMENT for table `chat`
--
ALTER TABLE `chat`
  MODIFY `id` int NOT NULL AUTO_INCREMENT, AUTO_INCREMENT=111;

--
-- AUTO_INCREMENT for table `extractEntity`
--
ALTER TABLE `extractEntity`
  MODIFY `id` int NOT NULL AUTO_INCREMENT, AUTO_INCREMENT=635;

--
-- AUTO_INCREMENT for table `extractWord`
--
ALTER TABLE `extractWord`
  MODIFY `id` int NOT NULL AUTO_INCREMENT, AUTO_INCREMENT=662;

--
-- AUTO_INCREMENT for table `input_queue`
--
ALTER TABLE `input_queue`
  MODIFY `id` int NOT NULL AUTO_INCREMENT, AUTO_INCREMENT=452;

--
-- AUTO_INCREMENT for table `message`
--
ALTER TABLE `message`
  MODIFY `id` int NOT NULL AUTO_INCREMENT, AUTO_INCREMENT=1645;

--
-- AUTO_INCREMENT for table `user`
--
ALTER TABLE `user`
  MODIFY `id` int NOT NULL AUTO_INCREMENT, AUTO_INCREMENT=118;
COMMIT;

/*!40101 SET CHARACTER_SET_CLIENT=@OLD_CHARACTER_SET_CLIENT */;
/*!40101 SET CHARACTER_SET_RESULTS=@OLD_CHARACTER_SET_RESULTS */;
/*!40101 SET COLLATION_CONNECTION=@OLD_COLLATION_CONNECTION */;
